candidate_id,edge_id,src,dst,value_eth,timestamp_utc,depth,tx_hash,pre_t0_valid
Q01,Q01-0x4206d6-in-1666565951,0x4d9079bb4165aeb4084c526a32695dcfd2f77381,0x4206d62305d2815494dcdb759c4e32fca1d181a0,138.6572,2022-10-23T22:59:11Z,0,,true
Q01,Q01-0x4d9079-in-1666077191,0x0d95b1091466af8f30806a2141994e0480562392,0x4d9079bb4165aeb4084c526a32695dcfd2f77381,15.995,2022-10-18T07:13:11Z,0,,true
Q01,Q01-0x4d9079-in-1666285811,0x57f32c3c2c83d6f7316217cc71bfd0d93f634a97,0x4d9079bb4165aeb4084c526a32695dcfd2f77381,12.4291,2022-10-20T17:10:11Z,0,,true
Q01,Q01-0x4d9079-in-1666292099,0x57f32c3c2c83d6f7316217cc71bfd0d93f634a97,0x4d9079bb4165aeb4084c526a32695dcfd2f77381,11.8148,2022-10-20T18:54:59Z,0,,true
Q01,Q01-0x4d9079-in-1666312475,0x20eadfcaf91bd98674ff8fc341d148e1731576a4,0x4d9079bb4165aeb4084c526a32695dcfd2f77381,25.0,2022-10-21T00:34:35Z,0,,true
Q01,Q01-0x4d9079-in-1666357235,0x1010fc0729fa0ab048b9eddc1372ef42c0b99b8a,0x4d9079bb4165aeb4084c526a32695dcfd2f77381,12.0,2022-10-21T13:00:35Z,0,,true
Q01,Q01-0x4d9079-in-1666517483,0xd2bc2c11b7b62b142512cc5c2368c709477ebdcb,0x4d9079bb4165aeb4084c526a32695dcfd2f77381,34.0,2022-10-23T09:31:23Z,0,,true
Q01,Q01-0x4d9079-in-1666545047,0x25d9d6f36fb3773b98284624e2a58c0cb3c98cd4,0x4d9079bb4165aeb4084c526a32695dcfd2f77381,20.0,2022-10-23T17:10:47Z,0,,true
Q01,Q01-0x0d95b1-in-1666077071,0xa7efae728d2936e78bda97dc267687568dd593f3,0x0d95b1091466af8f30806a2141994e0480562392,15.9994,2022-10-18T07:11:11Z,0,,true
Q01,Q01-0x57f32c-in-1666285715,0x58f56615180a8eea4c462235d9e215f72484b4a3,0x57f32c3c2c83d6f7316217cc71bfd0d93f634a97,12.4291,2022-10-20T17:08:35Z,0,,true
Q01,Q01-0x57f32c-in-1666291991,0x58f56615180a8eea4c462235d9e215f72484b4a3,0x57f32c3c2c83d6f7316217cc71bfd0d93f634a97,11.8148,2022-10-20T18:53:11Z,0,,true
Q01,Q01-0x20eadf-in-1666219247,0x7a250d5630b4cf539739df2c5dacb4c659f2488d,0x20eadfcaf91bd98674ff8fc341d148e1731576a4,90.414,2022-10-19T22:40:47Z,0,,true
Q01,Q01-0x20eadf-in-1666219979,0x68b3465833fb72a70ecdf485e0e4c7bd8665fc45,0x20eadfcaf91bd98674ff8fc341d148e1731576a4,91.5967,2022-10-19T22:52:59Z,0,,true
Q01,Q01-0x20eadf-in-1666224011,0x4d9079bb4165aeb4084c526a32695dcfd2f77381,0x20eadfcaf91bd98674ff8fc341d148e1731576a4,43.9754,2022-10-20T00:00:11Z,0,,true
Q01,Q01-0x20eadf-in-1666312379,0xc02aaa39b223fe8d0a0e5c4f27ead9083c756cc2,0x20eadfcaf91bd98674ff8fc341d148e1731576a4,25.0905,2022-10-21T00:32:59Z,0,,true
Q01,Q01-0x1010fc-in-1666357067,0x4d9079bb4165aeb4084c526a32695dcfd2f77381,0x1010fc0729fa0ab048b9eddc1372ef42c0b99b8a,11.9914,2022-10-21T12:57:47Z,0,,true
Q01,Q01-0xd2bc2c-in-1666222127,0xeffc18fc3b7eb8e676dac549e0c693ad50d1ce31,0xd2bc2c11b7b62b142512cc5c2368c709477ebdcb,98.0188,2022-10-19T23:28:47Z,0,,true
Q01,Q01-0xd2bc2c-in-1666515191,0x4d9079bb4165aeb4084c526a32695dcfd2f77381,0xd2bc2c11b7b62b142512cc5c2368c709477ebdcb,44.9762,2022-10-23T08:53:11Z,0,,true
Q02,Q02-0xdf31f4-in-1665750767,0x1111111254fb6c44bac0bed2854e76f90643097d,0xdf31f4c8dc9548eb4c416af26dc396a25fde4d5f,268.8138,2022-10-14T12:32:47Z,0,,true
Q03,Q03-0xe746c9-in-1778586527,0x5dd2958e4c39ad6059a39cf99cd2db5929c18b51,0xe746c9043aa0106853c5e4380a9a307fe385378e,48.5446,2026-05-12T11:48:47Z,0,,true
Q03,Q03-0xe746c9-in-1778585855,0xd78d199f8c402e7b5cc2abe278df0412400a3bae,0xe746c9043aa0106853c5e4380a9a307fe385378e,75.4803,2026-05-12T11:37:35Z,0,,true
Q03,Q03-0x5dd295-in-1778576639,0xe7351fd770a37282b91d153ee690b63579d6dd7f,0x5dd2958e4c39ad6059a39cf99cd2db5929c18b51,48.5447,2026-05-12T09:03:59Z,0,,true
Q03,Q03-0xd78d19-in-1778050787,0xa54dc4425190570cb5c841adf445bbecf3b249f5,0xd78d199f8c402e7b5cc2abe278df0412400a3bae,17.0093,2026-05-06T06:59:47Z,0,,true
Q03,Q03-0xd78d19-in-1778243063,0xa54dc4425190570cb5c841adf445bbecf3b249f5,0xd78d199f8c402e7b5cc2abe278df0412400a3bae,10.8751,2026-05-08T12:24:23Z,0,,true
Q03,Q03-0xd78d19-in-1778268707,0xa54dc4425190570cb5c841adf445bbecf3b249f5,0xd78d199f8c402e7b5cc2abe278df0412400a3bae,22.7635,2026-05-08T19:31:47Z,0,,true
Q03,Q03-0xd78d19-in-1778344823,0xa54dc4425190570cb5c841adf445bbecf3b249f5,0xd78d199f8c402e7b5cc2abe278df0412400a3bae,21.7837,2026-05-09T16:40:23Z,0,,true
Q03,Q03-0xd78d19-in-1778472599,0xa54dc4425190570cb5c841adf445bbecf3b249f5,0xd78d199f8c402e7b5cc2abe278df0412400a3bae,17.1613,2026-05-11T04:09:59Z,0,,true
Q03,Q03-0xe7351f-in-1778049359,0x555ce236c0220695b68341bc48c68d52210cc35b,0xe7351fd770a37282b91d153ee690b63579d6dd7f,16.3704,2026-05-06T06:35:59Z,0,,true
Q03,Q03-0xe7351f-in-1778068571,0x555ce236c0220695b68341bc48c68d52210cc35b,0xe7351fd770a37282b91d153ee690b63579d6dd7f,16.5202,2026-05-06T11:56:11Z,0,,true
Q03,Q03-0xe7351f-in-1778123303,0x555ce236c0220695b68341bc48c68d52210cc35b,0xe7351fd770a37282b91d153ee690b63579d6dd7f,10.7108,2026-05-07T03:08:23Z,0,,true
Q03,Q03-0xe7351f-in-1778155319,0x555ce236c0220695b68341bc48c68d52210cc35b,0xe7351fd770a37282b91d153ee690b63579d6dd7f,30.2158,2026-05-07T12:01:59Z,0,,true
Q03,Q03-0xe7351f-in-1778193767,0x555ce236c0220695b68341bc48c68d52210cc35b,0xe7351fd770a37282b91d153ee690b63579d6dd7f,23.1814,2026-05-07T22:42:47Z,0,,true
Q03,Q03-0xe7351f-in-1778276879,0x555ce236c0220695b68341bc48c68d52210cc35b,0xe7351fd770a37282b91d153ee690b63579d6dd7f,21.5324,2026-05-08T21:47:59Z,0,,true
Q03,Q03-0xe7351f-in-1778435027,0x555ce236c0220695b68341bc48c68d52210cc35b,0xe7351fd770a37282b91d153ee690b63579d6dd7f,59.9506,2026-05-10T17:43:47Z,0,,true
Q03,Q03-0xe7351f-in-1778441231,0x555ce236c0220695b68341bc48c68d52210cc35b,0xe7351fd770a37282b91d153ee690b63579d6dd7f,12.9896,2026-05-10T19:27:11Z,0,,true
Q03,Q03-0xe7351f-in-1778515199,0x555ce236c0220695b68341bc48c68d52210cc35b,0xe7351fd770a37282b91d153ee690b63579d6dd7f,11.6889,2026-05-11T15:59:59Z,0,,true
Q03,Q03-0xe7351f-in-1778524103,0x555ce236c0220695b68341bc48c68d52210cc35b,0xe7351fd770a37282b91d153ee690b63579d6dd7f,15.0879,2026-05-11T18:28:23Z,0,,true
Q03,Q03-0xe7351f-in-1778530595,0x555ce236c0220695b68341bc48c68d52210cc35b,0xe7351fd770a37282b91d153ee690b63579d6dd7f,14.988,2026-05-11T20:16:35Z,0,,true
Q03,Q03-0xe7351f-in-1778576639,0x555ce236c0220695b68341bc48c68d52210cc35b,0xe7351fd770a37282b91d153ee690b63579d6dd7f,48.5447,2026-05-12T09:03:59Z,0,,true
Q03,Q03-0xa54dc4-in-1778053415,0x28c6c06298d514db089934071355e5743bf21d60,0xa54dc4425190570cb5c841adf445bbecf3b249f5,18.9998,2026-05-06T07:43:35Z,0,,true
Q03,Q03-0xa54dc4-in-1778271635,0x9696f59e4d72e237be84ffd425dcad154bf96976,0xa54dc4425190570cb5c841adf445bbecf3b249f5,20.9998,2026-05-08T20:20:35Z,0,,true
Q03,Q03-0xa54dc4-in-1778338355,0x56eddb7aa87536c09ccc2793473599fd21a8b17f,0xa54dc4425190570cb5c841adf445bbecf3b249f5,10.9999,2026-05-09T14:52:35Z,0,,true
Q03,Q03-0xa54dc4-in-1778346155,0xdfd5293d8e347dfe59e90efd55b2956a1343963d,0xa54dc4425190570cb5c841adf445bbecf3b249f5,11.9999,2026-05-09T17:02:35Z,0,,true
Q03,Q03-0xa54dc4-in-1778573351,0x56eddb7aa87536c09ccc2793473599fd21a8b17f,0xa54dc4425190570cb5c841adf445bbecf3b249f5,10.9999,2026-05-12T08:09:11Z,0,,true
Q03,Q03-0xa54dc4-in-1778057087,0xbf5f3f65102ae745a48bd521d10bab5bf02a9ef4,0xa54dc4425190570cb5c841adf445bbecf3b249f5,12.9984,2026-05-06T08:44:47Z,0,,true
Q03,Q03-0xa54dc4-in-1778094383,0xc02aaa39b223fe8d0a0e5c4f27ead9083c756cc2,0xa54dc4425190570cb5c841adf445bbecf3b249f5,11.8966,2026-05-06T19:06:23Z,0,,true
Q03,Q03-0xa54dc4-in-1778116415,0xbf5f3f65102ae745a48bd521d10bab5bf02a9ef4,0xa54dc4425190570cb5c841adf445bbecf3b249f5,10.9984,2026-05-07T01:13:35Z,0,,true
Q03,Q03-0xa54dc4-in-1778127107,0xbf5f3f65102ae745a48bd521d10bab5bf02a9ef4,0xa54dc4425190570cb5c841adf445bbecf3b249f5,10.9984,2026-05-07T04:11:47Z,0,,true
Q03,Q03-0xa54dc4-in-1778141807,0xc02aaa39b223fe8d0a0e5c4f27ead9083c756cc2,0xa54dc4425190570cb5c841adf445bbecf3b249f5,12.6928,2026-05-07T08:16:47Z,0,,true
Q03,Q03-0xa54dc4-in-1778158331,0xbf5f3f65102ae745a48bd521d10bab5bf02a9ef4,0xa54dc4425190570cb5c841adf445bbecf3b249f5,10.9976,2026-05-07T12:52:11Z,0,,true
Q03,Q03-0xa54dc4-in-1778212691,0xc02aaa39b223fe8d0a0e5c4f27ead9083c756cc2,0xa54dc4425190570cb5c841adf445bbecf3b249f5,11.0,2026-05-08T03:58:11Z,0,,true
Q03,Q03-0xa54dc4-in-1778226575,0xbf5f3f65102ae745a48bd521d10bab5bf02a9ef4,0xa54dc4425190570cb5c841adf445bbecf3b249f5,10.9984,2026-05-08T07:49:35Z,0,,true
Q03,Q03-0xa54dc4-in-1778332439,0xbf5f3f65102ae745a48bd521d10bab5bf02a9ef4,0xa54dc4425190570cb5c841adf445bbecf3b249f5,11.9983,2026-05-09T13:13:59Z,0,,true
Q03,Q03-0xa54dc4-in-1778345927,0xbf5f3f65102ae745a48bd521d10bab5bf02a9ef4,0xa54dc4425190570cb5c841adf445bbecf3b249f5,23.9983,2026-05-09T16:58:47Z,0,,true
Q03,Q03-0xa54dc4-in-1778391599,0xbf5f3f65102ae745a48bd521d10bab5bf02a9ef4,0xa54dc4425190570cb5c841adf445bbecf3b249f5,11.9983,2026-05-10T05:39:59Z,0,,true
Q03,Q03-0xa54dc4-in-1778401487,0xbf5f3f65102ae745a48bd521d10bab5bf02a9ef4,0xa54dc4425190570cb5c841adf445bbecf3b249f5,10.9983,2026-05-10T08:24:47Z,0,,true
Q03,Q03-0xa54dc4-in-1778413067,0xbf5f3f65102ae745a48bd521d10bab5bf02a9ef4,0xa54dc4425190570cb5c841adf445bbecf3b249f5,11.9983,2026-05-10T11:37:47Z,0,,true
Q03,Q03-0xa54dc4-in-1778438939,0xbf5f3f65102ae745a48bd521d10bab5bf02a9ef4,0xa54dc4425190570cb5c841adf445bbecf3b249f5,19.9983,2026-05-10T18:48:59Z,0,,true
Q03,Q03-0xa54dc4-in-1778472839,0xbf5f3f65102ae745a48bd521d10bab5bf02a9ef4,0xa54dc4425190570cb5c841adf445bbecf3b249f5,15.9983,2026-05-11T04:13:59Z,0,,true
Q03,Q03-0xa54dc4-in-1778473739,0xbf5f3f65102ae745a48bd521d10bab5bf02a9ef4,0xa54dc4425190570cb5c841adf445bbecf3b249f5,22.9983,2026-05-11T04:28:59Z,0,,true
Q03,Q03-0xa54dc4-in-1778502239,0xbf5f3f65102ae745a48bd521d10bab5bf02a9ef4,0xa54dc4425190570cb5c841adf445bbecf3b249f5,10.9983,2026-05-11T12:23:59Z,0,,true
Q03,Q03-0xa54dc4-in-1778535779,0xc02aaa39b223fe8d0a0e5c4f27ead9083c756cc2,0xa54dc4425190570cb5c841adf445bbecf3b249f5,16.0515,2026-05-11T21:42:59Z,0,,true
Q03,Q03-0xa54dc4-in-1778553719,0xc02aaa39b223fe8d0a0e5c4f27ead9083c756cc2,0xa54dc4425190570cb5c841adf445bbecf3b249f5,10.9027,2026-05-12T02:41:59Z,0,,true
Q03,Q03-0xa54dc4-in-1778573675,0xbf5f3f65102ae745a48bd521d10bab5bf02a9ef4,0xa54dc4425190570cb5c841adf445bbecf3b249f5,11.9959,2026-05-12T08:14:35Z,0,,true
Q03,Q03-0xa54dc4-in-1778575751,0xc02aaa39b223fe8d0a0e5c4f27ead9083c756cc2,0xa54dc4425190570cb5c841adf445bbecf3b249f5,12.0,2026-05-12T08:49:11Z,0,,true
Q03,Q03-0xa54dc4-in-1778578631,0xc02aaa39b223fe8d0a0e5c4f27ead9083c756cc2,0xa54dc4425190570cb5c841adf445bbecf3b249f5,13.0,2026-05-12T09:37:11Z,0,,true
Q03,Q03-0xa54dc4-in-1778580647,0xbf5f3f65102ae745a48bd521d10bab5bf02a9ef4,0xa54dc4425190570cb5c841adf445bbecf3b249f5,11.9983,2026-05-12T10:10:47Z,0,,true
Q03,Q03-0xa54dc4-in-1778586311,0xc02aaa39b223fe8d0a0e5c4f27ead9083c756cc2,0xa54dc4425190570cb5c841adf445bbecf3b249f5,10.0,2026-05-12T11:45:11Z,0,,true
Q03,Q03-0xa54dc4-in-1778593427,0xc02aaa39b223fe8d0a0e5c4f27ead9083c756cc2,0xa54dc4425190570cb5c841adf445bbecf3b249f5,10.0,2026-05-12T13:43:47Z,0,,true
Q03,Q03-0xa54dc4-in-1778600915,0xc02aaa39b223fe8d0a0e5c4f27ead9083c756cc2,0xa54dc4425190570cb5c841adf445bbecf3b249f5,10.0,2026-05-12T15:48:35Z,0,,true
Q03,Q03-0xa54dc4-in-1778606915,0xc02aaa39b223fe8d0a0e5c4f27ead9083c756cc2,0xa54dc4425190570cb5c841adf445bbecf3b249f5,10.0,2026-05-12T17:28:35Z,0,,true
Q03,Q03-0xa54dc4-in-1778617007,0xbf5f3f65102ae745a48bd521d10bab5bf02a9ef4,0xa54dc4425190570cb5c841adf445bbecf3b249f5,10.9983,2026-05-12T20:16:47Z,0,,true
Q03,Q03-0xa54dc4-in-1778628215,0xc02aaa39b223fe8d0a0e5c4f27ead9083c756cc2,0xa54dc4425190570cb5c841adf445bbecf3b249f5,10.0,2026-05-12T23:23:35Z,0,,true
Q03,Q03-0xa54dc4-in-1778630795,0xc02aaa39b223fe8d0a0e5c4f27ead9083c756cc2,0xa54dc4425190570cb5c841adf445bbecf3b249f5,11.0,2026-05-13T00:06:35Z,0,,true
Q04,Q04-0x698109-in-1687561667,0x5427fefa711eff984124bfbb1ab6fbf5e3da1820,0x69810917928b80636178b1bb011c746efe61770d,99.6782,2023-06-23T23:07:47Z,0,,true
Q04,Q04-0x698109-in-1687561847,0x5427fefa711eff984124bfbb1ab6fbf5e3da1820,0x69810917928b80636178b1bb011c746efe61770d,25.9524,2023-06-23T23:10:47Z,0,,true
Q04,Q04-0x5427fe-in-1687001555,0x8c31b2689d13dc41653a3db881ebf94af83525c6,0x5427fefa711eff984124bfbb1ab6fbf5e3da1820,14.3,2023-06-17T11:32:35Z,0,,true
Q04,Q04-0x5427fe-in-1687015811,0x0a5e1db3671faccd146404925bda5c59929f66c3,0x5427fefa711eff984124bfbb1ab6fbf5e3da1820,97.948,2023-06-17T15:30:11Z,0,,true
Q04,Q04-0x5427fe-in-1687041419,0x5fd25f1339e8f03920b4f54df1f4014aef8d293b,0x5427fefa711eff984124bfbb1ab6fbf5e3da1820,10.95,2023-06-17T22:36:59Z,0,,true
Q04,Q04-0x5427fe-in-1687088819,0xdc7f7228fd071807c5120573af12bbe0c5ce87a4,0x5427fefa711eff984124bfbb1ab6fbf5e3da1820,13.4625,2023-06-18T11:46:59Z,0,,true
Q04,Q04-0x5427fe-in-1687142819,0x0a5e1db3671faccd146404925bda5c59929f66c3,0x5427fefa711eff984124bfbb1ab6fbf5e3da1820,123.5891,2023-06-19T02:46:59Z,0,,true
Q04,Q04-0x5427fe-in-1687223423,0x0a5e1db3671faccd146404925bda5c59929f66c3,0x5427fefa711eff984124bfbb1ab6fbf5e3da1820,141.8074,2023-06-20T01:10:23Z,0,,true
Q04,Q04-0x5427fe-in-1687365503,0x0a5e1db3671faccd146404925bda5c59929f66c3,0x5427fefa711eff984124bfbb1ab6fbf5e3da1820,100.5246,2023-06-21T16:38:23Z,0,,true
Q04,Q04-0x5427fe-in-1687409279,0x5dffb97792ff5f1f728dc560fec28e420b6fd9e6,0x5427fefa711eff984124bfbb1ab6fbf5e3da1820,15.4,2023-06-22T04:47:59Z,0,,true
Q04,Q04-0x5427fe-in-1687420787,0xabf0f7bd0dc8ce44b084b4b66b8db97f1b9ce419,0x5427fefa711eff984124bfbb1ab6fbf5e3da1820,19.5,2023-06-22T07:59:47Z,0,,true
Q04,Q04-0x5427fe-in-1687446791,0xdf8b92cf1d72f064d80469b87aef9855ff25ebdc,0x5427fefa711eff984124bfbb1ab6fbf5e3da1820,12.2059,2023-06-22T15:13:11Z,0,,true
Q04,Q04-0x5427fe-in-1687529783,0x0a5e1db3671faccd146404925bda5c59929f66c3,0x5427fefa711eff984124bfbb1ab6fbf5e3da1820,139.9175,2023-06-23T14:16:23Z,0,,true
Q04,Q04-0x8c31b2-in-1687001471,0xdf9eb223bafbe5c5271415c75aecd68c21fe3d7f,0x8c31b2689d13dc41653a3db881ebf94af83525c6,14.0,2023-06-17T11:31:11Z,0,,true
Q04,Q04-0x0a5e1d-in-1687015655,0xdfd5293d8e347dfe59e90efd55b2956a1343963d,0x0a5e1db3671faccd146404925bda5c59929f66c3,97.9488,2023-06-17T15:27:35Z,0,,true
Q04,Q04-0x0a5e1d-in-1687140575,0x4976a4a02f38326660d17bf34b431dc6e2eb2327,0x0a5e1db3671faccd146404925bda5c59929f66c3,98.5376,2023-06-19T02:09:35Z,0,,true
Q04,Q04-0x0a5e1d-in-1687222451,0xdfd5293d8e347dfe59e90efd55b2956a1343963d,0x0a5e1db3671faccd146404925bda5c59929f66c3,141.8081,2023-06-20T00:54:11Z,0,,true
Q04,Q04-0x0a5e1d-in-1687365431,0x9696f59e4d72e237be84ffd425dcad154bf96976,0x0a5e1db3671faccd146404925bda5c59929f66c3,100.5252,2023-06-21T16:37:11Z,0,,true
Q04,Q04-0x0a5e1d-in-1687529699,0x21a31ee1afc51d94c2efccaa2092ad1028285549,0x0a5e1db3671faccd146404925bda5c59929f66c3,139.9209,2023-06-23T14:14:59Z,0,,true
Q04,Q04-0x0a5e1d-in-1687142771,0x8484ef722627bf18ca5ae6bcf031c23e6e922b30,0x0a5e1db3671faccd146404925bda5c59929f66c3,25.0562,2023-06-19T02:46:11Z,0,,true
Q04,Q04-0x5fd25f-in-1687040951,0x3fc91a3afd70395cd496c647d5a6cc9d4b2b7fad,0x5fd25f1339e8f03920b4f54df1f4014aef8d293b,10.95,2023-06-17T22:29:11Z,0,,true
Q04,Q04-0xdc7f72-in-1687022591,0x95a9bd206ae52c4ba8eecfc93d18eacdd41c88cc,0xdc7f7228fd071807c5120573af12bbe0c5ce87a4,13.4725,2023-06-17T17:23:11Z,0,,true
Q04,Q04-0x5dffb9-in-1687304231,0x267be1c1d684f78cb4f6a176c4911b741e4ffdc0,0x5dffb97792ff5f1f728dc560fec28e420b6fd9e6,16.7634,2023-06-20T23:37:11Z,0,,true
Q04,Q04-0x5dffb9-in-1687408511,0x267be1c1d684f78cb4f6a176c4911b741e4ffdc0,0x5dffb97792ff5f1f728dc560fec28e420b6fd9e6,15.36,2023-06-22T04:35:11Z,0,,true
Q04,Q04-0x5dffb9-in-1687009427,0x5427fefa711eff984124bfbb1ab6fbf5e3da1820,0x5dffb97792ff5f1f728dc560fec28e420b6fd9e6,14.8112,2023-06-17T13:43:47Z,0,,true
Q04,Q04-0xabf0f7-in-1687395779,0xc5a0a17eabbb0e64dcd567b5670c8c5d5c34128c,0xabf0f7bd0dc8ce44b084b4b66b8db97f1b9ce419,19.5713,2023-06-22T01:02:59Z,0,,true
Q04,Q04-0xdf8b92-in-1687444703,0xdb912ac8a976e13868e51f8f81ab4fcdc59e0f97,0xdf8b92cf1d72f064d80469b87aef9855ff25ebdc,12.2158,2023-06-22T14:38:23Z,0,,true
Q06,Q06-0xb68755-in-1665489359,0x68b3465833fb72a70ecdf485e0e4c7bd8665fc45,0xb687550842a24d7fbc6aad238fd7e0687ed59d55,19.3227,2022-10-11T11:55:59Z,0,,true
Q06,Q06-0xb68755-in-1665489407,0x68b3465833fb72a70ecdf485e0e4c7bd8665fc45,0xb687550842a24d7fbc6aad238fd7e0687ed59d55,36.596,2022-10-11T11:56:47Z,0,,true
Q06,Q06-0xb68755-in-1665494519,0x4315f344a905dc21a08189a117efd6e1fca37d57,0xb687550842a24d7fbc6aad238fd7e0687ed59d55,24.985,2022-10-11T13:21:59Z,0,,true
Q06,Q06-0xb68755-in-1665495311,0x4315f344a905dc21a08189a117efd6e1fca37d57,0xb687550842a24d7fbc6aad238fd7e0687ed59d55,12.4125,2022-10-11T13:35:11Z,0,,true
Q06,Q06-0x4315f3-in-1665494519,0x57ea46759fed1b47c200a9859e576239a941df76,0x4315f344a905dc21a08189a117efd6e1fca37d57,24.985,2022-10-11T13:21:59Z,0,,true
Q06,Q06-0x4315f3-in-1665495311,0x57ea46759fed1b47c200a9859e576239a941df76,0x4315f344a905dc21a08189a117efd6e1fca37d57,12.4125,2022-10-11T13:35:11Z,0,,true
Q07,Q07-0x364918-in-1737953411,0x9008d19f58aabd9ed0d60971565aa8510560ab41,0x36491840ebcf040413003df9fb65b6bc9a181f52,100.5489,2025-01-27T04:50:11Z,0,,true
Q09,Q09-0x1751e3-in-1647762760,0x7a250d5630b4cf539739df2c5dacb4c659f2488d,0x1751e3e1aaf1a3e7b973c889b7531f43fc59f7d0,90.3817,2022-03-20T07:52:40Z,0,,true
Q09,Q09-0x1751e3-in-1647762960,0x68b3465833fb72a70ecdf485e0e4c7bd8665fc45,0x1751e3e1aaf1a3e7b973c889b7531f43fc59f7d0,55.4171,2022-03-20T07:56:00Z,0,,true
Q11,Q11-0x5384b3-in-1777336139,0x0f7ae28de1c8532170ad4ee566b5801485c13a0e,0x5384b34c74024d6563b323351a4bbfa18432161b,21.7191,2026-04-28T00:28:59Z,0,,true
Q11,Q11-0x5384b3-in-1777336223,0x0f7ae28de1c8532170ad4ee566b5801485c13a0e,0x5384b34c74024d6563b323351a4bbfa18432161b,34.7397,2026-04-28T00:30:23Z,0,,true
Q11,Q11-0x5384b3-in-1777336307,0x0f7ae28de1c8532170ad4ee566b5801485c13a0e,0x5384b34c74024d6563b323351a4bbfa18432161b,21.8246,2026-04-28T00:31:47Z,0,,true
Q11,Q11-0x0f7ae2-in-1777336139,0xc02aaa39b223fe8d0a0e5c4f27ead9083c756cc2,0x0f7ae28de1c8532170ad4ee566b5801485c13a0e,21.7191,2026-04-28T00:28:59Z,0,,true
Q11,Q11-0x0f7ae2-in-1777336223,0xc02aaa39b223fe8d0a0e5c4f27ead9083c756cc2,0x0f7ae28de1c8532170ad4ee566b5801485c13a0e,34.7397,2026-04-28T00:30:23Z,0,,true
Q11,Q11-0x0f7ae2-in-1777336307,0xc02aaa39b223fe8d0a0e5c4f27ead9083c756cc2,0x0f7ae28de1c8532170ad4ee566b5801485c13a0e,21.8246,2026-04-28T00:31:47Z,0,,true
Q17,Q17-0xe66b37-in-1775419643,0x48880b3dd87638e5ea75905c3a150e8a3aa6cda9,0xe66b37de57b65691b9f4ac48de2c2b7be53c5c6f,50.1,2026-04-05T20:07:23Z,0,,true
Q17,Q17-0x48880b-in-1775001515,0x167d49f106bbea59587ef3c63b33e6a421af1b8d,0x48880b3dd87638e5ea75905c3a150e8a3aa6cda9,47.4388,2026-03-31T23:58:35Z,0,,true
Q17,Q17-0x167d49-in-1775001515,0xe772551f88e2c14aecc880df6b7cbd574561bf82,0x167d49f106bbea59587ef3c63b33e6a421af1b8d,47.4388,2026-03-31T23:58:35Z,0,,true
Q17,Q17-0x167d49-in-1775110667,0xe772551f88e2c14aecc880df6b7cbd574561bf82,0x167d49f106bbea59587ef3c63b33e6a421af1b8d,24.9465,2026-04-02T06:17:47Z,0,,true
Q18,Q18-0x631366-in-1705527071,0xae5919160a646f5d80d89f7aae35a2ca74738440,0x63136677355840f26c0695dd6de5c9e4f514f8e8,42.5534,2024-01-17T21:31:11Z,0,,true
Q18,Q18-0xae5919-in-1705527071,0x7a250d5630b4cf539739df2c5dacb4c659f2488d,0xae5919160a646f5d80d89f7aae35a2ca74738440,44.793,2024-01-17T21:31:11Z,0,,true
Q23,Q23-0x05324c-in-1703174375,0x4e5b2e1dc63f6b91cb6cd759936495434c7e972f,0x05324c970713450ba0bc12efd840034fcb0a4baa,11.5966,2023-12-21T15:59:35Z,0,,true
Q23,Q23-0x05324c-in-1703176523,0x00000000000000adc04c56bf30ac9d3c0aaf14dc,0x05324c970713450ba0bc12efd840034fcb0a4baa,10.2375,2023-12-21T16:35:23Z,0,,true
Q23,Q23-0x4e5b2e-in-1702591823,0x5281406a55d82356520f2194df1a284a8e723793,0x4e5b2e1dc63f6b91cb6cd759936495434c7e972f,10.0191,2023-12-14T22:10:23Z,0,,true
Q23,Q23-0x4e5b2e-in-1702596599,0x96f187cfd02de4051e9153e6d50b051f475a63fa,0x4e5b2e1dc63f6b91cb6cd759936495434c7e972f,35.9991,2023-12-14T23:29:59Z,0,,true
Q23,Q23-0x4e5b2e-in-1702598015,0xc9995327eae1c4e01ec176c4ae651a16770bb7b9,0x4e5b2e1dc63f6b91cb6cd759936495434c7e972f,17.2448,2023-12-14T23:53:35Z,0,,true
Q23,Q23-0x4e5b2e-in-1702598867,0x05d57d4ef12c14802c9b5b3c41ad4a54a6b34bec,0x4e5b2e1dc63f6b91cb6cd759936495434c7e972f,17.2708,2023-12-15T00:07:47Z,0,,true
Q23,Q23-0x4e5b2e-in-1702600175,0xc613f1e1c947ba3aaa04062b4892a34c85b1f851,0x4e5b2e1dc63f6b91cb6cd759936495434c7e972f,18.5983,2023-12-15T00:29:35Z,0,,true
Q23,Q23-0x4e5b2e-in-1702601351,0xa8450c6175b7398046ee25c096a22c1d14d9187e,0x4e5b2e1dc63f6b91cb6cd759936495434c7e972f,21.9992,2023-12-15T00:49:11Z,0,,true
Q23,Q23-0x4e5b2e-in-1702609967,0xff049c0912b82829524019507491b1d09b3d4f9f,0x4e5b2e1dc63f6b91cb6cd759936495434c7e972f,29.999,2023-12-15T03:12:47Z,0,,true
Q23,Q23-0x4e5b2e-in-1702610315,0x18d93f1cde3dc69cb1482fb4932c5f7dd6640b37,0x4e5b2e1dc63f6b91cb6cd759936495434c7e972f,19.9992,2023-12-15T03:18:35Z,0,,true
Q23,Q23-0x4e5b2e-in-1702612043,0xea0eb8f2fd6d8f978bca65770c03df0650a550b9,0x4e5b2e1dc63f6b91cb6cd759936495434c7e972f,29.9992,2023-12-15T03:47:23Z,0,,true
Q23,Q23-0x4e5b2e-in-1702624499,0xd995a263624e40108418092a7896e958883f1f12,0x4e5b2e1dc63f6b91cb6cd759936495434c7e972f,14.9989,2023-12-15T07:14:59Z,0,,true
Q23,Q23-0x4e5b2e-in-1702624739,0xa98df29c03d95b5236bfea1bc2db1b3edea70ee2,0x4e5b2e1dc63f6b91cb6cd759936495434c7e972f,19.999,2023-12-15T07:18:59Z,0,,true
Q23,Q23-0x4e5b2e-in-1702624931,0xb59d22158db47ea19cef4593f0ee6e9d350db262,0x4e5b2e1dc63f6b91cb6cd759936495434c7e972f,19.999,2023-12-15T07:22:11Z,0,,true
Q23,Q23-0x4e5b2e-in-1702625207,0xe18d80d0c0412d1e5c3d229e68756456eba7bb7a,0x4e5b2e1dc63f6b91cb6cd759936495434c7e972f,19.9991,2023-12-15T07:26:47Z,0,,true
Q23,Q23-0x4e5b2e-in-1702625471,0x19aadbb2d8e6dbbc305dd56b0471d0356983d6a4,0x4e5b2e1dc63f6b91cb6cd759936495434c7e972f,20.6691,2023-12-15T07:31:11Z,0,,true
Q23,Q23-0x4e5b2e-in-1702629371,0x5acc48f5c11238a73c8bbe8430ac5b9574426227,0x4e5b2e1dc63f6b91cb6cd759936495434c7e972f,21.5191,2023-12-15T08:36:11Z,0,,true
Q23,Q23-0x4e5b2e-in-1702630175,0xec33134758cad9ad332d6ac82c944be1fcdfbfe9,0x4e5b2e1dc63f6b91cb6cd759936495434c7e972f,16.999,2023-12-15T08:49:35Z,0,,true
Q23,Q23-0x4e5b2e-in-1702630415,0x903464a6755908f21e4a1d137b80c8417c96d98f,0x4e5b2e1dc63f6b91cb6cd759936495434c7e972f,20.1191,2023-12-15T08:53:35Z,0,,true
Q23,Q23-0x4e5b2e-in-1702634927,0x834e4de84b0323c028265de631172ac4a91a731d,0x4e5b2e1dc63f6b91cb6cd759936495434c7e972f,12.999,2023-12-15T10:08:47Z,0,,true
Q23,Q23-0x4e5b2e-in-1702639547,0xfba6280110bb9b97e036809f0fc16034bbe897a9,0x4e5b2e1dc63f6b91cb6cd759936495434c7e972f,17.7092,2023-12-15T11:25:47Z,0,,true
Q23,Q23-0x4e5b2e-in-1702657499,0x09b7132fc6ad260d1ffb51cd455bf56bb5daf215,0x4e5b2e1dc63f6b91cb6cd759936495434c7e972f,10.0808,2023-12-15T16:24:59Z,0,,true
Q23,Q23-0x4e5b2e-in-1702660463,0x1cd16800a41533f9ac2031c0ad2a1e577f8122b7,0x4e5b2e1dc63f6b91cb6cd759936495434c7e972f,20.1329,2023-12-15T17:14:23Z,0,,true
Q23,Q23-0x4e5b2e-in-1702663871,0xdbbc1889e3ba437cf48f9a872511156ec036df9a,0x4e5b2e1dc63f6b91cb6cd759936495434c7e972f,12.9986,2023-12-15T18:11:11Z,0,,true
Q23,Q23-0x4e5b2e-in-1702665179,0x1981d9652b453777ee5212fb4da5eeb703a588c1,0x4e5b2e1dc63f6b91cb6cd759936495434c7e972f,14.9988,2023-12-15T18:32:59Z,0,,true
Q23,Q23-0x4e5b2e-in-1702688267,0x5e0b80a0286c1c007f4568443e07f78496acbc66,0x4e5b2e1dc63f6b91cb6cd759936495434c7e972f,44.5991,2023-12-16T00:57:47Z,0,,true
Q23,Q23-0x4e5b2e-in-1702690499,0x4619800caeead811c2d9426ff14f836f99913269,0x4e5b2e1dc63f6b91cb6cd759936495434c7e972f,44.499,2023-12-16T01:34:59Z,0,,true
Q23,Q23-0x4e5b2e-in-1702703687,0x5f847aba3dafbea41babe907fc0a3a4cd985f5f8,0x4e5b2e1dc63f6b91cb6cd759936495434c7e972f,19.9989,2023-12-16T05:14:47Z,0,,true
Q23,Q23-0x4e5b2e-in-1702707719,0x26d00987105f69058f219ce3a2ffbe91d6b1f7b7,0x4e5b2e1dc63f6b91cb6cd759936495434c7e972f,44.4987,2023-12-16T06:21:59Z,0,,true
Q23,Q23-0x4e5b2e-in-1702709375,0xfef063d3d1621a200f7337dcf90361a0fcfa5397,0x4e5b2e1dc63f6b91cb6cd759936495434c7e972f,44.499,2023-12-16T06:49:35Z,0,,true
Q23,Q23-0x4e5b2e-in-1702717355,0x740902cc485cd2b7d3dcd7433c11d052e3d7a1b0,0x4e5b2e1dc63f6b91cb6cd759936495434c7e972f,13.9991,2023-12-16T09:02:35Z,0,,true
Q23,Q23-0x4e5b2e-in-1702765235,0x7baeffa74f69ed22e195f917c08741d2115cf17d,0x4e5b2e1dc63f6b91cb6cd759936495434c7e972f,13.9991,2023-12-16T22:20:35Z,0,,true
Q23,Q23-0x4e5b2e-in-1702774859,0x161ab87f5f8ac88443609fc119263f276f44a7b4,0x4e5b2e1dc63f6b91cb6cd759936495434c7e972f,21.9993,2023-12-17T01:00:59Z,0,,true
Q23,Q23-0x4e5b2e-in-1702774907,0x6f03199d9943d5005877361f26c8a628ca3390e4,0x4e5b2e1dc63f6b91cb6cd759936495434c7e972f,22.2993,2023-12-17T01:01:47Z,0,,true
Q23,Q23-0x4e5b2e-in-1702830851,0x41aa4c6de71b5cd0d4a28fc789fa08506d72f621,0x4e5b2e1dc63f6b91cb6cd759936495434c7e972f,25.7418,2023-12-17T16:34:11Z,0,,true
Q23,Q23-0x4e5b2e-in-1702833611,0x861abaef86b905c568df35b6a06cb27c899fe7ce,0x4e5b2e1dc63f6b91cb6cd759936495434c7e972f,14.9991,2023-12-17T17:20:11Z,0,,true
Q23,Q23-0x4e5b2e-in-1702833803,0x835784142cf69070903228c702a2f794af01e266,0x4e5b2e1dc63f6b91cb6cd759936495434c7e972f,14.999,2023-12-17T17:23:23Z,0,,true
Q23,Q23-0x4e5b2e-in-1702838111,0xf81953016679f4c62b61d7a3e926c2402f69737b,0x4e5b2e1dc63f6b91cb6cd759936495434c7e972f,43.8992,2023-12-17T18:35:11Z,0,,true
Q23,Q23-0x4e5b2e-in-1702840751,0xeeb1803ff4cd8cf480b9b777d772038492e74f3b,0x4e5b2e1dc63f6b91cb6cd759936495434c7e972f,14.9993,2023-12-17T19:19:11Z,0,,true
Q23,Q23-0x4e5b2e-in-1702841003,0x6e84031d8ec43aa6ab1d7427954ce23a079ae361,0x4e5b2e1dc63f6b91cb6cd759936495434c7e972f,14.9993,2023-12-17T19:23:23Z,0,,true
Q23,Q23-0x4e5b2e-in-1702841291,0xa740561d7995b58dfb6bc6821aff18d09173244c,0x4e5b2e1dc63f6b91cb6cd759936495434c7e972f,14.9993,2023-12-17T19:28:11Z,0,,true
Q23,Q23-0x4e5b2e-in-1702841399,0xeb1e59df2bd41e2edafb0e9cc61bbebd30d39c92,0x4e5b2e1dc63f6b91cb6cd759936495434c7e972f,14.9793,2023-12-17T19:29:59Z,0,,true
Q23,Q23-0x4e5b2e-in-1702874867,0xc4b5cd353dc326e4def41ced5103f3334775a212,0x4e5b2e1dc63f6b91cb6cd759936495434c7e972f,25.999,2023-12-18T04:47:47Z,0,,true
Q23,Q23-0x4e5b2e-in-1702874951,0x05be6b0e53bcf1f198abaf073fe0034d88f3785f,0x4e5b2e1dc63f6b91cb6cd759936495434c7e972f,25.9991,2023-12-18T04:49:11Z,0,,true
Q23,Q23-0x4e5b2e-in-1702875971,0xa092dbeee6e8ce88dcb5f74f14f0475ac1936ff2,0x4e5b2e1dc63f6b91cb6cd759936495434c7e972f,19.2191,2023-12-18T05:06:11Z,0,,true
Q23,Q23-0x4e5b2e-in-1702883411,0x986c7a1d03f38363086bdc07e0af12670936cd91,0x4e5b2e1dc63f6b91cb6cd759936495434c7e972f,21.9994,2023-12-18T07:10:11Z,0,,true
Q23,Q23-0x4e5b2e-in-1702884023,0xa092027684a089a527f8577991818860be695135,0x4e5b2e1dc63f6b91cb6cd759936495434c7e972f,44.9993,2023-12-18T07:20:23Z,0,,true
Q23,Q23-0x4e5b2e-in-1702886627,0xe657804ff44c3173a7e733220d8edda87c317ca7,0x4e5b2e1dc63f6b91cb6cd759936495434c7e972f,44.9993,2023-12-18T08:03:47Z,0,,true
Q23,Q23-0x4e5b2e-in-1702886771,0xc5c60770ed3f8ff6f6837cc5baabf9a06f2c966b,0x4e5b2e1dc63f6b91cb6cd759936495434c7e972f,44.9992,2023-12-18T08:06:11Z,0,,true
Q23,Q23-0x4e5b2e-in-1702886855,0xa092755b2a058688b58b184644ce8abf96fabb62,0x4e5b2e1dc63f6b91cb6cd759936495434c7e972f,44.9992,2023-12-18T08:07:35Z,0,,true
Q23,Q23-0x4e5b2e-in-1702886867,0xa211b4622b4e262638c331de5f64b4cab73b5cdc,0x4e5b2e1dc63f6b91cb6cd759936495434c7e972f,44.9992,2023-12-18T08:07:47Z,0,,true
Q23,Q23-0x4e5b2e-in-1702886975,0xd146e93f8fc39f82c3380be532b191b26b677fbc,0x4e5b2e1dc63f6b91cb6cd759936495434c7e972f,44.9992,2023-12-18T08:09:35Z,0,,true
Q23,Q23-0x4e5b2e-in-1702887107,0xe840f1a2f21ddf5404ae3b7a4f9968d2168bfc32,0x4e5b2e1dc63f6b91cb6cd759936495434c7e972f,44.9993,2023-12-18T08:11:47Z,0,,true
Q23,Q23-0x4e5b2e-in-1702887275,0x34659d1f7f11c59d8a088f16c6313f61a962f457,0x4e5b2e1dc63f6b91cb6cd759936495434c7e972f,44.9992,2023-12-18T08:14:35Z,0,,true
Q23,Q23-0x4e5b2e-in-1702887395,0x8e70be894966ec8bb7ef1d63486e1b1d8cc7e8da,0x4e5b2e1dc63f6b91cb6cd759936495434c7e972f,39.999,2023-12-18T08:16:35Z,0,,true
Q23,Q23-0x4e5b2e-in-1702903751,0x20de9dbac90d18aea0614ea233d0cf8831653acb,0x4e5b2e1dc63f6b91cb6cd759936495434c7e972f,13.8991,2023-12-18T12:49:11Z,0,,true
Q23,Q23-0x4e5b2e-in-1702907831,0x2a232c518c48706e9b1b3de119af3ebd29102f5b,0x4e5b2e1dc63f6b91cb6cd759936495434c7e972f,12.8277,2023-12-18T13:57:11Z,0,,true
Q23,Q23-0x4e5b2e-in-1702912487,0x5e18a82fbe3f74210db5f4feca95914c17d4906c,0x4e5b2e1dc63f6b91cb6cd759936495434c7e972f,10.2978,2023-12-18T15:14:47Z,0,,true
Q23,Q23-0x4e5b2e-in-1702914179,0xdd54f8d3c49b990331880f68531ac0a456612354,0x4e5b2e1dc63f6b91cb6cd759936495434c7e972f,11.8732,2023-12-18T15:42:59Z,0,,true
Q23,Q23-0x4e5b2e-in-1702915691,0x587e53a300cb8cc99f341f1818d5cec1f464084d,0x4e5b2e1dc63f6b91cb6cd759936495434c7e972f,11.8699,2023-12-18T16:08:11Z,0,,true
Q23,Q23-0x4e5b2e-in-1702917707,0x6b1b2e00587f8bed3e6fe227f097b6b2222b0205,0x4e5b2e1dc63f6b91cb6cd759936495434c7e972f,12.3524,2023-12-18T16:41:47Z,0,,true
Q23,Q23-0x4e5b2e-in-1702935575,0xa444ba03c9f9b1886440792cbdfe22befe227d3d,0x4e5b2e1dc63f6b91cb6cd759936495434c7e972f,16.8465,2023-12-18T21:39:35Z,0,,true
Q23,Q23-0x4e5b2e-in-1702937015,0x64dc7ddd16b38ddecdea0e83a8d1cd13acce49f9,0x4e5b2e1dc63f6b91cb6cd759936495434c7e972f,11.3099,2023-12-18T22:03:35Z,0,,true
Q23,Q23-0x4e5b2e-in-1702946195,0x872bfd1f49e1eff7556994bd71be2ea931982150,0x4e5b2e1dc63f6b91cb6cd759936495434c7e972f,17.999,2023-12-19T00:36:35Z,0,,true
Q23,Q23-0x4e5b2e-in-1702946579,0x7d8df3474c19132b28d2a0d13385716e08132e82,0x4e5b2e1dc63f6b91cb6cd759936495434c7e972f,19.999,2023-12-19T00:42:59Z,0,,true
Q23,Q23-0x4e5b2e-in-1702946759,0x6325aa7672bbb9b5ad829ddae4d3c88064aa5bba,0x4e5b2e1dc63f6b91cb6cd759936495434c7e972f,19.999,2023-12-19T00:45:59Z,0,,true
Q23,Q23-0x4e5b2e-in-1702946987,0x7be581bc30059006f85dc3948e0b898d7249677e,0x4e5b2e1dc63f6b91cb6cd759936495434c7e972f,19.9991,2023-12-19T00:49:47Z,0,,true
Q23,Q23-0x4e5b2e-in-1702947179,0xc3b636fd10e2589d37c7c04cd87573840dadea71,0x4e5b2e1dc63f6b91cb6cd759936495434c7e972f,19.999,2023-12-19T00:52:59Z,0,,true
Q23,Q23-0x4e5b2e-in-1702947407,0x208adf9f11a928bb67adcac6e70521891acddcd8,0x4e5b2e1dc63f6b91cb6cd759936495434c7e972f,19.999,2023-12-19T00:56:47Z,0,,true
Q23,Q23-0x4e5b2e-in-1702947623,0xc584f3799abc1e9f1273ce5cf313920ac7f8b94a,0x4e5b2e1dc63f6b91cb6cd759936495434c7e972f,19.999,2023-12-19T01:00:23Z,0,,true
Q23,Q23-0x4e5b2e-in-1702947815,0x7a03e51f1d395856ef5f6ef9e104ecf1623c1f5d,0x4e5b2e1dc63f6b91cb6cd759936495434c7e972f,20.499,2023-12-19T01:03:35Z,0,,true
Q23,Q23-0x4e5b2e-in-1702964555,0x7ecceaa64c79aeb9dd4cf2c907af015eee4a0a2f,0x4e5b2e1dc63f6b91cb6cd759936495434c7e972f,14.999,2023-12-19T05:42:35Z,0,,true
Q23,Q23-0x4e5b2e-in-1702964915,0x2e0c2197b8f0dd7baa79cdc19021fce582dae45c,0x4e5b2e1dc63f6b91cb6cd759936495434c7e972f,17.999,2023-12-19T05:48:35Z,0,,true
Q23,Q23-0x4e5b2e-in-1702972487,0x098de08277c5404a7517deae119e41bd4f60e5f5,0x4e5b2e1dc63f6b91cb6cd759936495434c7e972f,22.9991,2023-12-19T07:54:47Z,0,,true
Q23,Q23-0x4e5b2e-in-1702973111,0xcc0a70a36acb93ead7c25fd299d7b6111cd75e5c,0x4e5b2e1dc63f6b91cb6cd759936495434c7e972f,19.9989,2023-12-19T08:05:11Z,0,,true
Q23,Q23-0x4e5b2e-in-1702973375,0x7695663c9553458c82a9b130abe4d140e167859e,0x4e5b2e1dc63f6b91cb6cd759936495434c7e972f,30.999,2023-12-19T08:09:35Z,0,,true
Q23,Q23-0x4e5b2e-in-1702973375,0xa2c6a9a0453dd307cd469e5aea1fa5effdc58fc7,0x4e5b2e1dc63f6b91cb6cd759936495434c7e972f,19.999,2023-12-19T08:09:35Z,0,,true
Q23,Q23-0x4e5b2e-in-1702973675,0x791f4001549201aa88d5b918cb2d16e21fe91dea,0x4e5b2e1dc63f6b91cb6cd759936495434c7e972f,19.9989,2023-12-19T08:14:35Z,0,,true
Q23,Q23-0x4e5b2e-in-1702973687,0x4923d67f119fb05d02cc4811d3c657939d5ae4ea,0x4e5b2e1dc63f6b91cb6cd759936495434c7e972f,26.0989,2023-12-19T08:14:47Z,0,,true
Q23,Q23-0x4e5b2e-in-1702973999,0xc2a5016a4bcdd2c7dbd7fdcb7e321b5818ad623d,0x4e5b2e1dc63f6b91cb6cd759936495434c7e972f,19.999,2023-12-19T08:19:59Z,0,,true
Q23,Q23-0x4e5b2e-in-1702974143,0x5fd2bd7427ece9952ebf96f59349c8c870d59972,0x4e5b2e1dc63f6b91cb6cd759936495434c7e972f,12.6689,2023-12-19T08:22:23Z,0,,true
Q23,Q23-0x4e5b2e-in-1702979627,0xb42c0e843f2dc0ff46c15a8566a4e3d9c0db4a84,0x4e5b2e1dc63f6b91cb6cd759936495434c7e972f,12.9975,2023-12-19T09:53:47Z,0,,true
Q23,Q23-0x4e5b2e-in-1702981727,0xfa57b405ede541a1fa6c6c3cc550d622de77c188,0x4e5b2e1dc63f6b91cb6cd759936495434c7e972f,10.399,2023-12-19T10:28:47Z,0,,true
Q23,Q23-0x4e5b2e-in-1702985471,0xb7b8e2526cb05af27bfbaa2f734802ad734902d3,0x4e5b2e1dc63f6b91cb6cd759936495434c7e972f,19.999,2023-12-19T11:31:11Z,0,,true
Q23,Q23-0x4e5b2e-in-1702986155,0x1536b72203256d7959b3f93612fd378f47920c4d,0x4e5b2e1dc63f6b91cb6cd759936495434c7e972f,39.9989,2023-12-19T11:42:35Z,0,,true
Q23,Q23-0x4e5b2e-in-1702987067,0xe852ae10344011b57cee52d35efb8658b7598ab9,0x4e5b2e1dc63f6b91cb6cd759936495434c7e972f,39.9989,2023-12-19T11:57:47Z,0,,true
Q23,Q23-0x4e5b2e-in-1702988675,0x99018d8692a7b84f943412e71e269ed7f4dd8da0,0x4e5b2e1dc63f6b91cb6cd759936495434c7e972f,39.9989,2023-12-19T12:24:35Z,0,,true
Q23,Q23-0x4e5b2e-in-1702990955,0x0c4c5abdf1858ebbbafc358c9b3c7775f2d2be3b,0x4e5b2e1dc63f6b91cb6cd759936495434c7e972f,39.9988,2023-12-19T13:02:35Z,0,,true
Q23,Q23-0x4e5b2e-in-1702671395,0xc02aaa39b223fe8d0a0e5c4f27ead9083c756cc2,0x4e5b2e1dc63f6b91cb6cd759936495434c7e972f,180.0,2023-12-15T20:16:35Z,0,,true
Q23,Q23-0x4e5b2e-in-1703020871,0xc02aaa39b223fe8d0a0e5c4f27ead9083c756cc2,0x4e5b2e1dc63f6b91cb6cd759936495434c7e972f,130.0,2023-12-19T21:21:11Z,0,,true
Q23,Q23-0x000000-in-1702598663,0x8addabf339c54aa0c6e8adb41c2cb2f1d68451f5,0x00000000000000adc04c56bf30ac9d3c0aaf14dc,11.6,2023-12-15T00:04:23Z,0,,true
Q23,Q23-0x000000-in-1702598747,0x0fc84e15aeb7907a76a221169d80d3eb06cdb44b,0x00000000000000adc04c56bf30ac9d3c0aaf14dc,13.79,2023-12-15T00:05:47Z,0,,true
Q23,Q23-0x000000-in-1702602683,0x8a1002dd1c4df9b1c9a73e3a5c60870cdab0978c,0x00000000000000adc04c56bf30ac9d3c0aaf14dc,20.99,2023-12-15T01:11:23Z,0,,true
Q23,Q23-0x000000-in-1702604339,0x453f8e8b951546e2df1a617cb155c0427b2f1e36,0x00000000000000adc04c56bf30ac9d3c0aaf14dc,12.49,2023-12-15T01:38:59Z,0,,true
Q23,Q23-0x000000-in-1702607015,0x3a43525a3873d7fb415cff57613d22ed5ccfa368,0x00000000000000adc04c56bf30ac9d3c0aaf14dc,12.0,2023-12-15T02:23:35Z,0,,true
Q23,Q23-0x000000-in-1702608371,0xe085327c5ad2f77147f10973fed45fb19d734f7e,0x00000000000000adc04c56bf30ac9d3c0aaf14dc,16.69,2023-12-15T02:46:11Z,0,,true
Q23,Q23-0x000000-in-1702628771,0x7c00c9f0e7aed440c0c730a9bd9ee4f49de20d5c,0x00000000000000adc04c56bf30ac9d3c0aaf14dc,10.604,2023-12-15T08:26:11Z,0,,true
Q23,Q23-0x000000-in-1702628783,0xa222261fcd8e402d2d79159a14177a3f0bb7bd5a,0x00000000000000adc04c56bf30ac9d3c0aaf14dc,10.54,2023-12-15T08:26:23Z,0,,true
Q23,Q23-0x000000-in-1702629803,0xeb274d6a4fff6ca1ebde37f1f09c12ac06d94563,0x00000000000000adc04c56bf30ac9d3c0aaf14dc,10.116,2023-12-15T08:43:23Z,0,,true
Q23,Q23-0x000000-in-1702630019,0x79137d62f126836f96fed0fe044c7c0023f6cd15,0x00000000000000adc04c56bf30ac9d3c0aaf14dc,15.839,2023-12-15T08:46:59Z,0,,true
Q23,Q23-0x000000-in-1702631855,0x27aaf74bbe8b3fdcf9e9e0bbaa6aca79b84aadd7,0x00000000000000adc04c56bf30ac9d3c0aaf14dc,12.3692,2023-12-15T09:17:35Z,0,,true
Q23,Q23-0x000000-in-1702632179,0x27aaf74bbe8b3fdcf9e9e0bbaa6aca79b84aadd7,0x00000000000000adc04c56bf30ac9d3c0aaf14dc,10.8899,2023-12-15T09:22:59Z,0,,true
Q23,Q23-0x000000-in-1702636703,0xd663712098d4343ab98762d0baec34dfe5feedb7,0x00000000000000adc04c56bf30ac9d3c0aaf14dc,14.185,2023-12-15T10:38:23Z,0,,true
Q23,Q23-0x000000-in-1702643399,0x1c8fe4e285ae337aecc772cd993be0c53ee2a44a,0x00000000000000adc04c56bf30ac9d3c0aaf14dc,11.11,2023-12-15T12:29:59Z,0,,true
Q23,Q23-0x000000-in-1702654547,0x7a8d09b0b09b52b4f7ac6ea55d8e864cb95f60ba,0x00000000000000adc04c56bf30ac9d3c0aaf14dc,23.37,2023-12-15T15:35:47Z,0,,true
Q23,Q23-0x000000-in-1702659971,0xe0deacd9aa484e0cb3a370da4276570c29a7ba04,0x00000000000000adc04c56bf30ac9d3c0aaf14dc,18.2825,2023-12-15T17:06:11Z,0,,true
Q23,Q23-0x000000-in-1702671167,0x3d09e857ccca096caacfe9551e7c5b0d25346045,0x00000000000000adc04c56bf30ac9d3c0aaf14dc,30.69,2023-12-15T20:12:47Z,0,,true
Q23,Q23-0x000000-in-1702681403,0x2fa6cb8c44a279d21bf316cd85cc1841f048185b,0x00000000000000adc04c56bf30ac9d3c0aaf14dc,17.3,2023-12-15T23:03:23Z,0,,true
Q23,Q23-0x000000-in-1702685219,0xff71ae2e1a3cecb8ea751907125ad9ac145033bb,0x00000000000000adc04c56bf30ac9d3c0aaf14dc,125.0,2023-12-16T00:06:59Z,0,,true
Q23,Q23-0x000000-in-1702691099,0x4bb52299b9c3a165cf0d139b7821d4610de7235e,0x00000000000000adc04c56bf30ac9d3c0aaf14dc,21.0,2023-12-16T01:44:59Z,0,,true
Q23,Q23-0x000000-in-1702710743,0x968f716fbb708a9d975235aaf973f8f7b157ee1d,0x00000000000000adc04c56bf30ac9d3c0aaf14dc,10.457,2023-12-16T07:12:23Z,0,,true
Q23,Q23-0x000000-in-1702723067,0x975157fa98d07b115e1c293fcc31897ab51723ca,0x00000000000000adc04c56bf30ac9d3c0aaf14dc,10.38,2023-12-16T10:37:47Z,0,,true
Q23,Q23-0x528140-in-1702591751,0x2fc0df320351dd2b77f7f9eb29d244e30b233e2f,0x5281406a55d82356520f2194df1a284a8e723793,10.02,2023-12-14T22:09:11Z,0,,true
Q23,Q23-0x96f187-in-1702596527,0x3aa920067947564c4954baf9ec95f7cbc342e83d,0x96f187cfd02de4051e9153e6d50b051f475a63fa,36.0,2023-12-14T23:28:47Z,0,,true
Q23,Q23-0xc99953-in-1702597943,0x493c92f6f42e9eb4d9d778cdcab3c3aa978a7fb6,0xc9995327eae1c4e01ec176c4ae651a16770bb7b9,17.2457,2023-12-14T23:52:23Z,0,,true
Q23,Q23-0x05d57d-in-1702598795,0x493c92f6f42e9eb4d9d778cdcab3c3aa978a7fb6,0x05d57d4ef12c14802c9b5b3c41ad4a54a6b34bec,17.2716,2023-12-15T00:06:35Z,0,,true
Q23,Q23-0xc613f1-in-1702600091,0x0ffbe2004c12978735eeb96c4479f03880059e83,0xc613f1e1c947ba3aaa04062b4892a34c85b1f851,18.599,2023-12-15T00:28:11Z,0,,true
Q23,Q23-0xa8450c-in-1702601267,0x3f362e622d634ac53430b82ec9e2c66903116ec1,0xa8450c6175b7398046ee25c096a22c1d14d9187e,22.0,2023-12-15T00:47:47Z,0,,true
Q23,Q23-0xff049c-in-1702609895,0x0d062688c4e7c19bbf942b638079431e3d9b8a61,0xff049c0912b82829524019507491b1d09b3d4f9f,30.0,2023-12-15T03:11:35Z,0,,true
Q23,Q23-0x18d93f-in-1702610243,0x0d062688c4e7c19bbf942b638079431e3d9b8a61,0x18d93f1cde3dc69cb1482fb4932c5f7dd6640b37,20.0,2023-12-15T03:17:23Z,0,,true
Q23,Q23-0xea0eb8-in-1702611971,0x0d062688c4e7c19bbf942b638079431e3d9b8a61,0xea0eb8f2fd6d8f978bca65770c03df0650a550b9,30.0,2023-12-15T03:46:11Z,0,,true
Q23,Q23-0xd995a2-in-1702624427,0x0ffbe2004c12978735eeb96c4479f03880059e83,0xd995a263624e40108418092a7896e958883f1f12,15.0,2023-12-15T07:13:47Z,0,,true
Q23,Q23-0xa98df2-in-1702624667,0x0ffbe2004c12978735eeb96c4479f03880059e83,0xa98df29c03d95b5236bfea1bc2db1b3edea70ee2,20.0,2023-12-15T07:17:47Z,0,,true
Q23,Q23-0xb59d22-in-1702624859,0x0ffbe2004c12978735eeb96c4479f03880059e83,0xb59d22158db47ea19cef4593f0ee6e9d350db262,20.0,2023-12-15T07:20:59Z,0,,true
Q23,Q23-0xe18d80-in-1702625123,0x0ffbe2004c12978735eeb96c4479f03880059e83,0xe18d80d0c0412d1e5c3d229e68756456eba7bb7a,20.0,2023-12-15T07:25:23Z,0,,true
Q23,Q23-0x19aadb-in-1702625399,0x0ffbe2004c12978735eeb96c4479f03880059e83,0x19aadbb2d8e6dbbc305dd56b0471d0356983d6a4,20.67,2023-12-15T07:29:59Z,0,,true
Q23,Q23-0x5acc48-in-1702629287,0xf1ded24684480314539ac87729f5affd1533660e,0x5acc48f5c11238a73c8bbe8430ac5b9574426227,21.52,2023-12-15T08:34:47Z,0,,true
Q23,Q23-0xec3313-in-1702630091,0x0ffbe2004c12978735eeb96c4479f03880059e83,0xec33134758cad9ad332d6ac82c944be1fcdfbfe9,17.0,2023-12-15T08:48:11Z,0,,true
Q23,Q23-0x903464-in-1702630319,0x0ffbe2004c12978735eeb96c4479f03880059e83,0x903464a6755908f21e4a1d137b80c8417c96d98f,20.12,2023-12-15T08:51:59Z,0,,true
Q23,Q23-0x834e4d-in-1702634843,0x69c54dc42b9778b9db69390ef9fd4434e9b02eba,0x834e4de84b0323c028265de631172ac4a91a731d,13.0,2023-12-15T10:07:23Z,0,,true
Q23,Q23-0xfba628-in-1702639475,0x8317ba0ab0bd97f43732e6f6772213b0fe7d8279,0xfba6280110bb9b97e036809f0fc16034bbe897a9,17.71,2023-12-15T11:24:35Z,0,,true
Q23,Q23-0x09b713-in-1702657391,0xa3df2227243a514ae603b66c5e85fb6a20cb6470,0x09b7132fc6ad260d1ffb51cd455bf56bb5daf215,10.084,2023-12-15T16:23:11Z,0,,true
Q23,Q23-0x1cd168-in-1702660379,0x267be1c1d684f78cb4f6a176c4911b741e4ffdc0,0x1cd16800a41533f9ac2031c0ad2a1e577f8122b7,20.1362,2023-12-15T17:12:59Z,0,,true
Q23,Q23-0xdbbc18-in-1702663739,0xb339e4be667068011639c514c5eb0ae479beab1c,0xdbbc1889e3ba437cf48f9a872511156ec036df9a,13.0,2023-12-15T18:08:59Z,0,,true
Q24,Q24-0x0cfc28-in-1713946607,0x549efb3c8365f3f222aaa44d9af7894cdafff083,0x0cfc28d16d07219249c6d6d6ae24e7132ee4caa7,10.4601,2024-04-24T08:16:47Z,0,,true
Q24,Q24-0x549efb-in-1713946607,0xc02aaa39b223fe8d0a0e5c4f27ead9083c756cc2,0x549efb3c8365f3f222aaa44d9af7894cdafff083,10.4601,2024-04-24T08:16:47Z,0,,true
Q25,Q25-0x11576c-in-1686235799,0x5c7bcd6e7de5423a257d81b442095a1a6ced35c5,0x11576cb3d8d6328cf319e85b10e09a228e84a8de,19.4779,2023-06-08T14:49:59Z,0,,true
Q25,Q25-0x5c7bcd-in-1685850323,0x32a1e0b0f2bfd54a1f24ad906ca1df3a834cc77a,0x5c7bcd6e7de5423a257d81b442095a1a6ced35c5,18.1,2023-06-04T03:45:23Z,0,,true
Q25,Q25-0x5c7bcd-in-1685879927,0xbb1e599e15f2bf248732ef060cadffeb6363cc4c,0x5c7bcd6e7de5423a257d81b442095a1a6ced35c5,100.0,2023-06-04T11:58:47Z,0,,true
Q25,Q25-0x5c7bcd-in-1685958155,0xc025c6a3373e984be8d2465b7daa6ad74482f0a5,0x5c7bcd6e7de5423a257d81b442095a1a6ced35c5,10.01,2023-06-05T09:42:35Z,0,,true
Q25,Q25-0x5c7bcd-in-1685960639,0xc025c6a3373e984be8d2465b7daa6ad74482f0a5,0x5c7bcd6e7de5423a257d81b442095a1a6ced35c5,10.001,2023-06-05T10:23:59Z,0,,true
Q25,Q25-0x5c7bcd-in-1685962619,0xc025c6a3373e984be8d2465b7daa6ad74482f0a5,0x5c7bcd6e7de5423a257d81b442095a1a6ced35c5,10.001,2023-06-05T10:56:59Z,0,,true
Q25,Q25-0x5c7bcd-in-1685967431,0xc025c6a3373e984be8d2465b7daa6ad74482f0a5,0x5c7bcd6e7de5423a257d81b442095a1a6ced35c5,10.001,2023-06-05T12:17:11Z,0,,true
Q25,Q25-0x5c7bcd-in-1685981339,0xecaf0458e3894d98e844df19825bf221ef63756a,0x5c7bcd6e7de5423a257d81b442095a1a6ced35c5,40.0,2023-06-05T16:08:59Z,0,,true
Q25,Q25-0x5c7bcd-in-1685999339,0x569d327288d8354f16813afb01bba0e60c1301f9,0x5c7bcd6e7de5423a257d81b442095a1a6ced35c5,20.0,2023-06-05T21:08:59Z,0,,true
Q25,Q25-0x5c7bcd-in-1686054551,0x569d327288d8354f16813afb01bba0e60c1301f9,0x5c7bcd6e7de5423a257d81b442095a1a6ced35c5,20.0,2023-06-06T12:29:11Z,0,,true
Q25,Q25-0x5c7bcd-in-1686081047,0x6a414e646199cf75b0f82a686fd2df8374fab7d7,0x5c7bcd6e7de5423a257d81b442095a1a6ced35c5,13.9974,2023-06-06T19:50:47Z,0,,true
Q25,Q25-0x5c7bcd-in-1686081047,0xade09131c6f43fe22c2cbabb759636c43cfc181e,0x5c7bcd6e7de5423a257d81b442095a1a6ced35c5,15.1469,2023-06-06T19:50:47Z,0,,true
Q25,Q25-0x5c7bcd-in-1686084575,0xe8e05c356aebd12962749bf12528a34808f4aba3,0x5c7bcd6e7de5423a257d81b442095a1a6ced35c5,13.9965,2023-06-06T20:49:35Z,0,,true
Q25,Q25-0x5c7bcd-in-1686098675,0x7b1e192028ddab4594b8cabde49b1c00b0fcf31f,0x5c7bcd6e7de5423a257d81b442095a1a6ced35c5,13.998,2023-06-07T00:44:35Z,0,,true
Q25,Q25-0x5c7bcd-in-1686102695,0xd326d6828775c930204209b7cbb641f01bd361bb,0x5c7bcd6e7de5423a257d81b442095a1a6ced35c5,13.9985,2023-06-07T01:51:35Z,0,,true
Q25,Q25-0x5c7bcd-in-1686144011,0xb1e2869ad02c1f09ed58d08b96318a13302afd2e,0x5c7bcd6e7de5423a257d81b442095a1a6ced35c5,54.74,2023-06-07T13:20:11Z,0,,true
Q25,Q25-0x5c7bcd-in-1686147119,0xb477ba64f6b21bf5058bb748fb84c8fe67b50f0f,0x5c7bcd6e7de5423a257d81b442095a1a6ced35c5,67.0,2023-06-07T14:11:59Z,0,,true
Q25,Q25-0x5c7bcd-in-1686148991,0x9dccaad0a1f983a742343c09f3f72875b49699b8,0x5c7bcd6e7de5423a257d81b442095a1a6ced35c5,37.83,2023-06-07T14:43:11Z,0,,true
Q25,Q25-0x5c7bcd-in-1686156323,0xdcd8d1271ff2faffc0858ea19c92ed25ef3f35fb,0x5c7bcd6e7de5423a257d81b442095a1a6ced35c5,10.997,2023-06-07T16:45:23Z,0,,true
Q25,Q25-0x5c7bcd-in-1686172715,0x915f8ec2a44ec9b9c7da32aeaa7ee0d52c6d3063,0x5c7bcd6e7de5423a257d81b442095a1a6ced35c5,15.4,2023-06-07T21:18:35Z,0,,true
Q25,Q25-0x5c7bcd-in-1686195815,0x09cc15dda77789d42c0133c909e88fb6e3af793a,0x5c7bcd6e7de5423a257d81b442095a1a6ced35c5,20.0,2023-06-08T03:43:35Z,0,,true
Q25,Q25-0x5c7bcd-in-1686196043,0x09cc15dda77789d42c0133c909e88fb6e3af793a,0x5c7bcd6e7de5423a257d81b442095a1a6ced35c5,20.0,2023-06-08T03:47:23Z,0,,true
Q25,Q25-0x5c7bcd-in-1686196283,0x09cc15dda77789d42c0133c909e88fb6e3af793a,0x5c7bcd6e7de5423a257d81b442095a1a6ced35c5,20.0,2023-06-08T03:51:23Z,0,,true
Q25,Q25-0x5c7bcd-in-1686238415,0xb0a1be32df8c8248a54389af5d5528c38d92d5be,0x5c7bcd6e7de5423a257d81b442095a1a6ced35c5,10.0,2023-06-08T15:33:35Z,0,,true
Q25,Q25-0x5c7bcd-in-1686310823,0x4a2a94ffa99d4b974ef5e3279d524c6cdebe5a8c,0x5c7bcd6e7de5423a257d81b442095a1a6ced35c5,19.539,2023-06-09T11:40:23Z,0,,true
Q25,Q25-0x5c7bcd-in-1686334367,0x9c6398e30bab63af074021e44886ab3b38e2972b,0x5c7bcd6e7de5423a257d81b442095a1a6ced35c5,15.0304,2023-06-09T18:12:47Z,0,,true
Q25,Q25-0xecaf04-in-1685981315,0xef1c6e67703c7bd7107eed8303fbe6ec2554bf6b,0xecaf0458e3894d98e844df19825bf221ef63756a,40.7392,2023-06-05T16:08:35Z,0,,true
Q25,Q25-0x569d32-in-1686000083,0x1111111254eeb25477b68fb85ed929f73a960582,0x569d327288d8354f16813afb01bba0e60c1301f9,18.0706,2023-06-05T21:21:23Z,0,,true
Q25,Q25-0x6a414e-in-1686080783,0xc5b670679390315fa82e41620db11b4093825917,0x6a414e646199cf75b0f82a686fd2df8374fab7d7,14.0,2023-06-06T19:46:23Z,0,,true
Q25,Q25-0xade091-in-1686080963,0x3fc91a3afd70395cd496c647d5a6cc9d4b2b7fad,0xade09131c6f43fe22c2cbabb759636c43cfc181e,15.9624,2023-06-06T19:49:23Z,0,,true
Q25,Q25-0xe8e05c-in-1686084371,0xc5b670679390315fa82e41620db11b4093825917,0xe8e05c356aebd12962749bf12528a34808f4aba3,14.0,2023-06-06T20:46:11Z,0,,true
Q25,Q25-0x7b1e19-in-1686098483,0xc5b670679390315fa82e41620db11b4093825917,0x7b1e192028ddab4594b8cabde49b1c00b0fcf31f,14.0,2023-06-07T00:41:23Z,0,,true
Q25,Q25-0xd326d6-in-1686102551,0xc5b670679390315fa82e41620db11b4093825917,0xd326d6828775c930204209b7cbb641f01bd361bb,14.0,2023-06-07T01:49:11Z,0,,true
Q25,Q25-0xb1e286-in-1686141383,0xa00a91f1e20f501f86b2650d10ee05ef36e6242b,0xb1e2869ad02c1f09ed58d08b96318a13302afd2e,61.7478,2023-06-07T12:36:23Z,0,,true
Q25,Q25-0xb477ba-in-1686145667,0xe3f69688ab26a91eee39c89fbe389de9d01e94ab,0xb477ba64f6b21bf5058bb748fb84c8fe67b50f0f,67.9296,2023-06-07T13:47:47Z,0,,true
Q25,Q25-0x9dccaa-in-1686147287,0x1f1b6b5fa0eb6c34e3a21f9cfa32d1d0c7ff4262,0x9dccaad0a1f983a742343c09f3f72875b49699b8,67.8451,2023-06-07T14:14:47Z,0,,true
Q25,Q25-0xdcd8d1-in-1686156023,0xc5b670679390315fa82e41620db11b4093825917,0xdcd8d1271ff2faffc0858ea19c92ed25ef3f35fb,11.0,2023-06-07T16:40:23Z,0,,true
Q25,Q25-0x915f8e-in-1686165395,0xb4b0ea46fe0e9e8eab4afb765b527739f2718671,0x915f8ec2a44ec9b9c7da32aeaa7ee0d52c6d3063,55.9089,2023-06-07T19:16:35Z,0,,true
Q25,Q25-0x915f8e-in-1686165755,0x4a5a7331da84d3834c030a9b8d4f3d687a3b788b,0x915f8ec2a44ec9b9c7da32aeaa7ee0d52c6d3063,55.7821,2023-06-07T19:22:35Z,0,,true
Q25,Q25-0x915f8e-in-1686172679,0x4a5a7331da84d3834c030a9b8d4f3d687a3b788b,0x915f8ec2a44ec9b9c7da32aeaa7ee0d52c6d3063,15.3494,2023-06-07T21:17:59Z,0,,true
Q25,Q25-0x09cc15-in-1686064451,0x32400084c286cf3e17e7b677ea9583e60a000324,0x09cc15dda77789d42c0133c909e88fb6e3af793a,64.8,2023-06-06T15:14:11Z,0,,true
Q25,Q25-0xb0a1be-in-1686164459,0x5c7bcd6e7de5423a257d81b442095a1a6ced35c5,0xb0a1be32df8c8248a54389af5d5528c38d92d5be,21.9663,2023-06-07T19:00:59Z,0,,true
Q25,Q25-0xb0a1be-in-1686365375,0x3fc91a3afd70395cd496c647d5a6cc9d4b2b7fad,0xb0a1be32df8c8248a54389af5d5528c38d92d5be,10.2892,2023-06-10T02:49:35Z,0,,true
Q25,Q25-0x4a2a94-in-1686310703,0x293c8fadfbadcff3b15f7d1f54a8c0f3592cf381,0x4a2a94ffa99d4b974ef5e3279d524c6cdebe5a8c,19.541,2023-06-09T11:38:23Z,0,,true
Q32,Q32-0x22c973-in-1662717623,0xba8da9dcf11b50b03fd5284f164ef5cdef910705,0x22c9736d4fc73a8fa0eb436d2ce919f5849d6fd2,16.963,2022-09-09T10:00:23Z,0,,true
Q32,Q32-0xba8da9-in-1662127934,0x61a8d768de76361e2538f1d4f490118d881da0cc,0xba8da9dcf11b50b03fd5284f164ef5cdef910705,15.5,2022-09-02T14:12:14Z,0,,true
Q32,Q32-0xba8da9-in-1662135907,0xdde1ad4e53d5003230e883b828e50fddece98a2b,0xba8da9dcf11b50b03fd5284f164ef5cdef910705,250.0,2022-09-02T16:25:07Z,0,,true
Q32,Q32-0xba8da9-in-1662136653,0xdde1ad4e53d5003230e883b828e50fddece98a2b,0xba8da9dcf11b50b03fd5284f164ef5cdef910705,245.0,2022-09-02T16:37:33Z,0,,true
Q32,Q32-0xba8da9-in-1662167774,0x7c6e9b4fce46d867882c3a88d61aa018d754abe2,0xba8da9dcf11b50b03fd5284f164ef5cdef910705,18.0,2022-09-03T01:16:14Z,0,,true
Q32,Q32-0xba8da9-in-1662216358,0x4188663a85c92eea35b5ad3aa5ca7ceb237c6fe9,0xba8da9dcf11b50b03fd5284f164ef5cdef910705,800.0,2022-09-03T14:45:58Z,0,,true
Q32,Q32-0xba8da9-in-1662263241,0x138307407cdaf19afd01891a439c917ef249e87b,0xba8da9dcf11b50b03fd5284f164ef5cdef910705,30.0,2022-09-04T03:47:21Z,0,,true
Q32,Q32-0xba8da9-in-1662264733,0x4188663a85c92eea35b5ad3aa5ca7ceb237c6fe9,0xba8da9dcf11b50b03fd5284f164ef5cdef910705,800.0,2022-09-04T04:12:13Z,0,,true
Q32,Q32-0xba8da9-in-1662273681,0x04fdac379336686f52e6bb8fd1bec9e59d1dca60,0xba8da9dcf11b50b03fd5284f164ef5cdef910705,10.0,2022-09-04T06:41:21Z,0,,true
Q32,Q32-0xba8da9-in-1662274268,0x04fdac379336686f52e6bb8fd1bec9e59d1dca60,0xba8da9dcf11b50b03fd5284f164ef5cdef910705,150.01,2022-09-04T06:51:08Z,0,,true
Q32,Q32-0xba8da9-in-1662294483,0xfb2c9a817c1c347c0164a8211cf7014650379cfa,0xba8da9dcf11b50b03fd5284f164ef5cdef910705,14.0,2022-09-04T12:28:03Z,0,,true
Q32,Q32-0xba8da9-in-1662304013,0xdde1ad4e53d5003230e883b828e50fddece98a2b,0xba8da9dcf11b50b03fd5284f164ef5cdef910705,38.987,2022-09-04T15:06:53Z,0,,true
Q32,Q32-0xba8da9-in-1662305739,0xab6adb4bfe4f8344f53401ecb14b2d3c77e7ddff,0xba8da9dcf11b50b03fd5284f164ef5cdef910705,100.0,2022-09-04T15:35:39Z,0,,true
Q32,Q32-0xba8da9-in-1662306453,0xab6adb4bfe4f8344f53401ecb14b2d3c77e7ddff,0xba8da9dcf11b50b03fd5284f164ef5cdef910705,400.0,2022-09-04T15:47:33Z,0,,true
Q32,Q32-0xba8da9-in-1662307816,0xab6adb4bfe4f8344f53401ecb14b2d3c77e7ddff,0xba8da9dcf11b50b03fd5284f164ef5cdef910705,498.0,2022-09-04T16:10:16Z,0,,true
Q32,Q32-0xba8da9-in-1662312256,0xbaa70c8283f070a90d9cc93a195e90ddab2d57ec,0xba8da9dcf11b50b03fd5284f164ef5cdef910705,11.65,2022-09-04T17:24:16Z,0,,true
Q32,Q32-0xba8da9-in-1662332057,0xf6ec99e49635ee47978efed50c649c804a15197c,0xba8da9dcf11b50b03fd5284f164ef5cdef910705,16.0,2022-09-04T22:54:17Z,0,,true
Q32,Q32-0xba8da9-in-1662428576,0x5855f7a48b93bbc842589060f26bcb231c8138aa,0xba8da9dcf11b50b03fd5284f164ef5cdef910705,40.0,2022-09-06T01:42:56Z,0,,true
Q32,Q32-0xba8da9-in-1662438349,0x4188663a85c92eea35b5ad3aa5ca7ceb237c6fe9,0xba8da9dcf11b50b03fd5284f164ef5cdef910705,800.0,2022-09-06T04:25:49Z,0,,true
Q32,Q32-0xba8da9-in-1662449447,0x4188663a85c92eea35b5ad3aa5ca7ceb237c6fe9,0xba8da9dcf11b50b03fd5284f164ef5cdef910705,800.0,2022-09-06T07:30:47Z,0,,true
Q32,Q32-0xba8da9-in-1662451294,0xdea2ed23c9548c7b3e3c9df38b040599657727ee,0xba8da9dcf11b50b03fd5284f164ef5cdef910705,29.0,2022-09-06T08:01:34Z,0,,true
Q32,Q32-0xba8da9-in-1662480217,0x4660ef49e8872055ce6ce0ae8b105666945b1aee,0xba8da9dcf11b50b03fd5284f164ef5cdef910705,10.0,2022-09-06T16:03:37Z,0,,true
Q32,Q32-0xba8da9-in-1662480684,0x4660ef49e8872055ce6ce0ae8b105666945b1aee,0xba8da9dcf11b50b03fd5284f164ef5cdef910705,30.0,2022-09-06T16:11:24Z,0,,true
Q32,Q32-0xba8da9-in-1662481046,0x4660ef49e8872055ce6ce0ae8b105666945b1aee,0xba8da9dcf11b50b03fd5284f164ef5cdef910705,39.5,2022-09-06T16:17:26Z,0,,true
Q32,Q32-0xba8da9-in-1662500957,0x0b9f8e10f30cdddb6714ecb7160889bd555139d5,0xba8da9dcf11b50b03fd5284f164ef5cdef910705,32.01,2022-09-06T21:49:17Z,0,,true
Q32,Q32-0xba8da9-in-1662511366,0xc97252f98b7159251d410fe237674dc5bf7465a1,0xba8da9dcf11b50b03fd5284f164ef5cdef910705,10.0,2022-09-07T00:42:46Z,0,,true
Q32,Q32-0xba8da9-in-1662524079,0x4477daa32687f61d59f566a605cc9eacb34f02e2,0xba8da9dcf11b50b03fd5284f164ef5cdef910705,10.05,2022-09-07T04:14:39Z,0,,true
Q32,Q32-0xba8da9-in-1662531396,0x4188663a85c92eea35b5ad3aa5ca7ceb237c6fe9,0xba8da9dcf11b50b03fd5284f164ef5cdef910705,800.0,2022-09-07T06:16:36Z,0,,true
Q32,Q32-0xba8da9-in-1662545418,0x83652856fc0431f6f735fdb271c468d0dd41fd4c,0xba8da9dcf11b50b03fd5284f164ef5cdef910705,10.0,2022-09-07T10:10:18Z,0,,true
Q32,Q32-0xba8da9-in-1662611418,0xd1e4a32679216f4a4dd38e45dab9bc4b8a45e592,0xba8da9dcf11b50b03fd5284f164ef5cdef910705,200.0,2022-09-08T04:30:18Z,0,,true
Q32,Q32-0xba8da9-in-1662667441,0xa8d30c005a0fd4952c09dfdc2325ad0dfecd076d,0xba8da9dcf11b50b03fd5284f164ef5cdef910705,200.0,2022-09-08T20:04:01Z,0,,true
Q32,Q32-0xba8da9-in-1662668902,0xa8d30c005a0fd4952c09dfdc2325ad0dfecd076d,0xba8da9dcf11b50b03fd5284f164ef5cdef910705,198.737,2022-09-08T20:28:22Z,0,,true
Q32,Q32-0xba8da9-in-1662702948,0xd4ee113548dd66913dff6743e9b89e9fca7e4ead,0xba8da9dcf11b50b03fd5284f164ef5cdef910705,30.01,2022-09-09T05:55:48Z,0,,true
Q32,Q32-0xba8da9-in-1662710664,0x9f905e1125552632208c06040978919259273b99,0xba8da9dcf11b50b03fd5284f164ef5cdef910705,867.2,2022-09-09T08:04:24Z,0,,true
Q32,Q32-0xba8da9-in-1662715417,0xc593347233bfc08b30e184832f3ab4bf82d29b9a,0xba8da9dcf11b50b03fd5284f164ef5cdef910705,445.3,2022-09-09T09:23:37Z,0,,true
Q32,Q32-0xba8da9-in-1662127280,0xc02aaa39b223fe8d0a0e5c4f27ead9083c756cc2,0xba8da9dcf11b50b03fd5284f164ef5cdef910705,15.9852,2022-09-02T14:01:20Z,0,,true
Q32,Q32-0xba8da9-in-1662131327,0xc02aaa39b223fe8d0a0e5c4f27ead9083c756cc2,0xba8da9dcf11b50b03fd5284f164ef5cdef910705,15.1989,2022-09-02T15:08:47Z,0,,true
Q32,Q32-0xba8da9-in-1662132804,0xc02aaa39b223fe8d0a0e5c4f27ead9083c756cc2,0xba8da9dcf11b50b03fd5284f164ef5cdef910705,45.1548,2022-09-02T15:33:24Z,0,,true
Q32,Q32-0xba8da9-in-1662138911,0xc02aaa39b223fe8d0a0e5c4f27ead9083c756cc2,0xba8da9dcf11b50b03fd5284f164ef5cdef910705,949.61,2022-09-02T17:15:11Z,0,,true
Q32,Q32-0xba8da9-in-1662225179,0xc02aaa39b223fe8d0a0e5c4f27ead9083c756cc2,0xba8da9dcf11b50b03fd5284f164ef5cdef910705,19.98,2022-09-03T17:12:59Z,0,,true
Q32,Q32-0xba8da9-in-1662225653,0xc02aaa39b223fe8d0a0e5c4f27ead9083c756cc2,0xba8da9dcf11b50b03fd5284f164ef5cdef910705,34.965,2022-09-03T17:20:53Z,0,,true
Q32,Q32-0xba8da9-in-1662235533,0xc02aaa39b223fe8d0a0e5c4f27ead9083c756cc2,0xba8da9dcf11b50b03fd5284f164ef5cdef910705,50.3596,2022-09-03T20:05:33Z,0,,true
Q32,Q32-0xba8da9-in-1662246041,0xc02aaa39b223fe8d0a0e5c4f27ead9083c756cc2,0xba8da9dcf11b50b03fd5284f164ef5cdef910705,55.4445,2022-09-03T23:00:41Z,0,,true
Q32,Q32-0xba8da9-in-1662281021,0xc02aaa39b223fe8d0a0e5c4f27ead9083c756cc2,0xba8da9dcf11b50b03fd5284f164ef5cdef910705,151.3564,2022-09-04T08:43:41Z,0,,true
Q32,Q32-0xba8da9-in-1662289156,0xc02aaa39b223fe8d0a0e5c4f27ead9083c756cc2,0xba8da9dcf11b50b03fd5284f164ef5cdef910705,18.4815,2022-09-04T10:59:16Z,0,,true
Q32,Q32-0xba8da9-in-1662290277,0xc02aaa39b223fe8d0a0e5c4f27ead9083c756cc2,0xba8da9dcf11b50b03fd5284f164ef5cdef910705,13.974,2022-09-04T11:17:57Z,0,,true
Q32,Q32-0xba8da9-in-1662304515,0xc02aaa39b223fe8d0a0e5c4f27ead9083c756cc2,0xba8da9dcf11b50b03fd5284f164ef5cdef910705,20.2067,2022-09-04T15:15:15Z,0,,true
Q32,Q32-0xba8da9-in-1662304705,0xc02aaa39b223fe8d0a0e5c4f27ead9083c756cc2,0xba8da9dcf11b50b03fd5284f164ef5cdef910705,39.9434,2022-09-04T15:18:25Z,0,,true
Q32,Q32-0xba8da9-in-1662307431,0xc02aaa39b223fe8d0a0e5c4f27ead9083c756cc2,0xba8da9dcf11b50b03fd5284f164ef5cdef910705,199.8,2022-09-04T16:03:51Z,0,,true
Q32,Q32-0xba8da9-in-1662310269,0xc02aaa39b223fe8d0a0e5c4f27ead9083c756cc2,0xba8da9dcf11b50b03fd5284f164ef5cdef910705,797.6091,2022-09-04T16:51:09Z,0,,true
Q32,Q32-0xba8da9-in-1662313572,0xc02aaa39b223fe8d0a0e5c4f27ead9083c756cc2,0xba8da9dcf11b50b03fd5284f164ef5cdef910705,12.0123,2022-09-04T17:46:12Z,0,,true
Q32,Q32-0xba8da9-in-1662314077,0xc02aaa39b223fe8d0a0e5c4f27ead9083c756cc2,0xba8da9dcf11b50b03fd5284f164ef5cdef910705,11.614,2022-09-04T17:54:37Z,0,,true
Q32,Q32-0xba8da9-in-1662314752,0xc02aaa39b223fe8d0a0e5c4f27ead9083c756cc2,0xba8da9dcf11b50b03fd5284f164ef5cdef910705,14.9492,2022-09-04T18:05:52Z,0,,true
Q32,Q32-0xba8da9-in-1662317132,0xc02aaa39b223fe8d0a0e5c4f27ead9083c756cc2,0xba8da9dcf11b50b03fd5284f164ef5cdef910705,27.1061,2022-09-04T18:45:32Z,0,,true
Q32,Q32-0xba8da9-in-1662317460,0xc02aaa39b223fe8d0a0e5c4f27ead9083c756cc2,0xba8da9dcf11b50b03fd5284f164ef5cdef910705,99.9,2022-09-04T18:51:00Z,0,,true
Q32,Q32-0xba8da9-in-1662323911,0xc02aaa39b223fe8d0a0e5c4f27ead9083c756cc2,0xba8da9dcf11b50b03fd5284f164ef5cdef910705,12.7013,2022-09-04T20:38:31Z,0,,true
Q32,Q32-0xba8da9-in-1662326708,0xc02aaa39b223fe8d0a0e5c4f27ead9083c756cc2,0xba8da9dcf11b50b03fd5284f164ef5cdef910705,36.963,2022-09-04T21:25:08Z,0,,true
Q32,Q32-0xba8da9-in-1662342734,0xc02aaa39b223fe8d0a0e5c4f27ead9083c756cc2,0xba8da9dcf11b50b03fd5284f164ef5cdef910705,18.9056,2022-09-05T01:52:14Z,0,,true
Q32,Q32-0xba8da9-in-1662349872,0xc02aaa39b223fe8d0a0e5c4f27ead9083c756cc2,0xba8da9dcf11b50b03fd5284f164ef5cdef910705,38.6683,2022-09-05T03:51:12Z,0,,true
Q32,Q32-0xba8da9-in-1662356602,0xc02aaa39b223fe8d0a0e5c4f27ead9083c756cc2,0xba8da9dcf11b50b03fd5284f164ef5cdef910705,22.2378,2022-09-05T05:43:22Z,0,,true
Q32,Q32-0xba8da9-in-1662359411,0xc02aaa39b223fe8d0a0e5c4f27ead9083c756cc2,0xba8da9dcf11b50b03fd5284f164ef5cdef910705,23.7877,2022-09-05T06:30:11Z,0,,true
Q32,Q32-0xba8da9-in-1662359614,0xc02aaa39b223fe8d0a0e5c4f27ead9083c756cc2,0xba8da9dcf11b50b03fd5284f164ef5cdef910705,26.7277,2022-09-05T06:33:34Z,0,,true
Q32,Q32-0xba8da9-in-1662360434,0xc02aaa39b223fe8d0a0e5c4f27ead9083c756cc2,0xba8da9dcf11b50b03fd5284f164ef5cdef910705,18.4094,2022-09-05T06:47:14Z,0,,true
Q32,Q32-0xba8da9-in-1662364374,0xc02aaa39b223fe8d0a0e5c4f27ead9083c756cc2,0xba8da9dcf11b50b03fd5284f164ef5cdef910705,46.9264,2022-09-05T07:52:54Z,0,,true
Q32,Q32-0xba8da9-in-1662370699,0xc02aaa39b223fe8d0a0e5c4f27ead9083c756cc2,0xba8da9dcf11b50b03fd5284f164ef5cdef910705,39.0729,2022-09-05T09:38:19Z,0,,true
Q32,Q32-0xba8da9-in-1662377329,0xc02aaa39b223fe8d0a0e5c4f27ead9083c756cc2,0xba8da9dcf11b50b03fd5284f164ef5cdef910705,14.9298,2022-09-05T11:28:49Z,0,,true
Q32,Q32-0xba8da9-in-1662379319,0xc02aaa39b223fe8d0a0e5c4f27ead9083c756cc2,0xba8da9dcf11b50b03fd5284f164ef5cdef910705,119.92,2022-09-05T12:01:59Z,0,,true
Q32,Q32-0xba8da9-in-1662380259,0xc02aaa39b223fe8d0a0e5c4f27ead9083c756cc2,0xba8da9dcf11b50b03fd5284f164ef5cdef910705,15.95,2022-09-05T12:17:39Z,0,,true
Q32,Q32-0xba8da9-in-1662381576,0xc02aaa39b223fe8d0a0e5c4f27ead9083c756cc2,0xba8da9dcf11b50b03fd5284f164ef5cdef910705,31.2832,2022-09-05T12:39:36Z,0,,true
Q32,Q32-0xba8da9-in-1662381690,0xc02aaa39b223fe8d0a0e5c4f27ead9083c756cc2,0xba8da9dcf11b50b03fd5284f164ef5cdef910705,99.9,2022-09-05T12:41:30Z,0,,true
Q32,Q32-0xba8da9-in-1662386651,0xc02aaa39b223fe8d0a0e5c4f27ead9083c756cc2,0xba8da9dcf11b50b03fd5284f164ef5cdef910705,64.9201,2022-09-05T14:04:11Z,0,,true
Q32,Q32-0xba8da9-in-1662389948,0xc02aaa39b223fe8d0a0e5c4f27ead9083c756cc2,0xba8da9dcf11b50b03fd5284f164ef5cdef910705,11.6611,2022-09-05T14:59:08Z,0,,true
Q32,Q32-0xba8da9-in-1662393305,0xc02aaa39b223fe8d0a0e5c4f27ead9083c756cc2,0xba8da9dcf11b50b03fd5284f164ef5cdef910705,17.7453,2022-09-05T15:55:05Z,0,,true
Q32,Q32-0xba8da9-in-1662394443,0xc02aaa39b223fe8d0a0e5c4f27ead9083c756cc2,0xba8da9dcf11b50b03fd5284f164ef5cdef910705,15.0083,2022-09-05T16:14:03Z,0,,true
Q32,Q32-0xba8da9-in-1662394512,0xc02aaa39b223fe8d0a0e5c4f27ead9083c756cc2,0xba8da9dcf11b50b03fd5284f164ef5cdef910705,20.979,2022-09-05T16:15:12Z,0,,true
Q32,Q32-0xba8da9-in-1662394715,0xc02aaa39b223fe8d0a0e5c4f27ead9083c756cc2,0xba8da9dcf11b50b03fd5284f164ef5cdef910705,27.3726,2022-09-05T16:18:35Z,0,,true
Q32,Q32-0xba8da9-in-1662406935,0xc02aaa39b223fe8d0a0e5c4f27ead9083c756cc2,0xba8da9dcf11b50b03fd5284f164ef5cdef910705,69.9999,2022-09-05T19:42:15Z,0,,true
Q32,Q32-0xba8da9-in-1662412299,0xc02aaa39b223fe8d0a0e5c4f27ead9083c756cc2,0xba8da9dcf11b50b03fd5284f164ef5cdef910705,12.9564,2022-09-05T21:11:39Z,0,,true
Q32,Q32-0xba8da9-in-1662413648,0xc02aaa39b223fe8d0a0e5c4f27ead9083c756cc2,0xba8da9dcf11b50b03fd5284f164ef5cdef910705,31.968,2022-09-05T21:34:08Z,0,,true
Q32,Q32-0xba8da9-in-1662414094,0xc02aaa39b223fe8d0a0e5c4f27ead9083c756cc2,0xba8da9dcf11b50b03fd5284f164ef5cdef910705,26.5734,2022-09-05T21:41:34Z,0,,true
Q32,Q32-0xba8da9-in-1662417109,0xc02aaa39b223fe8d0a0e5c4f27ead9083c756cc2,0xba8da9dcf11b50b03fd5284f164ef5cdef910705,49.1208,2022-09-05T22:31:49Z,0,,true
Q32,Q32-0xba8da9-in-1662418611,0xc02aaa39b223fe8d0a0e5c4f27ead9083c756cc2,0xba8da9dcf11b50b03fd5284f164ef5cdef910705,120.879,2022-09-05T22:56:51Z,0,,true
Q32,Q32-0xba8da9-in-1662422493,0xc02aaa39b223fe8d0a0e5c4f27ead9083c756cc2,0xba8da9dcf11b50b03fd5284f164ef5cdef910705,74.7161,2022-09-06T00:01:33Z,0,,true
Q32,Q32-0xba8da9-in-1662432914,0xc02aaa39b223fe8d0a0e5c4f27ead9083c756cc2,0xba8da9dcf11b50b03fd5284f164ef5cdef910705,19.98,2022-09-06T02:55:14Z,0,,true
Q32,Q32-0xba8da9-in-1662433200,0xc02aaa39b223fe8d0a0e5c4f27ead9083c756cc2,0xba8da9dcf11b50b03fd5284f164ef5cdef910705,19.2807,2022-09-06T03:00:00Z,0,,true
Q32,Q32-0xba8da9-in-1662438989,0xc02aaa39b223fe8d0a0e5c4f27ead9083c756cc2,0xba8da9dcf11b50b03fd5284f164ef5cdef910705,43.5543,2022-09-06T04:36:29Z,0,,true
Q32,Q32-0xba8da9-in-1662442379,0xc02aaa39b223fe8d0a0e5c4f27ead9083c756cc2,0xba8da9dcf11b50b03fd5284f164ef5cdef910705,19.98,2022-09-06T05:32:59Z,0,,true
Q32,Q32-0xba8da9-in-1662446339,0xc02aaa39b223fe8d0a0e5c4f27ead9083c756cc2,0xba8da9dcf11b50b03fd5284f164ef5cdef910705,19.98,2022-09-06T06:38:59Z,0,,true
Q32,Q32-0xba8da9-in-1662446766,0xc02aaa39b223fe8d0a0e5c4f27ead9083c756cc2,0xba8da9dcf11b50b03fd5284f164ef5cdef910705,10.5435,2022-09-06T06:46:06Z,0,,true
Q32,Q32-0xba8da9-in-1662451011,0xc02aaa39b223fe8d0a0e5c4f27ead9083c756cc2,0xba8da9dcf11b50b03fd5284f164ef5cdef910705,24.6753,2022-09-06T07:56:51Z,0,,true
Q32,Q32-0xba8da9-in-1662451409,0xc02aaa39b223fe8d0a0e5c4f27ead9083c756cc2,0xba8da9dcf11b50b03fd5284f164ef5cdef910705,19.98,2022-09-06T08:03:29Z,0,,true
Q32,Q32-0xba8da9-in-1662452261,0xc02aaa39b223fe8d0a0e5c4f27ead9083c756cc2,0xba8da9dcf11b50b03fd5284f164ef5cdef910705,91.3442,2022-09-06T08:17:41Z,0,,true
Q32,Q32-0xba8da9-in-1662452337,0xc02aaa39b223fe8d0a0e5c4f27ead9083c756cc2,0xba8da9dcf11b50b03fd5284f164ef5cdef910705,12.794,2022-09-06T08:18:57Z,0,,true
Q32,Q32-0xba8da9-in-1662452337,0xc02aaa39b223fe8d0a0e5c4f27ead9083c756cc2,0xba8da9dcf11b50b03fd5284f164ef5cdef910705,43.3112,2022-09-06T08:18:57Z,0,,true
Q32,Q32-0xba8da9-in-1662454666,0xc02aaa39b223fe8d0a0e5c4f27ead9083c756cc2,0xba8da9dcf11b50b03fd5284f164ef5cdef910705,10.4873,2022-09-06T08:57:46Z,0,,true
Q32,Q32-0xba8da9-in-1662454726,0xc02aaa39b223fe8d0a0e5c4f27ead9083c756cc2,0xba8da9dcf11b50b03fd5284f164ef5cdef910705,30.4695,2022-09-06T08:58:46Z,0,,true
Q32,Q32-0xba8da9-in-1662460024,0xc02aaa39b223fe8d0a0e5c4f27ead9083c756cc2,0xba8da9dcf11b50b03fd5284f164ef5cdef910705,55.8042,2022-09-06T10:27:04Z,0,,true
Q32,Q32-0xba8da9-in-1662472827,0xc02aaa39b223fe8d0a0e5c4f27ead9083c756cc2,0xba8da9dcf11b50b03fd5284f164ef5cdef910705,15.054,2022-09-06T14:00:27Z,0,,true
Q32,Q32-0xba8da9-in-1662474108,0xc02aaa39b223fe8d0a0e5c4f27ead9083c756cc2,0xba8da9dcf11b50b03fd5284f164ef5cdef910705,19.0106,2022-09-06T14:21:48Z,0,,true
Q32,Q32-0xba8da9-in-1662474917,0xc02aaa39b223fe8d0a0e5c4f27ead9083c756cc2,0xba8da9dcf11b50b03fd5284f164ef5cdef910705,439.81,2022-09-06T14:35:17Z,0,,true
Q32,Q32-0xba8da9-in-1662475172,0xc02aaa39b223fe8d0a0e5c4f27ead9083c756cc2,0xba8da9dcf11b50b03fd5284f164ef5cdef910705,10.0304,2022-09-06T14:39:32Z,0,,true
Q32,Q32-0xba8da9-in-1662477230,0xc02aaa39b223fe8d0a0e5c4f27ead9083c756cc2,0xba8da9dcf11b50b03fd5284f164ef5cdef910705,11.784,2022-09-06T15:13:50Z,0,,true
Q32,Q32-0xba8da9-in-1662477478,0xc02aaa39b223fe8d0a0e5c4f27ead9083c756cc2,0xba8da9dcf11b50b03fd5284f164ef5cdef910705,18.5714,2022-09-06T15:17:58Z,0,,true
Q32,Q32-0xba8da9-in-1662478051,0xc02aaa39b223fe8d0a0e5c4f27ead9083c756cc2,0xba8da9dcf11b50b03fd5284f164ef5cdef910705,14.8002,2022-09-06T15:27:31Z,0,,true
Q32,Q32-0xba8da9-in-1662478205,0xc02aaa39b223fe8d0a0e5c4f27ead9083c756cc2,0xba8da9dcf11b50b03fd5284f164ef5cdef910705,49.3585,2022-09-06T15:30:05Z,0,,true
Q32,Q32-0xba8da9-in-1662478329,0xc02aaa39b223fe8d0a0e5c4f27ead9083c756cc2,0xba8da9dcf11b50b03fd5284f164ef5cdef910705,37.7457,2022-09-06T15:32:09Z,0,,true
Q32,Q32-0xba8da9-in-1662478403,0xc02aaa39b223fe8d0a0e5c4f27ead9083c756cc2,0xba8da9dcf11b50b03fd5284f164ef5cdef910705,20.987,2022-09-06T15:33:23Z,0,,true
Q32,Q32-0xba8da9-in-1662478859,0xc02aaa39b223fe8d0a0e5c4f27ead9083c756cc2,0xba8da9dcf11b50b03fd5284f164ef5cdef910705,15.984,2022-09-06T15:40:59Z,0,,true
Q32,Q32-0xba8da9-in-1662478986,0xc02aaa39b223fe8d0a0e5c4f27ead9083c756cc2,0xba8da9dcf11b50b03fd5284f164ef5cdef910705,30.1655,2022-09-06T15:43:06Z,0,,true
Q32,Q32-0xba8da9-in-1662480124,0xc02aaa39b223fe8d0a0e5c4f27ead9083c756cc2,0xba8da9dcf11b50b03fd5284f164ef5cdef910705,207.1476,2022-09-06T16:02:04Z,0,,true
Q32,Q32-0xba8da9-in-1662482767,0xc02aaa39b223fe8d0a0e5c4f27ead9083c756cc2,0xba8da9dcf11b50b03fd5284f164ef5cdef910705,11.979,2022-09-06T16:46:07Z,0,,true
Q32,Q32-0xba8da9-in-1662483146,0xc02aaa39b223fe8d0a0e5c4f27ead9083c756cc2,0xba8da9dcf11b50b03fd5284f164ef5cdef910705,23.0769,2022-09-06T16:52:26Z,0,,true
Q32,Q32-0xba8da9-in-1662483399,0xc02aaa39b223fe8d0a0e5c4f27ead9083c756cc2,0xba8da9dcf11b50b03fd5284f164ef5cdef910705,241.8246,2022-09-06T16:56:39Z,0,,true
Q32,Q32-0xba8da9-in-1662498173,0xc02aaa39b223fe8d0a0e5c4f27ead9083c756cc2,0xba8da9dcf11b50b03fd5284f164ef5cdef910705,12.3079,2022-09-06T21:02:53Z,0,,true
Q32,Q32-0xba8da9-in-1662498570,0x362fa9d0bca5d19f743db50738345ce2b40ec99f,0xba8da9dcf11b50b03fd5284f164ef5cdef910705,10.0,2022-09-06T21:09:30Z,0,,true
Q32,Q32-0xba8da9-in-1662499536,0xc02aaa39b223fe8d0a0e5c4f27ead9083c756cc2,0xba8da9dcf11b50b03fd5284f164ef5cdef910705,10.6558,2022-09-06T21:25:36Z,0,,true
Q32,Q32-0xba8da9-in-1662513918,0xc02aaa39b223fe8d0a0e5c4f27ead9083c756cc2,0xba8da9dcf11b50b03fd5284f164ef5cdef910705,10.384,2022-09-07T01:25:18Z,0,,true
Q32,Q32-0xba8da9-in-1662532347,0xc02aaa39b223fe8d0a0e5c4f27ead9083c756cc2,0xba8da9dcf11b50b03fd5284f164ef5cdef910705,34.3311,2022-09-07T06:32:27Z,0,,true
Q32,Q32-0xba8da9-in-1662534295,0xc02aaa39b223fe8d0a0e5c4f27ead9083c756cc2,0xba8da9dcf11b50b03fd5284f164ef5cdef910705,17.0529,2022-09-07T07:04:55Z,0,,true
Q32,Q32-0xba8da9-in-1662542819,0xc02aaa39b223fe8d0a0e5c4f27ead9083c756cc2,0xba8da9dcf11b50b03fd5284f164ef5cdef910705,134.875,2022-09-07T09:26:59Z,0,,true
Q32,Q32-0xba8da9-in-1662547837,0xc02aaa39b223fe8d0a0e5c4f27ead9083c756cc2,0xba8da9dcf11b50b03fd5284f164ef5cdef910705,21.003,2022-09-07T10:50:37Z,0,,true
Q32,Q32-0xba8da9-in-1662548370,0xc02aaa39b223fe8d0a0e5c4f27ead9083c756cc2,0xba8da9dcf11b50b03fd5284f164ef5cdef910705,11.284,2022-09-07T10:59:30Z,0,,true
Q32,Q32-0xba8da9-in-1662549232,0xc02aaa39b223fe8d0a0e5c4f27ead9083c756cc2,0xba8da9dcf11b50b03fd5284f164ef5cdef910705,38.7612,2022-09-07T11:13:52Z,0,,true
Q32,Q32-0xba8da9-in-1662552098,0xc02aaa39b223fe8d0a0e5c4f27ead9083c756cc2,0xba8da9dcf11b50b03fd5284f164ef5cdef910705,10.3377,2022-09-07T12:01:38Z,0,,true
Q32,Q32-0xba8da9-in-1662553491,0xc02aaa39b223fe8d0a0e5c4f27ead9083c756cc2,0xba8da9dcf11b50b03fd5284f164ef5cdef910705,16.718,2022-09-07T12:24:51Z,0,,true
Q32,Q32-0xba8da9-in-1662553938,0x362fa9d0bca5d19f743db50738345ce2b40ec99f,0xba8da9dcf11b50b03fd5284f164ef5cdef910705,40.0,2022-09-07T12:32:18Z,0,,true
Q32,Q32-0xba8da9-in-1662557880,0xc02aaa39b223fe8d0a0e5c4f27ead9083c756cc2,0xba8da9dcf11b50b03fd5284f164ef5cdef910705,37.6614,2022-09-07T13:38:00Z,0,,true
Q32,Q32-0xba8da9-in-1662561015,0xc02aaa39b223fe8d0a0e5c4f27ead9083c756cc2,0xba8da9dcf11b50b03fd5284f164ef5cdef910705,11.1719,2022-09-07T14:30:15Z,0,,true
Q32,Q32-0xba8da9-in-1662561886,0xc02aaa39b223fe8d0a0e5c4f27ead9083c756cc2,0xba8da9dcf11b50b03fd5284f164ef5cdef910705,10.2872,2022-09-07T14:44:46Z,0,,true
Q32,Q32-0xba8da9-in-1662571584,0xc02aaa39b223fe8d0a0e5c4f27ead9083c756cc2,0xba8da9dcf11b50b03fd5284f164ef5cdef910705,78.756,2022-09-07T17:26:24Z,0,,true
Q32,Q32-0xba8da9-in-1662572802,0xc02aaa39b223fe8d0a0e5c4f27ead9083c756cc2,0xba8da9dcf11b50b03fd5284f164ef5cdef910705,27.4281,2022-09-07T17:46:42Z,0,,true
Q32,Q32-0xba8da9-in-1662572999,0xc02aaa39b223fe8d0a0e5c4f27ead9083c756cc2,0xba8da9dcf11b50b03fd5284f164ef5cdef910705,23.0766,2022-09-07T17:49:59Z,0,,true
Q32,Q32-0xba8da9-in-1662573720,0xc02aaa39b223fe8d0a0e5c4f27ead9083c756cc2,0xba8da9dcf11b50b03fd5284f164ef5cdef910705,20.2687,2022-09-07T18:02:00Z,0,,true
Q32,Q32-0xba8da9-in-1662574005,0xc02aaa39b223fe8d0a0e5c4f27ead9083c756cc2,0xba8da9dcf11b50b03fd5284f164ef5cdef910705,259.74,2022-09-07T18:06:45Z,0,,true
Q32,Q32-0xba8da9-in-1662574454,0xc02aaa39b223fe8d0a0e5c4f27ead9083c756cc2,0xba8da9dcf11b50b03fd5284f164ef5cdef910705,14.984,2022-09-07T18:14:14Z,0,,true
Q32,Q32-0xba8da9-in-1662612402,0xc02aaa39b223fe8d0a0e5c4f27ead9083c756cc2,0xba8da9dcf11b50b03fd5284f164ef5cdef910705,14.5987,2022-09-08T04:46:42Z,0,,true
Q32,Q32-0xba8da9-in-1662613052,0xc02aaa39b223fe8d0a0e5c4f27ead9083c756cc2,0xba8da9dcf11b50b03fd5284f164ef5cdef910705,159.84,2022-09-08T04:57:32Z,0,,true
Q32,Q32-0xba8da9-in-1662668431,0xc02aaa39b223fe8d0a0e5c4f27ead9083c756cc2,0xba8da9dcf11b50b03fd5284f164ef5cdef910705,49.95,2022-09-08T20:20:31Z,0,,true
Q32,Q32-0xba8da9-in-1662668481,0xc02aaa39b223fe8d0a0e5c4f27ead9083c756cc2,0xba8da9dcf11b50b03fd5284f164ef5cdef910705,10.5889,2022-09-08T20:21:21Z,0,,true
Q32,Q32-0xba8da9-in-1662669017,0xc02aaa39b223fe8d0a0e5c4f27ead9083c756cc2,0xba8da9dcf11b50b03fd5284f164ef5cdef910705,80.919,2022-09-08T20:30:17Z,0,,true
Q32,Q32-0xba8da9-in-1662669637,0xc02aaa39b223fe8d0a0e5c4f27ead9083c756cc2,0xba8da9dcf11b50b03fd5284f164ef5cdef910705,198.5453,2022-09-08T20:40:37Z,0,,true
Q32,Q32-0xba8da9-in-1662669858,0xc02aaa39b223fe8d0a0e5c4f27ead9083c756cc2,0xba8da9dcf11b50b03fd5284f164ef5cdef910705,56.0,2022-09-08T20:44:18Z,0,,true
Q32,Q32-0xba8da9-in-1662705155,0xc02aaa39b223fe8d0a0e5c4f27ead9083c756cc2,0xba8da9dcf11b50b03fd5284f164ef5cdef910705,10.3185,2022-09-09T06:32:35Z,0,,true
Q32,Q32-0xba8da9-in-1662707721,0xc02aaa39b223fe8d0a0e5c4f27ead9083c756cc2,0xba8da9dcf11b50b03fd5284f164ef5cdef910705,10.984,2022-09-09T07:15:21Z,0,,true
Q32,Q32-0xba8da9-in-1662711182,0xc02aaa39b223fe8d0a0e5c4f27ead9083c756cc2,0xba8da9dcf11b50b03fd5284f164ef5cdef910705,15.6977,2022-09-09T08:13:02Z,0,,true
Q32,Q32-0xba8da9-in-1662713008,0xc02aaa39b223fe8d0a0e5c4f27ead9083c756cc2,0xba8da9dcf11b50b03fd5284f164ef5cdef910705,28.5556,2022-09-09T08:43:28Z,0,,true
Q32,Q32-0xba8da9-in-1662713621,0xc02aaa39b223fe8d0a0e5c4f27ead9083c756cc2,0xba8da9dcf11b50b03fd5284f164ef5cdef910705,85.5644,2022-09-09T08:53:41Z,0,,true
Q32,Q32-0xba8da9-in-1662715892,0xc02aaa39b223fe8d0a0e5c4f27ead9083c756cc2,0xba8da9dcf11b50b03fd5284f164ef5cdef910705,26.973,2022-09-09T09:31:32Z,0,,true
Q32,Q32-0xba8da9-in-1662717623,0xc02aaa39b223fe8d0a0e5c4f27ead9083c756cc2,0xba8da9dcf11b50b03fd5284f164ef5cdef910705,16.963,2022-09-09T10:00:23Z,0,,true
Q32,Q32-0x61a8d7-in-1662715892,0xba8da9dcf11b50b03fd5284f164ef5cdef910705,0x61a8d768de76361e2538f1d4f490118d881da0cc,26.973,2022-09-09T09:31:32Z,0,,true
Q32,Q32-0xdde1ad-in-1662123753,0x672867ab8c8e70b7ddfd5976293034e2df620de6,0xdde1ad4e53d5003230e883b828e50fddece98a2b,100.0,2022-09-02T13:02:33Z,0,,true
Q32,Q32-0xdde1ad-in-1662127225,0x672867ab8c8e70b7ddfd5976293034e2df620de6,0xdde1ad4e53d5003230e883b828e50fddece98a2b,250.0,2022-09-02T14:00:25Z,0,,true
Q32,Q32-0xdde1ad-in-1662135744,0x672867ab8c8e70b7ddfd5976293034e2df620de6,0xdde1ad4e53d5003230e883b828e50fddece98a2b,320.0,2022-09-02T16:22:24Z,0,,true
Q32,Q32-0xdde1ad-in-1662136425,0x672867ab8c8e70b7ddfd5976293034e2df620de6,0xdde1ad4e53d5003230e883b828e50fddece98a2b,100.0,2022-09-02T16:33:45Z,0,,true
Q32,Q32-0xdde1ad-in-1662136976,0x672867ab8c8e70b7ddfd5976293034e2df620de6,0xdde1ad4e53d5003230e883b828e50fddece98a2b,230.0007,2022-09-02T16:42:56Z,0,,true
Q32,Q32-0x7c6e9b-in-1662166914,0x2e1b519afd7cc56baadabe0f6a9678604ad03c94,0x7c6e9b4fce46d867882c3a88d61aa018d754abe2,22.9994,2022-09-03T01:01:54Z,0,,true
Q32,Q32-0x418866-in-1662449164,0x46340b20830761efd32832a74d7169b29feb9758,0x4188663a85c92eea35b5ad3aa5ca7ceb237c6fe9,799.9955,2022-09-06T07:26:04Z,0,,true
Q32,Q32-0x418866-in-1662530805,0x46340b20830761efd32832a74d7169b29feb9758,0x4188663a85c92eea35b5ad3aa5ca7ceb237c6fe9,799.9955,2022-09-07T06:06:45Z,0,,true
Q32,Q32-0x418866-in-1662216282,0x8484ef722627bf18ca5ae6bcf031c23e6e922b30,0x4188663a85c92eea35b5ad3aa5ca7ceb237c6fe9,799.9997,2022-09-03T14:44:42Z,0,,true
Q32,Q32-0x418866-in-1662263721,0x8484ef722627bf18ca5ae6bcf031c23e6e922b30,0x4188663a85c92eea35b5ad3aa5ca7ceb237c6fe9,799.9997,2022-09-04T03:55:21Z,0,,true
Q32,Q32-0x418866-in-1662438258,0x8484ef722627bf18ca5ae6bcf031c23e6e922b30,0x4188663a85c92eea35b5ad3aa5ca7ceb237c6fe9,799.9997,2022-09-06T04:24:18Z,0,,true
Q32,Q32-0x04fdac-in-1662271921,0x25eaff5b179f209cf186b1cdcbfa463a69df4c45,0x04fdac379336686f52e6bb8fd1bec9e59d1dca60,39.9999,2022-09-04T06:12:01Z,0,,true
Q32,Q32-0x04fdac-in-1662272738,0x25eaff5b179f209cf186b1cdcbfa463a69df4c45,0x04fdac379336686f52e6bb8fd1bec9e59d1dca60,59.999,2022-09-04T06:25:38Z,0,,true
Q32,Q32-0x04fdac-in-1662273068,0x25eaff5b179f209cf186b1cdcbfa463a69df4c45,0x04fdac379336686f52e6bb8fd1bec9e59d1dca60,59.9999,2022-09-04T06:31:08Z,0,,true
Q32,Q32-0xfb2c9a-in-1662295210,0xc4c319e2d4d66cca4464c0c2b32c9bd23ebe784e,0xfb2c9a817c1c347c0164a8211cf7014650379cfa,14.0055,2022-09-04T12:40:10Z,0,,true
Q32,Q32-0xab6adb-in-1662201348,0xa160cdab225685da1d56aa342ad8841c3b53f291,0xab6adb4bfe4f8344f53401ecb14b2d3c77e7ddff,100.0,2022-09-03T10:35:48Z,0,,true
Q32,Q32-0xab6adb-in-1662202628,0xa160cdab225685da1d56aa342ad8841c3b53f291,0xab6adb4bfe4f8344f53401ecb14b2d3c77e7ddff,100.0,2022-09-03T10:57:08Z,0,,true
Q32,Q32-0xab6adb-in-1662203670,0xa160cdab225685da1d56aa342ad8841c3b53f291,0xab6adb4bfe4f8344f53401ecb14b2d3c77e7ddff,100.0,2022-09-03T11:14:30Z,0,,true
Q32,Q32-0xab6adb-in-1662204824,0xa160cdab225685da1d56aa342ad8841c3b53f291,0xab6adb4bfe4f8344f53401ecb14b2d3c77e7ddff,100.0,2022-09-03T11:33:44Z,0,,true
Q32,Q32-0xab6adb-in-1662206252,0xa160cdab225685da1d56aa342ad8841c3b53f291,0xab6adb4bfe4f8344f53401ecb14b2d3c77e7ddff,100.0,2022-09-03T11:57:32Z,0,,true
Q32,Q32-0xab6adb-in-1662206831,0xa160cdab225685da1d56aa342ad8841c3b53f291,0xab6adb4bfe4f8344f53401ecb14b2d3c77e7ddff,100.0,2022-09-03T12:07:11Z,0,,true
Q32,Q32-0xab6adb-in-1662207645,0xa160cdab225685da1d56aa342ad8841c3b53f291,0xab6adb4bfe4f8344f53401ecb14b2d3c77e7ddff,100.0,2022-09-03T12:20:45Z,0,,true
Q32,Q32-0xab6adb-in-1662208763,0xa160cdab225685da1d56aa342ad8841c3b53f291,0xab6adb4bfe4f8344f53401ecb14b2d3c77e7ddff,100.0,2022-09-03T12:39:23Z,0,,true
Q32,Q32-0xab6adb-in-1662212407,0xa160cdab225685da1d56aa342ad8841c3b53f291,0xab6adb4bfe4f8344f53401ecb14b2d3c77e7ddff,100.0,2022-09-03T13:40:07Z,0,,true
Q32,Q32-0xab6adb-in-1662212944,0xa160cdab225685da1d56aa342ad8841c3b53f291,0xab6adb4bfe4f8344f53401ecb14b2d3c77e7ddff,100.0,2022-09-03T13:49:04Z,0,,true
Q32,Q32-0xbaa70c-in-1662311869,0xd24400ae8bfebb18ca49be86258a3c749cf46853,0xbaa70c8283f070a90d9cc93a195e90ddab2d57ec,11.65,2022-09-04T17:17:49Z,0,,true
Q32,Q32-0xf6ec99-in-1662331973,0xd1a18dc8c3527ce2b2d01b9e52cb2f7a752d8203,0xf6ec99e49635ee47978efed50c649c804a15197c,16.0,2022-09-04T22:52:53Z,0,,true
Q32,Q32-0x5855f7-in-1662399284,0x84cf40ad5be257c7c8e0a416d3c9430a459c2138,0x5855f7a48b93bbc842589060f26bcb231c8138aa,40.0,2022-09-05T17:34:44Z,0,,true
Q32,Q32-0x5855f7-in-1662431260,0xbba3c74a006f199193645e35a936b75b605cb2bc,0x5855f7a48b93bbc842589060f26bcb231c8138aa,15.0,2022-09-06T02:27:40Z,0,,true
Q32,Q32-0xdea2ed-in-1662188334,0x74de5d4fcbf63e00296fd95d33236b9794016631,0xdea2ed23c9548c7b3e3c9df38b040599657727ee,12.7349,2022-09-03T06:58:54Z,0,,true
Q32,Q32-0xdea2ed-in-1662451156,0x74de5d4fcbf63e00296fd95d33236b9794016631,0xdea2ed23c9548c7b3e3c9df38b040599657727ee,30.0851,2022-09-06T07:59:16Z,0,,true
Q32,Q32-0x4660ef-in-1662225179,0xba8da9dcf11b50b03fd5284f164ef5cdef910705,0x4660ef49e8872055ce6ce0ae8b105666945b1aee,19.98,2022-09-03T17:12:59Z,0,,true
Q32,Q32-0x4660ef-in-1662225653,0xba8da9dcf11b50b03fd5284f164ef5cdef910705,0x4660ef49e8872055ce6ce0ae8b105666945b1aee,34.965,2022-09-03T17:20:53Z,0,,true
Q32,Q32-0x4660ef-in-1662474725,0x68b3465833fb72a70ecdf485e0e4c7bd8665fc45,0x4660ef49e8872055ce6ce0ae8b105666945b1aee,79.5907,2022-09-06T14:32:05Z,0,,true
Q32,Q32-0x0b9f8e-in-1662431240,0xc098b2a3aa256d2140208c3de6543aaef5cd3a94,0x0b9f8e10f30cdddb6714ecb7160889bd555139d5,30.9967,2022-09-06T02:27:20Z,0,,true
Q32,Q32-0xc97252-in-1662513918,0xba8da9dcf11b50b03fd5284f164ef5cdef910705,0xc97252f98b7159251d410fe237674dc5bf7465a1,10.384,2022-09-07T01:25:18Z,0,,true
Q32,Q32-0xd1e4a3-in-1662216696,0xdef171fe48cf0115b1d80b88dc8eab59176fee57,0xd1e4a32679216f4a4dd38e45dab9bc4b8a45e592,10.4234,2022-09-03T14:51:36Z,0,,true
Q32,Q32-0xd4ee11-in-1662253792,0xc02aaa39b223fe8d0a0e5c4f27ead9083c756cc2,0xd4ee113548dd66913dff6743e9b89e9fca7e4ead,149.9859,2022-09-04T01:09:52Z,0,,true
Q32,Q32-0xd4ee11-in-1662532290,0xc02aaa39b223fe8d0a0e5c4f27ead9083c756cc2,0xd4ee113548dd66913dff6743e9b89e9fca7e4ead,29.9852,2022-09-07T06:31:30Z,0,,true
Q32,Q32-0xd4ee11-in-1662698777,0x3b968d2d299b895a5fcf3bba7a64ad0f566e6f88,0xd4ee113548dd66913dff6743e9b89e9fca7e4ead,30.0,2022-09-09T04:46:17Z,0,,true
Q32,Q32-0x9f905e-in-1662655520,0xc02aaa39b223fe8d0a0e5c4f27ead9083c756cc2,0x9f905e1125552632208c06040978919259273b99,999.7497,2022-09-08T16:45:20Z,0,,true
Q32,Q32-0x9f905e-in-1662670834,0x5427fefa711eff984124bfbb1ab6fbf5e3da1820,0x9f905e1125552632208c06040978919259273b99,35.7612,2022-09-08T21:00:34Z,0,,true
Q32,Q32-0x9f905e-in-1662709493,0x5427fefa711eff984124bfbb1ab6fbf5e3da1820,0x9f905e1125552632208c06040978919259273b99,31.3269,2022-09-09T07:44:53Z,0,,true
Q32,Q32-0x9f905e-in-1662710447,0x72e2f4830b9e45d52f80ac08cb2bec0fef72ed9c,0x9f905e1125552632208c06040978919259273b99,835.7602,2022-09-09T08:00:47Z,0,,true
Q32,Q32-0xc59334-in-1662714932,0xc098b2a3aa256d2140208c3de6543aaef5cd3a94,0xc593347233bfc08b30e184832f3ab4bf82d29b9a,445.771,2022-09-09T09:15:32Z,0,,true
Q38,Q38-0x910175-in-1775972087,0x00000011f84b9aa48e5f8aa8b9897600006289be,0x910175f3fee798add5fabd3e9cbb63d0a785482c,12.0799,2026-04-12T05:34:47Z,0,,true
Q38,Q38-0x000000-in-1775533163,0xbee3211ab312a8d065c4fef0247448e17a8da000,0x00000011f84b9aa48e5f8aa8b9897600006289be,23.7133,2026-04-07T03:39:23Z,0,,true
Q38,Q38-0x000000-in-1775561927,0x225a38bc71102999dd13478bfabd7c4d53f2dc17,0x00000011f84b9aa48e5f8aa8b9897600006289be,19.2977,2026-04-07T11:38:47Z,0,,true
Q38,Q38-0x000000-in-1775563391,0x225a38bc71102999dd13478bfabd7c4d53f2dc17,0x00000011f84b9aa48e5f8aa8b9897600006289be,10.0,2026-04-07T12:03:11Z,0,,true
Q38,Q38-0x000000-in-1775569451,0x8392876883cf0e9e7ee24d9b1f606ed88644f23b,0x00000011f84b9aa48e5f8aa8b9897600006289be,199.6188,2026-04-07T13:44:11Z,0,,true
Q38,Q38-0x000000-in-1775572067,0x225a38bc71102999dd13478bfabd7c4d53f2dc17,0x00000011f84b9aa48e5f8aa8b9897600006289be,118.7314,2026-04-07T14:27:47Z,0,,true
Q38,Q38-0x000000-in-1775572331,0x225a38bc71102999dd13478bfabd7c4d53f2dc17,0x00000011f84b9aa48e5f8aa8b9897600006289be,24.1168,2026-04-07T14:32:11Z,0,,true
Q38,Q38-0x000000-in-1775573579,0xfbeedcfe378866dab6abbafd8b2986f5c1768737,0x00000011f84b9aa48e5f8aa8b9897600006289be,20.1475,2026-04-07T14:52:59Z,0,,true
Q38,Q38-0x000000-in-1775573627,0xfbeedcfe378866dab6abbafd8b2986f5c1768737,0x00000011f84b9aa48e5f8aa8b9897600006289be,38.8999,2026-04-07T14:53:47Z,0,,true
Q38,Q38-0x000000-in-1775573663,0x8392876883cf0e9e7ee24d9b1f606ed88644f23b,0x00000011f84b9aa48e5f8aa8b9897600006289be,38.7685,2026-04-07T14:54:23Z,0,,true
Q38,Q38-0x000000-in-1775573687,0x225a38bc71102999dd13478bfabd7c4d53f2dc17,0x00000011f84b9aa48e5f8aa8b9897600006289be,28.916,2026-04-07T14:54:47Z,0,,true
Q38,Q38-0x000000-in-1775576663,0xbee3211ab312a8d065c4fef0247448e17a8da000,0x00000011f84b9aa48e5f8aa8b9897600006289be,20.8106,2026-04-07T15:44:23Z,0,,true
Q38,Q38-0x000000-in-1775576939,0x225a38bc71102999dd13478bfabd7c4d53f2dc17,0x00000011f84b9aa48e5f8aa8b9897600006289be,31.2175,2026-04-07T15:48:59Z,0,,true
Q38,Q38-0x000000-in-1775580587,0x225a38bc71102999dd13478bfabd7c4d53f2dc17,0x00000011f84b9aa48e5f8aa8b9897600006289be,10.0,2026-04-07T16:49:47Z,0,,true
Q38,Q38-0x000000-in-1775581055,0x225a38bc71102999dd13478bfabd7c4d53f2dc17,0x00000011f84b9aa48e5f8aa8b9897600006289be,167.9699,2026-04-07T16:57:35Z,0,,true
Q38,Q38-0x000000-in-1775591663,0x225a38bc71102999dd13478bfabd7c4d53f2dc17,0x00000011f84b9aa48e5f8aa8b9897600006289be,14.2088,2026-04-07T19:54:23Z,0,,true
Q38,Q38-0x000000-in-1775592395,0xbfbe692fcec8114121c0f175731c44f6fa021489,0x00000011f84b9aa48e5f8aa8b9897600006289be,12.0222,2026-04-07T20:06:35Z,0,,true
Q38,Q38-0x000000-in-1775596175,0x225a38bc71102999dd13478bfabd7c4d53f2dc17,0x00000011f84b9aa48e5f8aa8b9897600006289be,116.8963,2026-04-07T21:09:35Z,0,,true
Q38,Q38-0x000000-in-1775596223,0x225a38bc71102999dd13478bfabd7c4d53f2dc17,0x00000011f84b9aa48e5f8aa8b9897600006289be,167.7631,2026-04-07T21:10:23Z,0,,true
Q38,Q38-0x000000-in-1775596319,0x225a38bc71102999dd13478bfabd7c4d53f2dc17,0x00000011f84b9aa48e5f8aa8b9897600006289be,233.0261,2026-04-07T21:11:59Z,0,,true
Q38,Q38-0x000000-in-1775596475,0x225a38bc71102999dd13478bfabd7c4d53f2dc17,0x00000011f84b9aa48e5f8aa8b9897600006289be,230.4911,2026-04-07T21:14:35Z,0,,true
Q38,Q38-0x000000-in-1775596919,0x225a38bc71102999dd13478bfabd7c4d53f2dc17,0x00000011f84b9aa48e5f8aa8b9897600006289be,10.2044,2026-04-07T21:21:59Z,0,,true
Q38,Q38-0x000000-in-1775598071,0x225a38bc71102999dd13478bfabd7c4d53f2dc17,0x00000011f84b9aa48e5f8aa8b9897600006289be,466.8198,2026-04-07T21:41:11Z,0,,true
Q38,Q38-0x000000-in-1775598467,0x225a38bc71102999dd13478bfabd7c4d53f2dc17,0x00000011f84b9aa48e5f8aa8b9897600006289be,465.9407,2026-04-07T21:47:47Z,0,,true
Q38,Q38-0x000000-in-1775598611,0x225a38bc71102999dd13478bfabd7c4d53f2dc17,0x00000011f84b9aa48e5f8aa8b9897600006289be,46.6747,2026-04-07T21:50:11Z,0,,true
Q38,Q38-0x000000-in-1775601947,0x225a38bc71102999dd13478bfabd7c4d53f2dc17,0x00000011f84b9aa48e5f8aa8b9897600006289be,18.0,2026-04-07T22:45:47Z,0,,true
Q38,Q38-0x000000-in-1775602055,0xbee3211ab312a8d065c4fef0247448e17a8da000,0x00000011f84b9aa48e5f8aa8b9897600006289be,17.6194,2026-04-07T22:47:35Z,0,,true
Q38,Q38-0x000000-in-1775603003,0x225a38bc71102999dd13478bfabd7c4d53f2dc17,0x00000011f84b9aa48e5f8aa8b9897600006289be,39.3974,2026-04-07T23:03:23Z,0,,true
Q38,Q38-0x000000-in-1775603111,0xfcb51642a2a33eafefd79c236480e295ccbd4a44,0x00000011f84b9aa48e5f8aa8b9897600006289be,14.9392,2026-04-07T23:05:11Z,0,,true
Q38,Q38-0x000000-in-1775603159,0x225a38bc71102999dd13478bfabd7c4d53f2dc17,0x00000011f84b9aa48e5f8aa8b9897600006289be,16.9511,2026-04-07T23:05:59Z,0,,true
Q38,Q38-0x000000-in-1775603447,0xfcb51642a2a33eafefd79c236480e295ccbd4a44,0x00000011f84b9aa48e5f8aa8b9897600006289be,11.3097,2026-04-07T23:10:47Z,0,,true
Q38,Q38-0x000000-in-1775603567,0xbee3211ab312a8d065c4fef0247448e17a8da000,0x00000011f84b9aa48e5f8aa8b9897600006289be,42.5426,2026-04-07T23:12:47Z,0,,true
Q38,Q38-0x000000-in-1775604431,0x61230b10cf353774ba086c126064efa813b5fd6f,0x00000011f84b9aa48e5f8aa8b9897600006289be,37.4825,2026-04-07T23:27:11Z,0,,true
Q38,Q38-0x000000-in-1775606171,0x225a38bc71102999dd13478bfabd7c4d53f2dc17,0x00000011f84b9aa48e5f8aa8b9897600006289be,53.5069,2026-04-07T23:56:11Z,0,,true
Q38,Q38-0x000000-in-1775606387,0xbee3211ab312a8d065c4fef0247448e17a8da000,0x00000011f84b9aa48e5f8aa8b9897600006289be,26.7496,2026-04-07T23:59:47Z,0,,true
Q38,Q38-0x000000-in-1775607383,0x225a38bc71102999dd13478bfabd7c4d53f2dc17,0x00000011f84b9aa48e5f8aa8b9897600006289be,20.4104,2026-04-08T00:16:23Z,0,,true
Q38,Q38-0x000000-in-1775616659,0xbee3211ab312a8d065c4fef0247448e17a8da000,0x00000011f84b9aa48e5f8aa8b9897600006289be,13.4195,2026-04-08T02:50:59Z,0,,true
Q38,Q38-0x000000-in-1775618339,0x225a38bc71102999dd13478bfabd7c4d53f2dc17,0x00000011f84b9aa48e5f8aa8b9897600006289be,13.4259,2026-04-08T03:18:59Z,0,,true
Q38,Q38-0x000000-in-1775623763,0x225a38bc71102999dd13478bfabd7c4d53f2dc17,0x00000011f84b9aa48e5f8aa8b9897600006289be,10.7656,2026-04-08T04:49:23Z,0,,true
Q38,Q38-0x000000-in-1775625791,0x225a38bc71102999dd13478bfabd7c4d53f2dc17,0x00000011f84b9aa48e5f8aa8b9897600006289be,74.7001,2026-04-08T05:23:11Z,0,,true
Q38,Q38-0x000000-in-1775625803,0x225a38bc71102999dd13478bfabd7c4d53f2dc17,0x00000011f84b9aa48e5f8aa8b9897600006289be,12.3231,2026-04-08T05:23:23Z,0,,true
Q38,Q38-0x000000-in-1775629787,0xbee3211ab312a8d065c4fef0247448e17a8da000,0x00000011f84b9aa48e5f8aa8b9897600006289be,10.1888,2026-04-08T06:29:47Z,0,,true
Q38,Q38-0x000000-in-1775632235,0x225a38bc71102999dd13478bfabd7c4d53f2dc17,0x00000011f84b9aa48e5f8aa8b9897600006289be,37.146,2026-04-08T07:10:35Z,0,,true
Q38,Q38-0x000000-in-1775632703,0xbee3211ab312a8d065c4fef0247448e17a8da000,0x00000011f84b9aa48e5f8aa8b9897600006289be,74.2773,2026-04-08T07:18:23Z,0,,true
Q38,Q38-0x000000-in-1775636219,0x225a38bc71102999dd13478bfabd7c4d53f2dc17,0x00000011f84b9aa48e5f8aa8b9897600006289be,56.795,2026-04-08T08:16:59Z,0,,true
Q38,Q38-0x000000-in-1775636699,0xbee3211ab312a8d065c4fef0247448e17a8da000,0x00000011f84b9aa48e5f8aa8b9897600006289be,17.7455,2026-04-08T08:24:59Z,0,,true
Q38,Q38-0x000000-in-1775637443,0x225a38bc71102999dd13478bfabd7c4d53f2dc17,0x00000011f84b9aa48e5f8aa8b9897600006289be,23.0,2026-04-08T08:37:23Z,0,,true
Q38,Q38-0x000000-in-1775639747,0xbee3211ab312a8d065c4fef0247448e17a8da000,0x00000011f84b9aa48e5f8aa8b9897600006289be,13.3335,2026-04-08T09:15:47Z,0,,true
Q38,Q38-0x000000-in-1775640059,0xbee3211ab312a8d065c4fef0247448e17a8da000,0x00000011f84b9aa48e5f8aa8b9897600006289be,11.47,2026-04-08T09:20:59Z,0,,true
Q38,Q38-0x000000-in-1775642675,0x225a38bc71102999dd13478bfabd7c4d53f2dc17,0x00000011f84b9aa48e5f8aa8b9897600006289be,35.5401,2026-04-08T10:04:35Z,0,,true
Q38,Q38-0x000000-in-1775650691,0xbee3211ab312a8d065c4fef0247448e17a8da000,0x00000011f84b9aa48e5f8aa8b9897600006289be,110.9179,2026-04-08T12:18:11Z,0,,true
Q38,Q38-0x000000-in-1775650751,0x225a38bc71102999dd13478bfabd7c4d53f2dc17,0x00000011f84b9aa48e5f8aa8b9897600006289be,78.5914,2026-04-08T12:19:11Z,0,,true
Q38,Q38-0x000000-in-1775655263,0x225a38bc71102999dd13478bfabd7c4d53f2dc17,0x00000011f84b9aa48e5f8aa8b9897600006289be,10.0,2026-04-08T13:34:23Z,0,,true
Q38,Q38-0x000000-in-1775655719,0x61230b10cf353774ba086c126064efa813b5fd6f,0x00000011f84b9aa48e5f8aa8b9897600006289be,53.5828,2026-04-08T13:41:59Z,0,,true
Q38,Q38-0x000000-in-1775662643,0x225a38bc71102999dd13478bfabd7c4d53f2dc17,0x00000011f84b9aa48e5f8aa8b9897600006289be,11.5981,2026-04-08T15:37:23Z,0,,true
Q38,Q38-0x000000-in-1775665739,0xbee3211ab312a8d065c4fef0247448e17a8da000,0x00000011f84b9aa48e5f8aa8b9897600006289be,225.1441,2026-04-08T16:28:59Z,0,,true
Q38,Q38-0x000000-in-1775665787,0x225a38bc71102999dd13478bfabd7c4d53f2dc17,0x00000011f84b9aa48e5f8aa8b9897600006289be,61.2442,2026-04-08T16:29:47Z,0,,true
Q38,Q38-0x000000-in-1775667671,0xbee3211ab312a8d065c4fef0247448e17a8da000,0x00000011f84b9aa48e5f8aa8b9897600006289be,224.9424,2026-04-08T17:01:11Z,0,,true
Q38,Q38-0x000000-in-1775668091,0x225a38bc71102999dd13478bfabd7c4d53f2dc17,0x00000011f84b9aa48e5f8aa8b9897600006289be,67.5083,2026-04-08T17:08:11Z,0,,true
Q38,Q38-0x000000-in-1775670323,0xbee3211ab312a8d065c4fef0247448e17a8da000,0x00000011f84b9aa48e5f8aa8b9897600006289be,238.5401,2026-04-08T17:45:23Z,0,,true
Q38,Q38-0x000000-in-1775679059,0x8392876883cf0e9e7ee24d9b1f606ed88644f23b,0x00000011f84b9aa48e5f8aa8b9897600006289be,10.2433,2026-04-08T20:10:59Z,0,,true
Q38,Q38-0x000000-in-1775700551,0x225a38bc71102999dd13478bfabd7c4d53f2dc17,0x00000011f84b9aa48e5f8aa8b9897600006289be,90.0,2026-04-09T02:09:11Z,0,,true
Q38,Q38-0x000000-in-1775702663,0x225a38bc71102999dd13478bfabd7c4d53f2dc17,0x00000011f84b9aa48e5f8aa8b9897600006289be,18.3474,2026-04-09T02:44:23Z,0,,true
Q38,Q38-0x000000-in-1775702963,0x225a38bc71102999dd13478bfabd7c4d53f2dc17,0x00000011f84b9aa48e5f8aa8b9897600006289be,18.3183,2026-04-09T02:49:23Z,0,,true
Q38,Q38-0x000000-in-1775703011,0x225a38bc71102999dd13478bfabd7c4d53f2dc17,0x00000011f84b9aa48e5f8aa8b9897600006289be,50.0,2026-04-09T02:50:11Z,0,,true
Q38,Q38-0x000000-in-1775703491,0x225a38bc71102999dd13478bfabd7c4d53f2dc17,0x00000011f84b9aa48e5f8aa8b9897600006289be,18.3254,2026-04-09T02:58:11Z,0,,true
Q38,Q38-0x000000-in-1775703623,0x225a38bc71102999dd13478bfabd7c4d53f2dc17,0x00000011f84b9aa48e5f8aa8b9897600006289be,18.3333,2026-04-09T03:00:23Z,0,,true
Q38,Q38-0x000000-in-1775703647,0x225a38bc71102999dd13478bfabd7c4d53f2dc17,0x00000011f84b9aa48e5f8aa8b9897600006289be,18.3329,2026-04-09T03:00:47Z,0,,true
Q38,Q38-0x000000-in-1775703719,0x225a38bc71102999dd13478bfabd7c4d53f2dc17,0x00000011f84b9aa48e5f8aa8b9897600006289be,18.3355,2026-04-09T03:01:59Z,0,,true
Q38,Q38-0x000000-in-1775703791,0x225a38bc71102999dd13478bfabd7c4d53f2dc17,0x00000011f84b9aa48e5f8aa8b9897600006289be,18.3342,2026-04-09T03:03:11Z,0,,true
Q38,Q38-0x000000-in-1775704571,0x225a38bc71102999dd13478bfabd7c4d53f2dc17,0x00000011f84b9aa48e5f8aa8b9897600006289be,18.3382,2026-04-09T03:16:11Z,0,,true
Q38,Q38-0x000000-in-1775704727,0x225a38bc71102999dd13478bfabd7c4d53f2dc17,0x00000011f84b9aa48e5f8aa8b9897600006289be,18.3496,2026-04-09T03:18:47Z,0,,true
Q38,Q38-0x000000-in-1775704823,0x225a38bc71102999dd13478bfabd7c4d53f2dc17,0x00000011f84b9aa48e5f8aa8b9897600006289be,18.355,2026-04-09T03:20:23Z,0,,true
Q38,Q38-0x000000-in-1775704919,0x225a38bc71102999dd13478bfabd7c4d53f2dc17,0x00000011f84b9aa48e5f8aa8b9897600006289be,18.3433,2026-04-09T03:21:59Z,0,,true
Q38,Q38-0x000000-in-1775704979,0x225a38bc71102999dd13478bfabd7c4d53f2dc17,0x00000011f84b9aa48e5f8aa8b9897600006289be,18.3392,2026-04-09T03:22:59Z,0,,true
Q38,Q38-0x000000-in-1775705519,0x225a38bc71102999dd13478bfabd7c4d53f2dc17,0x00000011f84b9aa48e5f8aa8b9897600006289be,18.342,2026-04-09T03:31:59Z,0,,true
Q38,Q38-0x000000-in-1775705579,0x225a38bc71102999dd13478bfabd7c4d53f2dc17,0x00000011f84b9aa48e5f8aa8b9897600006289be,18.3435,2026-04-09T03:32:59Z,0,,true
Q38,Q38-0x000000-in-1775705639,0x225a38bc71102999dd13478bfabd7c4d53f2dc17,0x00000011f84b9aa48e5f8aa8b9897600006289be,18.3393,2026-04-09T03:33:59Z,0,,true
Q38,Q38-0x000000-in-1775705699,0x225a38bc71102999dd13478bfabd7c4d53f2dc17,0x00000011f84b9aa48e5f8aa8b9897600006289be,18.3423,2026-04-09T03:34:59Z,0,,true
Q38,Q38-0x000000-in-1775705771,0x225a38bc71102999dd13478bfabd7c4d53f2dc17,0x00000011f84b9aa48e5f8aa8b9897600006289be,18.3337,2026-04-09T03:36:11Z,0,,true
Q38,Q38-0x000000-in-1775705891,0x225a38bc71102999dd13478bfabd7c4d53f2dc17,0x00000011f84b9aa48e5f8aa8b9897600006289be,18.3444,2026-04-09T03:38:11Z,0,,true
Q38,Q38-0x000000-in-1775706119,0x225a38bc71102999dd13478bfabd7c4d53f2dc17,0x00000011f84b9aa48e5f8aa8b9897600006289be,18.3591,2026-04-09T03:41:59Z,0,,true
Q38,Q38-0x000000-in-1775707379,0x225a38bc71102999dd13478bfabd7c4d53f2dc17,0x00000011f84b9aa48e5f8aa8b9897600006289be,18.3274,2026-04-09T04:02:59Z,0,,true
Q38,Q38-0x000000-in-1775707487,0x225a38bc71102999dd13478bfabd7c4d53f2dc17,0x00000011f84b9aa48e5f8aa8b9897600006289be,18.3328,2026-04-09T04:04:47Z,0,,true
Q38,Q38-0x000000-in-1775707583,0x225a38bc71102999dd13478bfabd7c4d53f2dc17,0x00000011f84b9aa48e5f8aa8b9897600006289be,18.2837,2026-04-09T04:06:23Z,0,,true
Q38,Q38-0x000000-in-1775711039,0x225a38bc71102999dd13478bfabd7c4d53f2dc17,0x00000011f84b9aa48e5f8aa8b9897600006289be,39.5619,2026-04-09T05:03:59Z,0,,true
Q38,Q38-0x000000-in-1775715443,0xfbeedcfe378866dab6abbafd8b2986f5c1768737,0x00000011f84b9aa48e5f8aa8b9897600006289be,60.2413,2026-04-09T06:17:23Z,0,,true
Q38,Q38-0x000000-in-1775715935,0xfbeedcfe378866dab6abbafd8b2986f5c1768737,0x00000011f84b9aa48e5f8aa8b9897600006289be,16.8162,2026-04-09T06:25:35Z,0,,true
Q38,Q38-0x000000-in-1775716067,0xfbeedcfe378866dab6abbafd8b2986f5c1768737,0x00000011f84b9aa48e5f8aa8b9897600006289be,24.6599,2026-04-09T06:27:47Z,0,,true
Q38,Q38-0x000000-in-1775726351,0xbee3211ab312a8d065c4fef0247448e17a8da000,0x00000011f84b9aa48e5f8aa8b9897600006289be,228.6021,2026-04-09T09:19:11Z,0,,true
Q38,Q38-0x000000-in-1775727071,0x225a38bc71102999dd13478bfabd7c4d53f2dc17,0x00000011f84b9aa48e5f8aa8b9897600006289be,10.9854,2026-04-09T09:31:11Z,0,,true
Q38,Q38-0x000000-in-1775727251,0xbee3211ab312a8d065c4fef0247448e17a8da000,0x00000011f84b9aa48e5f8aa8b9897600006289be,288.9962,2026-04-09T09:34:11Z,0,,true
Q38,Q38-0x000000-in-1775730887,0x225a38bc71102999dd13478bfabd7c4d53f2dc17,0x00000011f84b9aa48e5f8aa8b9897600006289be,10.9366,2026-04-09T10:34:47Z,0,,true
Q38,Q38-0x000000-in-1775735315,0x225a38bc71102999dd13478bfabd7c4d53f2dc17,0x00000011f84b9aa48e5f8aa8b9897600006289be,45.8296,2026-04-09T11:48:35Z,0,,true
Q38,Q38-0x000000-in-1775735399,0x225a38bc71102999dd13478bfabd7c4d53f2dc17,0x00000011f84b9aa48e5f8aa8b9897600006289be,11.4531,2026-04-09T11:49:59Z,0,,true
Q38,Q38-0x000000-in-1775742383,0x225a38bc71102999dd13478bfabd7c4d53f2dc17,0x00000011f84b9aa48e5f8aa8b9897600006289be,27.1261,2026-04-09T13:46:23Z,0,,true
Q38,Q38-0x000000-in-1775743391,0x225a38bc71102999dd13478bfabd7c4d53f2dc17,0x00000011f84b9aa48e5f8aa8b9897600006289be,32.5169,2026-04-09T14:03:11Z,0,,true
Q38,Q38-0x000000-in-1775743571,0x225a38bc71102999dd13478bfabd7c4d53f2dc17,0x00000011f84b9aa48e5f8aa8b9897600006289be,21.0637,2026-04-09T14:06:11Z,0,,true
Q38,Q38-0x000000-in-1775744591,0x225a38bc71102999dd13478bfabd7c4d53f2dc17,0x00000011f84b9aa48e5f8aa8b9897600006289be,21.327,2026-04-09T14:23:11Z,0,,true
Q38,Q38-0x000000-in-1775744651,0xbee3211ab312a8d065c4fef0247448e17a8da000,0x00000011f84b9aa48e5f8aa8b9897600006289be,63.9518,2026-04-09T14:24:11Z,0,,true
Q38,Q38-0x000000-in-1775746199,0xbee3211ab312a8d065c4fef0247448e17a8da000,0x00000011f84b9aa48e5f8aa8b9897600006289be,21.2435,2026-04-09T14:49:59Z,0,,true
Q38,Q38-0x000000-in-1775749691,0x225a38bc71102999dd13478bfabd7c4d53f2dc17,0x00000011f84b9aa48e5f8aa8b9897600006289be,16.1253,2026-04-09T15:48:11Z,0,,true
Q38,Q38-0x000000-in-1775750147,0x225a38bc71102999dd13478bfabd7c4d53f2dc17,0x00000011f84b9aa48e5f8aa8b9897600006289be,67.5376,2026-04-09T15:55:47Z,0,,true
Q38,Q38-0x000000-in-1775750831,0x225a38bc71102999dd13478bfabd7c4d53f2dc17,0x00000011f84b9aa48e5f8aa8b9897600006289be,40.5332,2026-04-09T16:07:11Z,0,,true
Q38,Q38-0x000000-in-1775752307,0x225a38bc71102999dd13478bfabd7c4d53f2dc17,0x00000011f84b9aa48e5f8aa8b9897600006289be,50.0,2026-04-09T16:31:47Z,0,,true
Q38,Q38-0x000000-in-1775752511,0x225a38bc71102999dd13478bfabd7c4d53f2dc17,0x00000011f84b9aa48e5f8aa8b9897600006289be,50.0,2026-04-09T16:35:11Z,0,,true
Q38,Q38-0x000000-in-1775753183,0x225a38bc71102999dd13478bfabd7c4d53f2dc17,0x00000011f84b9aa48e5f8aa8b9897600006289be,17.7926,2026-04-09T16:46:23Z,0,,true
Q38,Q38-0x000000-in-1775754551,0x225a38bc71102999dd13478bfabd7c4d53f2dc17,0x00000011f84b9aa48e5f8aa8b9897600006289be,10.0,2026-04-09T17:09:11Z,0,,true
Q38,Q38-0x000000-in-1775756579,0xbee3211ab312a8d065c4fef0247448e17a8da000,0x00000011f84b9aa48e5f8aa8b9897600006289be,235.4245,2026-04-09T17:42:59Z,0,,true
Q38,Q38-0x000000-in-1775757647,0x225a38bc71102999dd13478bfabd7c4d53f2dc17,0x00000011f84b9aa48e5f8aa8b9897600006289be,107.083,2026-04-09T18:00:47Z,0,,true
Q38,Q38-0x000000-in-1775762123,0x225a38bc71102999dd13478bfabd7c4d53f2dc17,0x00000011f84b9aa48e5f8aa8b9897600006289be,10.0183,2026-04-09T19:15:23Z,0,,true
Q38,Q38-0x000000-in-1775762315,0xbee3211ab312a8d065c4fef0247448e17a8da000,0x00000011f84b9aa48e5f8aa8b9897600006289be,45.1985,2026-04-09T19:18:35Z,0,,true
Q38,Q38-0x000000-in-1775765039,0xbee3211ab312a8d065c4fef0247448e17a8da000,0x00000011f84b9aa48e5f8aa8b9897600006289be,22.5298,2026-04-09T20:03:59Z,0,,true
Q38,Q38-0x000000-in-1775766155,0x225a38bc71102999dd13478bfabd7c4d53f2dc17,0x00000011f84b9aa48e5f8aa8b9897600006289be,89.9962,2026-04-09T20:22:35Z,0,,true
Q38,Q38-0x000000-in-1775766599,0xbee3211ab312a8d065c4fef0247448e17a8da000,0x00000011f84b9aa48e5f8aa8b9897600006289be,11.2931,2026-04-09T20:29:59Z,0,,true
Q38,Q38-0x000000-in-1775773379,0x225a38bc71102999dd13478bfabd7c4d53f2dc17,0x00000011f84b9aa48e5f8aa8b9897600006289be,44.8371,2026-04-09T22:22:59Z,0,,true
Q38,Q38-0x000000-in-1775776595,0x225a38bc71102999dd13478bfabd7c4d53f2dc17,0x00000011f84b9aa48e5f8aa8b9897600006289be,21.4175,2026-04-09T23:16:35Z,0,,true
Q38,Q38-0x000000-in-1775780159,0xeff6cb8b614999d130e537751ee99724d01aa167,0x00000011f84b9aa48e5f8aa8b9897600006289be,15.8073,2026-04-10T00:15:59Z,0,,true
Q38,Q38-0x000000-in-1775784323,0x225a38bc71102999dd13478bfabd7c4d53f2dc17,0x00000011f84b9aa48e5f8aa8b9897600006289be,10.7905,2026-04-10T01:25:23Z,0,,true
Q38,Q38-0x000000-in-1775800847,0xfbeedcfe378866dab6abbafd8b2986f5c1768737,0x00000011f84b9aa48e5f8aa8b9897600006289be,15.3607,2026-04-10T06:00:47Z,0,,true
Q38,Q38-0x000000-in-1775801651,0xbee3211ab312a8d065c4fef0247448e17a8da000,0x00000011f84b9aa48e5f8aa8b9897600006289be,22.7732,2026-04-10T06:14:11Z,0,,true
Q38,Q38-0x000000-in-1775815211,0xbee3211ab312a8d065c4fef0247448e17a8da000,0x00000011f84b9aa48e5f8aa8b9897600006289be,27.162,2026-04-10T10:00:11Z,0,,true
Q38,Q38-0x000000-in-1775819843,0x225a38bc71102999dd13478bfabd7c4d53f2dc17,0x00000011f84b9aa48e5f8aa8b9897600006289be,52.4639,2026-04-10T11:17:23Z,0,,true
Q38,Q38-0x000000-in-1775820959,0x225a38bc71102999dd13478bfabd7c4d53f2dc17,0x00000011f84b9aa48e5f8aa8b9897600006289be,45.1029,2026-04-10T11:35:59Z,0,,true
Q38,Q38-0x000000-in-1775823803,0xbee3211ab312a8d065c4fef0247448e17a8da000,0x00000011f84b9aa48e5f8aa8b9897600006289be,22.5277,2026-04-10T12:23:23Z,0,,true
Q38,Q38-0x000000-in-1775830583,0x225a38bc71102999dd13478bfabd7c4d53f2dc17,0x00000011f84b9aa48e5f8aa8b9897600006289be,10.4884,2026-04-10T14:16:23Z,0,,true
Q38,Q38-0x000000-in-1775830883,0x225a38bc71102999dd13478bfabd7c4d53f2dc17,0x00000011f84b9aa48e5f8aa8b9897600006289be,66.7098,2026-04-10T14:21:23Z,0,,true
Q38,Q38-0x000000-in-1775831327,0x225a38bc71102999dd13478bfabd7c4d53f2dc17,0x00000011f84b9aa48e5f8aa8b9897600006289be,66.8013,2026-04-10T14:28:47Z,0,,true
Q38,Q38-0x000000-in-1775831411,0x225a38bc71102999dd13478bfabd7c4d53f2dc17,0x00000011f84b9aa48e5f8aa8b9897600006289be,10.492,2026-04-10T14:30:11Z,0,,true
Q38,Q38-0x000000-in-1775832203,0x225a38bc71102999dd13478bfabd7c4d53f2dc17,0x00000011f84b9aa48e5f8aa8b9897600006289be,10.1327,2026-04-10T14:43:23Z,0,,true
Q38,Q38-0x000000-in-1775838563,0xbee3211ab312a8d065c4fef0247448e17a8da000,0x00000011f84b9aa48e5f8aa8b9897600006289be,44.6333,2026-04-10T16:29:23Z,0,,true
Q38,Q38-0x000000-in-1775843627,0x225a38bc71102999dd13478bfabd7c4d53f2dc17,0x00000011f84b9aa48e5f8aa8b9897600006289be,222.3471,2026-04-10T17:53:47Z,0,,true
Q38,Q38-0x000000-in-1775849591,0x225a38bc71102999dd13478bfabd7c4d53f2dc17,0x00000011f84b9aa48e5f8aa8b9897600006289be,11.0815,2026-04-10T19:33:11Z,0,,true
Q38,Q38-0x000000-in-1775850935,0xbee3211ab312a8d065c4fef0247448e17a8da000,0x00000011f84b9aa48e5f8aa8b9897600006289be,13.364,2026-04-10T19:55:35Z,0,,true
Q38,Q38-0x000000-in-1775851499,0x225a38bc71102999dd13478bfabd7c4d53f2dc17,0x00000011f84b9aa48e5f8aa8b9897600006289be,16.8478,2026-04-10T20:04:59Z,0,,true
Q38,Q38-0x000000-in-1775851607,0x225a38bc71102999dd13478bfabd7c4d53f2dc17,0x00000011f84b9aa48e5f8aa8b9897600006289be,282.3067,2026-04-10T20:06:47Z,0,,true
Q38,Q38-0x000000-in-1775854715,0xbee3211ab312a8d065c4fef0247448e17a8da000,0x00000011f84b9aa48e5f8aa8b9897600006289be,124.8402,2026-04-10T20:58:35Z,0,,true
Q38,Q38-0x000000-in-1775892839,0x225a38bc71102999dd13478bfabd7c4d53f2dc17,0x00000011f84b9aa48e5f8aa8b9897600006289be,40.2447,2026-04-11T07:33:59Z,0,,true
Q38,Q38-0x000000-in-1775919995,0xbee3211ab312a8d065c4fef0247448e17a8da000,0x00000011f84b9aa48e5f8aa8b9897600006289be,26.3273,2026-04-11T15:06:35Z,0,,true
Q38,Q38-0x000000-in-1775921831,0xbee3211ab312a8d065c4fef0247448e17a8da000,0x00000011f84b9aa48e5f8aa8b9897600006289be,58.0504,2026-04-11T15:37:11Z,0,,true
Q38,Q38-0x000000-in-1775921855,0x225a38bc71102999dd13478bfabd7c4d53f2dc17,0x00000011f84b9aa48e5f8aa8b9897600006289be,29.0274,2026-04-11T15:37:35Z,0,,true
Q38,Q38-0x000000-in-1775921891,0x225a38bc71102999dd13478bfabd7c4d53f2dc17,0x00000011f84b9aa48e5f8aa8b9897600006289be,29.0238,2026-04-11T15:38:11Z,0,,true
Q38,Q38-0x000000-in-1775922107,0x225a38bc71102999dd13478bfabd7c4d53f2dc17,0x00000011f84b9aa48e5f8aa8b9897600006289be,15.5654,2026-04-11T15:41:47Z,0,,true
Q38,Q38-0x000000-in-1775925971,0xbee3211ab312a8d065c4fef0247448e17a8da000,0x00000011f84b9aa48e5f8aa8b9897600006289be,132.4774,2026-04-11T16:46:11Z,0,,true
Q38,Q38-0x000000-in-1775926019,0x225a38bc71102999dd13478bfabd7c4d53f2dc17,0x00000011f84b9aa48e5f8aa8b9897600006289be,146.2956,2026-04-11T16:46:59Z,0,,true
Q38,Q38-0x000000-in-1775926151,0xbee3211ab312a8d065c4fef0247448e17a8da000,0x00000011f84b9aa48e5f8aa8b9897600006289be,220.7366,2026-04-11T16:49:11Z,0,,true
Q38,Q38-0x000000-in-1775926199,0xbee3211ab312a8d065c4fef0247448e17a8da000,0x00000011f84b9aa48e5f8aa8b9897600006289be,228.2515,2026-04-11T16:49:59Z,0,,true
Q38,Q38-0x000000-in-1775934563,0x225a38bc71102999dd13478bfabd7c4d53f2dc17,0x00000011f84b9aa48e5f8aa8b9897600006289be,50.0,2026-04-11T19:09:23Z,0,,true
Q38,Q38-0x000000-in-1775934659,0x225a38bc71102999dd13478bfabd7c4d53f2dc17,0x00000011f84b9aa48e5f8aa8b9897600006289be,28.5131,2026-04-11T19:10:59Z,0,,true
Q38,Q38-0x000000-in-1775934959,0x225a38bc71102999dd13478bfabd7c4d53f2dc17,0x00000011f84b9aa48e5f8aa8b9897600006289be,50.0,2026-04-11T19:15:59Z,0,,true
Q38,Q38-0x000000-in-1775936915,0xbee3211ab312a8d065c4fef0247448e17a8da000,0x00000011f84b9aa48e5f8aa8b9897600006289be,21.5776,2026-04-11T19:48:35Z,0,,true
Q38,Q38-0x000000-in-1775937251,0x225a38bc71102999dd13478bfabd7c4d53f2dc17,0x00000011f84b9aa48e5f8aa8b9897600006289be,22.0911,2026-04-11T19:54:11Z,0,,true
Q38,Q38-0x000000-in-1775937671,0x225a38bc71102999dd13478bfabd7c4d53f2dc17,0x00000011f84b9aa48e5f8aa8b9897600006289be,21.5824,2026-04-11T20:01:11Z,0,,true
Q38,Q38-0x000000-in-1775939075,0x225a38bc71102999dd13478bfabd7c4d53f2dc17,0x00000011f84b9aa48e5f8aa8b9897600006289be,17.2427,2026-04-11T20:24:35Z,0,,true
Q38,Q38-0x000000-in-1775942963,0x225a38bc71102999dd13478bfabd7c4d53f2dc17,0x00000011f84b9aa48e5f8aa8b9897600006289be,20.22,2026-04-11T21:29:23Z,0,,true
Q38,Q38-0x000000-in-1775943131,0xbee3211ab312a8d065c4fef0247448e17a8da000,0x00000011f84b9aa48e5f8aa8b9897600006289be,21.756,2026-04-11T21:32:11Z,0,,true
Q38,Q38-0x000000-in-1775950247,0x225a38bc71102999dd13478bfabd7c4d53f2dc17,0x00000011f84b9aa48e5f8aa8b9897600006289be,21.0566,2026-04-11T23:30:47Z,0,,true
Q38,Q38-0x000000-in-1775951579,0xeff6cb8b614999d130e537751ee99724d01aa167,0x00000011f84b9aa48e5f8aa8b9897600006289be,11.1137,2026-04-11T23:52:59Z,0,,true
Q38,Q38-0x000000-in-1775959319,0x225a38bc71102999dd13478bfabd7c4d53f2dc17,0x00000011f84b9aa48e5f8aa8b9897600006289be,22.5178,2026-04-12T02:01:59Z,0,,true
Q38,Q38-0x000000-in-1775959463,0xbee3211ab312a8d065c4fef0247448e17a8da000,0x00000011f84b9aa48e5f8aa8b9897600006289be,22.5954,2026-04-12T02:04:23Z,0,,true
Q38,Q38-0x000000-in-1775966039,0xbee3211ab312a8d065c4fef0247448e17a8da000,0x00000011f84b9aa48e5f8aa8b9897600006289be,88.4431,2026-04-12T03:53:59Z,0,,true
Q38,Q38-0x000000-in-1775966411,0xbee3211ab312a8d065c4fef0247448e17a8da000,0x00000011f84b9aa48e5f8aa8b9897600006289be,130.8561,2026-04-12T04:00:11Z,0,,true
Q38,Q38-0x000000-in-1775966555,0x225a38bc71102999dd13478bfabd7c4d53f2dc17,0x00000011f84b9aa48e5f8aa8b9897600006289be,22.5713,2026-04-12T04:02:35Z,0,,true
Q38,Q38-0x000000-in-1775972039,0x225a38bc71102999dd13478bfabd7c4d53f2dc17,0x00000011f84b9aa48e5f8aa8b9897600006289be,22.5325,2026-04-12T05:33:59Z,0,,true
Q38,Q38-0x000000-in-1775972087,0xbee3211ab312a8d065c4fef0247448e17a8da000,0x00000011f84b9aa48e5f8aa8b9897600006289be,12.0799,2026-04-12T05:34:47Z,0,,true
Q38,Q38-0x000000-in-1775981687,0x225a38bc71102999dd13478bfabd7c4d53f2dc17,0x00000011f84b9aa48e5f8aa8b9897600006289be,15.0585,2026-04-12T08:14:47Z,0,,true
Q38,Q38-0x000000-in-1775985575,0xbee3211ab312a8d065c4fef0247448e17a8da000,0x00000011f84b9aa48e5f8aa8b9897600006289be,18.0548,2026-04-12T09:19:35Z,0,,true
Q38,Q38-0x000000-in-1775987279,0x225a38bc71102999dd13478bfabd7c4d53f2dc17,0x00000011f84b9aa48e5f8aa8b9897600006289be,34.537,2026-04-12T09:47:59Z,0,,true
Q38,Q38-0x000000-in-1775989931,0xbee3211ab312a8d065c4fef0247448e17a8da000,0x00000011f84b9aa48e5f8aa8b9897600006289be,461.1878,2026-04-12T10:32:11Z,0,,true
Q38,Q38-0x000000-in-1775992079,0xbee3211ab312a8d065c4fef0247448e17a8da000,0x00000011f84b9aa48e5f8aa8b9897600006289be,20.8238,2026-04-12T11:07:59Z,0,,true
Q38,Q38-0x000000-in-1775992295,0xbee3211ab312a8d065c4fef0247448e17a8da000,0x00000011f84b9aa48e5f8aa8b9897600006289be,29.2427,2026-04-12T11:11:35Z,0,,true
Q38,Q38-0x000000-in-1775992331,0xbee3211ab312a8d065c4fef0247448e17a8da000,0x00000011f84b9aa48e5f8aa8b9897600006289be,29.2411,2026-04-12T11:12:11Z,0,,true
Q38,Q38-0x000000-in-1775996207,0x225a38bc71102999dd13478bfabd7c4d53f2dc17,0x00000011f84b9aa48e5f8aa8b9897600006289be,106.3493,2026-04-12T12:16:47Z,0,,true
Q38,Q38-0x000000-in-1775998871,0x225a38bc71102999dd13478bfabd7c4d53f2dc17,0x00000011f84b9aa48e5f8aa8b9897600006289be,91.1657,2026-04-12T13:01:11Z,0,,true
Q38,Q38-0x000000-in-1776003647,0xbee3211ab312a8d065c4fef0247448e17a8da000,0x00000011f84b9aa48e5f8aa8b9897600006289be,259.5336,2026-04-12T14:20:47Z,0,,true
Q38,Q38-0x000000-in-1776010079,0xbee3211ab312a8d065c4fef0247448e17a8da000,0x00000011f84b9aa48e5f8aa8b9897600006289be,22.864,2026-04-12T16:07:59Z,0,,true
Q38,Q38-0x000000-in-1776017063,0xbee3211ab312a8d065c4fef0247448e17a8da000,0x00000011f84b9aa48e5f8aa8b9897600006289be,10.2067,2026-04-12T18:04:23Z,0,,true
Q38,Q38-0x000000-in-1776024611,0x225a38bc71102999dd13478bfabd7c4d53f2dc17,0x00000011f84b9aa48e5f8aa8b9897600006289be,16.0,2026-04-12T20:10:11Z,0,,true
Q38,Q38-0x000000-in-1776026843,0x8392876883cf0e9e7ee24d9b1f606ed88644f23b,0x00000011f84b9aa48e5f8aa8b9897600006289be,355.9136,2026-04-12T20:47:23Z,0,,true
Q38,Q38-0x000000-in-1776038423,0x225a38bc71102999dd13478bfabd7c4d53f2dc17,0x00000011f84b9aa48e5f8aa8b9897600006289be,22.8312,2026-04-13T00:00:23Z,0,,true
Q38,Q38-0x000000-in-1776038723,0x225a38bc71102999dd13478bfabd7c4d53f2dc17,0x00000011f84b9aa48e5f8aa8b9897600006289be,34.6545,2026-04-13T00:05:23Z,0,,true
Q38,Q38-0x000000-in-1776041615,0x225a38bc71102999dd13478bfabd7c4d53f2dc17,0x00000011f84b9aa48e5f8aa8b9897600006289be,10.5897,2026-04-13T00:53:35Z,0,,true
Q38,Q38-0x000000-in-1776043079,0x225a38bc71102999dd13478bfabd7c4d53f2dc17,0x00000011f84b9aa48e5f8aa8b9897600006289be,10.5948,2026-04-13T01:17:59Z,0,,true
Q38,Q38-0x000000-in-1776044555,0x225a38bc71102999dd13478bfabd7c4d53f2dc17,0x00000011f84b9aa48e5f8aa8b9897600006289be,35.2391,2026-04-13T01:42:35Z,0,,true
Q38,Q38-0x000000-in-1776046475,0xeff6cb8b614999d130e537751ee99724d01aa167,0x00000011f84b9aa48e5f8aa8b9897600006289be,19.3424,2026-04-13T02:14:35Z,0,,true
Q38,Q38-0x000000-in-1776048563,0x225a38bc71102999dd13478bfabd7c4d53f2dc17,0x00000011f84b9aa48e5f8aa8b9897600006289be,11.6334,2026-04-13T02:49:23Z,0,,true
Q38,Q38-0x000000-in-1776048923,0x225a38bc71102999dd13478bfabd7c4d53f2dc17,0x00000011f84b9aa48e5f8aa8b9897600006289be,11.3186,2026-04-13T02:55:23Z,0,,true
Q38,Q38-0x000000-in-1776060503,0x225a38bc71102999dd13478bfabd7c4d53f2dc17,0x00000011f84b9aa48e5f8aa8b9897600006289be,91.5,2026-04-13T06:08:23Z,0,,true
Q38,Q38-0x000000-in-1776060611,0x225a38bc71102999dd13478bfabd7c4d53f2dc17,0x00000011f84b9aa48e5f8aa8b9897600006289be,91.5,2026-04-13T06:10:11Z,0,,true
Q38,Q38-0x000000-in-1776060755,0x225a38bc71102999dd13478bfabd7c4d53f2dc17,0x00000011f84b9aa48e5f8aa8b9897600006289be,91.5,2026-04-13T06:12:35Z,0,,true
Q38,Q38-0x000000-in-1776060863,0x225a38bc71102999dd13478bfabd7c4d53f2dc17,0x00000011f84b9aa48e5f8aa8b9897600006289be,91.5,2026-04-13T06:14:23Z,0,,true
Q38,Q38-0x000000-in-1776072923,0xbee3211ab312a8d065c4fef0247448e17a8da000,0x00000011f84b9aa48e5f8aa8b9897600006289be,13.697,2026-04-13T09:35:23Z,0,,true
Q38,Q38-0x000000-in-1776078119,0x225a38bc71102999dd13478bfabd7c4d53f2dc17,0x00000011f84b9aa48e5f8aa8b9897600006289be,71.718,2026-04-13T11:01:59Z,0,,true
Q38,Q38-0x000000-in-1776084995,0x225a38bc71102999dd13478bfabd7c4d53f2dc17,0x00000011f84b9aa48e5f8aa8b9897600006289be,18.2247,2026-04-13T12:56:35Z,0,,true
Q38,Q38-0x000000-in-1776085703,0x225a38bc71102999dd13478bfabd7c4d53f2dc17,0x00000011f84b9aa48e5f8aa8b9897600006289be,18.7729,2026-04-13T13:08:23Z,0,,true
Q38,Q38-0x000000-in-1776088367,0x225a38bc71102999dd13478bfabd7c4d53f2dc17,0x00000011f84b9aa48e5f8aa8b9897600006289be,100.0,2026-04-13T13:52:47Z,0,,true
Q38,Q38-0x000000-in-1776088439,0x225a38bc71102999dd13478bfabd7c4d53f2dc17,0x00000011f84b9aa48e5f8aa8b9897600006289be,11.3723,2026-04-13T13:53:59Z,0,,true
Q38,Q38-0x000000-in-1776088679,0x225a38bc71102999dd13478bfabd7c4d53f2dc17,0x00000011f84b9aa48e5f8aa8b9897600006289be,42.8195,2026-04-13T13:57:59Z,0,,true
Q38,Q38-0x000000-in-1776088691,0x225a38bc71102999dd13478bfabd7c4d53f2dc17,0x00000011f84b9aa48e5f8aa8b9897600006289be,10.0,2026-04-13T13:58:11Z,0,,true
Q38,Q38-0x000000-in-1776088775,0xbee3211ab312a8d065c4fef0247448e17a8da000,0x00000011f84b9aa48e5f8aa8b9897600006289be,10.0,2026-04-13T13:59:35Z,0,,true
Q38,Q38-0x000000-in-1776088811,0x225a38bc71102999dd13478bfabd7c4d53f2dc17,0x00000011f84b9aa48e5f8aa8b9897600006289be,10.0,2026-04-13T14:00:11Z,0,,true
Q38,Q38-0x000000-in-1776089603,0xbee3211ab312a8d065c4fef0247448e17a8da000,0x00000011f84b9aa48e5f8aa8b9897600006289be,10.1646,2026-04-13T14:13:23Z,0,,true
Q38,Q38-0x000000-in-1776089891,0x225a38bc71102999dd13478bfabd7c4d53f2dc17,0x00000011f84b9aa48e5f8aa8b9897600006289be,35.1009,2026-04-13T14:18:11Z,0,,true
Q38,Q38-0x000000-in-1776090515,0x225a38bc71102999dd13478bfabd7c4d53f2dc17,0x00000011f84b9aa48e5f8aa8b9897600006289be,44.711,2026-04-13T14:28:35Z,0,,true
Q38,Q38-0x000000-in-1776090683,0xbee3211ab312a8d065c4fef0247448e17a8da000,0x00000011f84b9aa48e5f8aa8b9897600006289be,153.8077,2026-04-13T14:31:23Z,0,,true
Q38,Q38-0x000000-in-1776092411,0x225a38bc71102999dd13478bfabd7c4d53f2dc17,0x00000011f84b9aa48e5f8aa8b9897600006289be,175.6893,2026-04-13T15:00:11Z,0,,true
Q38,Q38-0x000000-in-1776098315,0xbee3211ab312a8d065c4fef0247448e17a8da000,0x00000011f84b9aa48e5f8aa8b9897600006289be,21.5484,2026-04-13T16:38:35Z,0,,true
Q38,Q38-0x000000-in-1776099767,0x225a38bc71102999dd13478bfabd7c4d53f2dc17,0x00000011f84b9aa48e5f8aa8b9897600006289be,38.2014,2026-04-13T17:02:47Z,0,,true
Q38,Q38-0x000000-in-1776100667,0x225a38bc71102999dd13478bfabd7c4d53f2dc17,0x00000011f84b9aa48e5f8aa8b9897600006289be,11.2239,2026-04-13T17:17:47Z,0,,true
Q38,Q38-0x000000-in-1776101219,0x225a38bc71102999dd13478bfabd7c4d53f2dc17,0x00000011f84b9aa48e5f8aa8b9897600006289be,22.4043,2026-04-13T17:26:59Z,0,,true
Q38,Q38-0x000000-in-1776101291,0xeff6cb8b614999d130e537751ee99724d01aa167,0x00000011f84b9aa48e5f8aa8b9897600006289be,12.0,2026-04-13T17:28:11Z,0,,true
Q38,Q38-0x000000-in-1776102995,0x225a38bc71102999dd13478bfabd7c4d53f2dc17,0x00000011f84b9aa48e5f8aa8b9897600006289be,11.3505,2026-04-13T17:56:35Z,0,,true
Q38,Q38-0x000000-in-1776106091,0xbee3211ab312a8d065c4fef0247448e17a8da000,0x00000011f84b9aa48e5f8aa8b9897600006289be,18.9865,2026-04-13T18:48:11Z,0,,true
Q38,Q38-0x000000-in-1776106139,0x225a38bc71102999dd13478bfabd7c4d53f2dc17,0x00000011f84b9aa48e5f8aa8b9897600006289be,34.9873,2026-04-13T18:48:59Z,0,,true
Q38,Q38-0x000000-in-1776108107,0x225a38bc71102999dd13478bfabd7c4d53f2dc17,0x00000011f84b9aa48e5f8aa8b9897600006289be,28.9733,2026-04-13T19:21:47Z,0,,true
Q38,Q38-0x000000-in-1776110603,0x225a38bc71102999dd13478bfabd7c4d53f2dc17,0x00000011f84b9aa48e5f8aa8b9897600006289be,14.1579,2026-04-13T20:03:23Z,0,,true
Q38,Q38-0x000000-in-1776121343,0x225a38bc71102999dd13478bfabd7c4d53f2dc17,0x00000011f84b9aa48e5f8aa8b9897600006289be,24.3264,2026-04-13T23:02:23Z,0,,true
Q38,Q38-0x000000-in-1776126899,0x225a38bc71102999dd13478bfabd7c4d53f2dc17,0x00000011f84b9aa48e5f8aa8b9897600006289be,82.4762,2026-04-14T00:34:59Z,0,,true
Q38,Q38-0x000000-in-1776126995,0x225a38bc71102999dd13478bfabd7c4d53f2dc17,0x00000011f84b9aa48e5f8aa8b9897600006289be,1549.5576,2026-04-14T00:36:35Z,0,,true
Q38,Q38-0x000000-in-1776128471,0x225a38bc71102999dd13478bfabd7c4d53f2dc17,0x00000011f84b9aa48e5f8aa8b9897600006289be,21.1859,2026-04-14T01:01:11Z,0,,true
Q38,Q38-0x000000-in-1776128771,0x225a38bc71102999dd13478bfabd7c4d53f2dc17,0x00000011f84b9aa48e5f8aa8b9897600006289be,21.1697,2026-04-14T01:06:11Z,0,,true
Q38,Q38-0x000000-in-1776129131,0x225a38bc71102999dd13478bfabd7c4d53f2dc17,0x00000011f84b9aa48e5f8aa8b9897600006289be,21.1401,2026-04-14T01:12:11Z,0,,true
Q38,Q38-0x000000-in-1776129407,0x225a38bc71102999dd13478bfabd7c4d53f2dc17,0x00000011f84b9aa48e5f8aa8b9897600006289be,21.1512,2026-04-14T01:16:47Z,0,,true
Q38,Q38-0x000000-in-1776131543,0x225a38bc71102999dd13478bfabd7c4d53f2dc17,0x00000011f84b9aa48e5f8aa8b9897600006289be,20.8089,2026-04-14T01:52:23Z,0,,true
Q38,Q38-0x225a38-in-1775561927,0xc02aaa39b223fe8d0a0e5c4f27ead9083c756cc2,0x225a38bc71102999dd13478bfabd7c4d53f2dc17,19.2977,2026-04-07T11:38:47Z,0,,true
Q38,Q38-0x225a38-in-1775563391,0xc02aaa39b223fe8d0a0e5c4f27ead9083c756cc2,0x225a38bc71102999dd13478bfabd7c4d53f2dc17,10.0,2026-04-07T12:03:11Z,0,,true
Q38,Q38-0x225a38-in-1775572067,0xc02aaa39b223fe8d0a0e5c4f27ead9083c756cc2,0x225a38bc71102999dd13478bfabd7c4d53f2dc17,118.7314,2026-04-07T14:27:47Z,0,,true
Q38,Q38-0x225a38-in-1775572331,0xc02aaa39b223fe8d0a0e5c4f27ead9083c756cc2,0x225a38bc71102999dd13478bfabd7c4d53f2dc17,24.1168,2026-04-07T14:32:11Z,0,,true
Q38,Q38-0x225a38-in-1775573687,0xc02aaa39b223fe8d0a0e5c4f27ead9083c756cc2,0x225a38bc71102999dd13478bfabd7c4d53f2dc17,28.916,2026-04-07T14:54:47Z,0,,true
Q38,Q38-0x225a38-in-1775576939,0xc02aaa39b223fe8d0a0e5c4f27ead9083c756cc2,0x225a38bc71102999dd13478bfabd7c4d53f2dc17,31.2175,2026-04-07T15:48:59Z,0,,true
Q38,Q38-0x225a38-in-1775580587,0xc02aaa39b223fe8d0a0e5c4f27ead9083c756cc2,0x225a38bc71102999dd13478bfabd7c4d53f2dc17,10.0,2026-04-07T16:49:47Z,0,,true
Q38,Q38-0x225a38-in-1775581055,0xc02aaa39b223fe8d0a0e5c4f27ead9083c756cc2,0x225a38bc71102999dd13478bfabd7c4d53f2dc17,167.9699,2026-04-07T16:57:35Z,0,,true
Q38,Q38-0x225a38-in-1775591663,0xc02aaa39b223fe8d0a0e5c4f27ead9083c756cc2,0x225a38bc71102999dd13478bfabd7c4d53f2dc17,14.2088,2026-04-07T19:54:23Z,0,,true
Q38,Q38-0x225a38-in-1775596175,0xc02aaa39b223fe8d0a0e5c4f27ead9083c756cc2,0x225a38bc71102999dd13478bfabd7c4d53f2dc17,116.8963,2026-04-07T21:09:35Z,0,,true
Q38,Q38-0x225a38-in-1775596223,0xc02aaa39b223fe8d0a0e5c4f27ead9083c756cc2,0x225a38bc71102999dd13478bfabd7c4d53f2dc17,167.7631,2026-04-07T21:10:23Z,0,,true
Q38,Q38-0x225a38-in-1775596319,0xc02aaa39b223fe8d0a0e5c4f27ead9083c756cc2,0x225a38bc71102999dd13478bfabd7c4d53f2dc17,233.0261,2026-04-07T21:11:59Z,0,,true
Q38,Q38-0x225a38-in-1775596475,0xc02aaa39b223fe8d0a0e5c4f27ead9083c756cc2,0x225a38bc71102999dd13478bfabd7c4d53f2dc17,230.4911,2026-04-07T21:14:35Z,0,,true
Q38,Q38-0x225a38-in-1775596919,0xc02aaa39b223fe8d0a0e5c4f27ead9083c756cc2,0x225a38bc71102999dd13478bfabd7c4d53f2dc17,10.2044,2026-04-07T21:21:59Z,0,,true
Q38,Q38-0x225a38-in-1775598071,0xc02aaa39b223fe8d0a0e5c4f27ead9083c756cc2,0x225a38bc71102999dd13478bfabd7c4d53f2dc17,466.8198,2026-04-07T21:41:11Z,0,,true
Q38,Q38-0x225a38-in-1775598467,0xc02aaa39b223fe8d0a0e5c4f27ead9083c756cc2,0x225a38bc71102999dd13478bfabd7c4d53f2dc17,465.9407,2026-04-07T21:47:47Z,0,,true
Q38,Q38-0x225a38-in-1775598611,0xc02aaa39b223fe8d0a0e5c4f27ead9083c756cc2,0x225a38bc71102999dd13478bfabd7c4d53f2dc17,46.6747,2026-04-07T21:50:11Z,0,,true
Q38,Q38-0x225a38-in-1775601947,0xc02aaa39b223fe8d0a0e5c4f27ead9083c756cc2,0x225a38bc71102999dd13478bfabd7c4d53f2dc17,18.0,2026-04-07T22:45:47Z,0,,true
Q38,Q38-0x225a38-in-1775603003,0xc02aaa39b223fe8d0a0e5c4f27ead9083c756cc2,0x225a38bc71102999dd13478bfabd7c4d53f2dc17,39.3974,2026-04-07T23:03:23Z,0,,true
Q38,Q38-0x225a38-in-1775603159,0xc02aaa39b223fe8d0a0e5c4f27ead9083c756cc2,0x225a38bc71102999dd13478bfabd7c4d53f2dc17,16.9511,2026-04-07T23:05:59Z,0,,true
Q38,Q38-0x225a38-in-1775606171,0xc02aaa39b223fe8d0a0e5c4f27ead9083c756cc2,0x225a38bc71102999dd13478bfabd7c4d53f2dc17,53.5069,2026-04-07T23:56:11Z,0,,true
Q38,Q38-0x225a38-in-1775607383,0xc02aaa39b223fe8d0a0e5c4f27ead9083c756cc2,0x225a38bc71102999dd13478bfabd7c4d53f2dc17,20.4104,2026-04-08T00:16:23Z,0,,true
Q38,Q38-0x225a38-in-1775618339,0xc02aaa39b223fe8d0a0e5c4f27ead9083c756cc2,0x225a38bc71102999dd13478bfabd7c4d53f2dc17,13.4259,2026-04-08T03:18:59Z,0,,true
Q38,Q38-0x225a38-in-1775623763,0xc02aaa39b223fe8d0a0e5c4f27ead9083c756cc2,0x225a38bc71102999dd13478bfabd7c4d53f2dc17,10.7656,2026-04-08T04:49:23Z,0,,true
Q38,Q38-0x225a38-in-1775625791,0xc02aaa39b223fe8d0a0e5c4f27ead9083c756cc2,0x225a38bc71102999dd13478bfabd7c4d53f2dc17,74.7001,2026-04-08T05:23:11Z,0,,true
Q38,Q38-0x225a38-in-1775625803,0xc02aaa39b223fe8d0a0e5c4f27ead9083c756cc2,0x225a38bc71102999dd13478bfabd7c4d53f2dc17,12.3231,2026-04-08T05:23:23Z,0,,true
Q38,Q38-0x225a38-in-1775632235,0xc02aaa39b223fe8d0a0e5c4f27ead9083c756cc2,0x225a38bc71102999dd13478bfabd7c4d53f2dc17,37.146,2026-04-08T07:10:35Z,0,,true
Q38,Q38-0x225a38-in-1775636219,0xc02aaa39b223fe8d0a0e5c4f27ead9083c756cc2,0x225a38bc71102999dd13478bfabd7c4d53f2dc17,56.795,2026-04-08T08:16:59Z,0,,true
Q38,Q38-0x225a38-in-1775637443,0xc02aaa39b223fe8d0a0e5c4f27ead9083c756cc2,0x225a38bc71102999dd13478bfabd7c4d53f2dc17,23.0,2026-04-08T08:37:23Z,0,,true
Q38,Q38-0x225a38-in-1775642675,0xc02aaa39b223fe8d0a0e5c4f27ead9083c756cc2,0x225a38bc71102999dd13478bfabd7c4d53f2dc17,35.5401,2026-04-08T10:04:35Z,0,,true
Q38,Q38-0x225a38-in-1775650751,0xc02aaa39b223fe8d0a0e5c4f27ead9083c756cc2,0x225a38bc71102999dd13478bfabd7c4d53f2dc17,78.5914,2026-04-08T12:19:11Z,0,,true
Q38,Q38-0x225a38-in-1775655263,0xc02aaa39b223fe8d0a0e5c4f27ead9083c756cc2,0x225a38bc71102999dd13478bfabd7c4d53f2dc17,10.0,2026-04-08T13:34:23Z,0,,true
Q38,Q38-0x225a38-in-1775662643,0xc02aaa39b223fe8d0a0e5c4f27ead9083c756cc2,0x225a38bc71102999dd13478bfabd7c4d53f2dc17,11.5981,2026-04-08T15:37:23Z,0,,true
Q38,Q38-0x225a38-in-1775665787,0xc02aaa39b223fe8d0a0e5c4f27ead9083c756cc2,0x225a38bc71102999dd13478bfabd7c4d53f2dc17,61.2442,2026-04-08T16:29:47Z,0,,true
Q38,Q38-0x225a38-in-1775668091,0xc02aaa39b223fe8d0a0e5c4f27ead9083c756cc2,0x225a38bc71102999dd13478bfabd7c4d53f2dc17,67.5083,2026-04-08T17:08:11Z,0,,true
Q38,Q38-0x225a38-in-1775700551,0xc02aaa39b223fe8d0a0e5c4f27ead9083c756cc2,0x225a38bc71102999dd13478bfabd7c4d53f2dc17,90.0,2026-04-09T02:09:11Z,0,,true
Q38,Q38-0x225a38-in-1775702663,0xc02aaa39b223fe8d0a0e5c4f27ead9083c756cc2,0x225a38bc71102999dd13478bfabd7c4d53f2dc17,18.3474,2026-04-09T02:44:23Z,0,,true
Q38,Q38-0x225a38-in-1775702963,0xc02aaa39b223fe8d0a0e5c4f27ead9083c756cc2,0x225a38bc71102999dd13478bfabd7c4d53f2dc17,18.3183,2026-04-09T02:49:23Z,0,,true
Q38,Q38-0x225a38-in-1775703011,0xc02aaa39b223fe8d0a0e5c4f27ead9083c756cc2,0x225a38bc71102999dd13478bfabd7c4d53f2dc17,50.0,2026-04-09T02:50:11Z,0,,true
Q38,Q38-0x225a38-in-1775703491,0xc02aaa39b223fe8d0a0e5c4f27ead9083c756cc2,0x225a38bc71102999dd13478bfabd7c4d53f2dc17,18.3254,2026-04-09T02:58:11Z,0,,true
Q38,Q38-0x225a38-in-1775703623,0xc02aaa39b223fe8d0a0e5c4f27ead9083c756cc2,0x225a38bc71102999dd13478bfabd7c4d53f2dc17,18.3333,2026-04-09T03:00:23Z,0,,true
Q38,Q38-0x225a38-in-1775703647,0xc02aaa39b223fe8d0a0e5c4f27ead9083c756cc2,0x225a38bc71102999dd13478bfabd7c4d53f2dc17,18.3329,2026-04-09T03:00:47Z,0,,true
Q38,Q38-0x225a38-in-1775703719,0xc02aaa39b223fe8d0a0e5c4f27ead9083c756cc2,0x225a38bc71102999dd13478bfabd7c4d53f2dc17,18.3355,2026-04-09T03:01:59Z,0,,true
Q38,Q38-0x225a38-in-1775703791,0xc02aaa39b223fe8d0a0e5c4f27ead9083c756cc2,0x225a38bc71102999dd13478bfabd7c4d53f2dc17,18.3342,2026-04-09T03:03:11Z,0,,true
Q38,Q38-0x225a38-in-1775704571,0xc02aaa39b223fe8d0a0e5c4f27ead9083c756cc2,0x225a38bc71102999dd13478bfabd7c4d53f2dc17,18.3382,2026-04-09T03:16:11Z,0,,true
Q38,Q38-0x225a38-in-1775704727,0xc02aaa39b223fe8d0a0e5c4f27ead9083c756cc2,0x225a38bc71102999dd13478bfabd7c4d53f2dc17,18.3496,2026-04-09T03:18:47Z,0,,true
Q38,Q38-0x225a38-in-1775704823,0xc02aaa39b223fe8d0a0e5c4f27ead9083c756cc2,0x225a38bc71102999dd13478bfabd7c4d53f2dc17,18.355,2026-04-09T03:20:23Z,0,,true
Q38,Q38-0x225a38-in-1775704919,0xc02aaa39b223fe8d0a0e5c4f27ead9083c756cc2,0x225a38bc71102999dd13478bfabd7c4d53f2dc17,18.3433,2026-04-09T03:21:59Z,0,,true
Q38,Q38-0x225a38-in-1775704979,0xc02aaa39b223fe8d0a0e5c4f27ead9083c756cc2,0x225a38bc71102999dd13478bfabd7c4d53f2dc17,18.3392,2026-04-09T03:22:59Z,0,,true
Q38,Q38-0x225a38-in-1775705519,0xc02aaa39b223fe8d0a0e5c4f27ead9083c756cc2,0x225a38bc71102999dd13478bfabd7c4d53f2dc17,18.342,2026-04-09T03:31:59Z,0,,true
Q38,Q38-0x225a38-in-1775705579,0xc02aaa39b223fe8d0a0e5c4f27ead9083c756cc2,0x225a38bc71102999dd13478bfabd7c4d53f2dc17,18.3435,2026-04-09T03:32:59Z,0,,true
Q38,Q38-0x225a38-in-1775705639,0xc02aaa39b223fe8d0a0e5c4f27ead9083c756cc2,0x225a38bc71102999dd13478bfabd7c4d53f2dc17,18.3393,2026-04-09T03:33:59Z,0,,true
Q38,Q38-0x225a38-in-1775705699,0xc02aaa39b223fe8d0a0e5c4f27ead9083c756cc2,0x225a38bc71102999dd13478bfabd7c4d53f2dc17,18.3423,2026-04-09T03:34:59Z,0,,true
Q38,Q38-0x225a38-in-1775705771,0xc02aaa39b223fe8d0a0e5c4f27ead9083c756cc2,0x225a38bc71102999dd13478bfabd7c4d53f2dc17,18.3337,2026-04-09T03:36:11Z,0,,true
Q38,Q38-0x225a38-in-1775705891,0xc02aaa39b223fe8d0a0e5c4f27ead9083c756cc2,0x225a38bc71102999dd13478bfabd7c4d53f2dc17,18.3444,2026-04-09T03:38:11Z,0,,true
Q38,Q38-0x225a38-in-1775706119,0xc02aaa39b223fe8d0a0e5c4f27ead9083c756cc2,0x225a38bc71102999dd13478bfabd7c4d53f2dc17,18.3591,2026-04-09T03:41:59Z,0,,true
Q38,Q38-0x225a38-in-1775707379,0xc02aaa39b223fe8d0a0e5c4f27ead9083c756cc2,0x225a38bc71102999dd13478bfabd7c4d53f2dc17,18.3274,2026-04-09T04:02:59Z,0,,true
Q38,Q38-0x225a38-in-1775707487,0xc02aaa39b223fe8d0a0e5c4f27ead9083c756cc2,0x225a38bc71102999dd13478bfabd7c4d53f2dc17,18.3328,2026-04-09T04:04:47Z,0,,true
Q38,Q38-0x225a38-in-1775707583,0xc02aaa39b223fe8d0a0e5c4f27ead9083c756cc2,0x225a38bc71102999dd13478bfabd7c4d53f2dc17,18.2837,2026-04-09T04:06:23Z,0,,true
Q38,Q38-0x225a38-in-1775711039,0xc02aaa39b223fe8d0a0e5c4f27ead9083c756cc2,0x225a38bc71102999dd13478bfabd7c4d53f2dc17,39.5619,2026-04-09T05:03:59Z,0,,true
Q38,Q38-0x225a38-in-1775727071,0xc02aaa39b223fe8d0a0e5c4f27ead9083c756cc2,0x225a38bc71102999dd13478bfabd7c4d53f2dc17,10.9854,2026-04-09T09:31:11Z,0,,true
Q38,Q38-0x225a38-in-1775730887,0xc02aaa39b223fe8d0a0e5c4f27ead9083c756cc2,0x225a38bc71102999dd13478bfabd7c4d53f2dc17,10.9366,2026-04-09T10:34:47Z,0,,true
Q38,Q38-0x225a38-in-1775735315,0xc02aaa39b223fe8d0a0e5c4f27ead9083c756cc2,0x225a38bc71102999dd13478bfabd7c4d53f2dc17,45.8296,2026-04-09T11:48:35Z,0,,true
Q38,Q38-0x225a38-in-1775735399,0xc02aaa39b223fe8d0a0e5c4f27ead9083c756cc2,0x225a38bc71102999dd13478bfabd7c4d53f2dc17,11.4531,2026-04-09T11:49:59Z,0,,true
Q38,Q38-0x225a38-in-1775742383,0xc02aaa39b223fe8d0a0e5c4f27ead9083c756cc2,0x225a38bc71102999dd13478bfabd7c4d53f2dc17,27.1261,2026-04-09T13:46:23Z,0,,true
Q38,Q38-0x225a38-in-1775743391,0xc02aaa39b223fe8d0a0e5c4f27ead9083c756cc2,0x225a38bc71102999dd13478bfabd7c4d53f2dc17,32.5169,2026-04-09T14:03:11Z,0,,true
Q38,Q38-0x225a38-in-1775743571,0xc02aaa39b223fe8d0a0e5c4f27ead9083c756cc2,0x225a38bc71102999dd13478bfabd7c4d53f2dc17,21.0637,2026-04-09T14:06:11Z,0,,true
Q38,Q38-0x225a38-in-1775744591,0xc02aaa39b223fe8d0a0e5c4f27ead9083c756cc2,0x225a38bc71102999dd13478bfabd7c4d53f2dc17,21.327,2026-04-09T14:23:11Z,0,,true
Q38,Q38-0x225a38-in-1775749691,0xc02aaa39b223fe8d0a0e5c4f27ead9083c756cc2,0x225a38bc71102999dd13478bfabd7c4d53f2dc17,16.1253,2026-04-09T15:48:11Z,0,,true
Q38,Q38-0x225a38-in-1775750147,0xc02aaa39b223fe8d0a0e5c4f27ead9083c756cc2,0x225a38bc71102999dd13478bfabd7c4d53f2dc17,67.5376,2026-04-09T15:55:47Z,0,,true
Q38,Q38-0x225a38-in-1775750831,0xc02aaa39b223fe8d0a0e5c4f27ead9083c756cc2,0x225a38bc71102999dd13478bfabd7c4d53f2dc17,40.5332,2026-04-09T16:07:11Z,0,,true
Q38,Q38-0x225a38-in-1775752307,0xc02aaa39b223fe8d0a0e5c4f27ead9083c756cc2,0x225a38bc71102999dd13478bfabd7c4d53f2dc17,50.0,2026-04-09T16:31:47Z,0,,true
Q38,Q38-0x225a38-in-1775752511,0xc02aaa39b223fe8d0a0e5c4f27ead9083c756cc2,0x225a38bc71102999dd13478bfabd7c4d53f2dc17,50.0,2026-04-09T16:35:11Z,0,,true
Q38,Q38-0x225a38-in-1775753183,0xc02aaa39b223fe8d0a0e5c4f27ead9083c756cc2,0x225a38bc71102999dd13478bfabd7c4d53f2dc17,17.7926,2026-04-09T16:46:23Z,0,,true
Q38,Q38-0x225a38-in-1775754551,0xc02aaa39b223fe8d0a0e5c4f27ead9083c756cc2,0x225a38bc71102999dd13478bfabd7c4d53f2dc17,10.0,2026-04-09T17:09:11Z,0,,true
Q38,Q38-0x225a38-in-1775757647,0xc02aaa39b223fe8d0a0e5c4f27ead9083c756cc2,0x225a38bc71102999dd13478bfabd7c4d53f2dc17,107.083,2026-04-09T18:00:47Z,0,,true
Q38,Q38-0x225a38-in-1775762123,0xc02aaa39b223fe8d0a0e5c4f27ead9083c756cc2,0x225a38bc71102999dd13478bfabd7c4d53f2dc17,10.0183,2026-04-09T19:15:23Z,0,,true
Q38,Q38-0x225a38-in-1775766155,0xc02aaa39b223fe8d0a0e5c4f27ead9083c756cc2,0x225a38bc71102999dd13478bfabd7c4d53f2dc17,89.9962,2026-04-09T20:22:35Z,0,,true
Q38,Q38-0x225a38-in-1775773379,0xc02aaa39b223fe8d0a0e5c4f27ead9083c756cc2,0x225a38bc71102999dd13478bfabd7c4d53f2dc17,44.8371,2026-04-09T22:22:59Z,0,,true
Q38,Q38-0x225a38-in-1775776595,0xc02aaa39b223fe8d0a0e5c4f27ead9083c756cc2,0x225a38bc71102999dd13478bfabd7c4d53f2dc17,21.4175,2026-04-09T23:16:35Z,0,,true
Q38,Q38-0x225a38-in-1775784323,0xc02aaa39b223fe8d0a0e5c4f27ead9083c756cc2,0x225a38bc71102999dd13478bfabd7c4d53f2dc17,10.7905,2026-04-10T01:25:23Z,0,,true
Q38,Q38-0x225a38-in-1775819843,0xc02aaa39b223fe8d0a0e5c4f27ead9083c756cc2,0x225a38bc71102999dd13478bfabd7c4d53f2dc17,52.4639,2026-04-10T11:17:23Z,0,,true
Q38,Q38-0x225a38-in-1775820959,0xc02aaa39b223fe8d0a0e5c4f27ead9083c756cc2,0x225a38bc71102999dd13478bfabd7c4d53f2dc17,45.1029,2026-04-10T11:35:59Z,0,,true
Q38,Q38-0x225a38-in-1775830583,0xc02aaa39b223fe8d0a0e5c4f27ead9083c756cc2,0x225a38bc71102999dd13478bfabd7c4d53f2dc17,10.4884,2026-04-10T14:16:23Z,0,,true
Q38,Q38-0x225a38-in-1775830883,0xc02aaa39b223fe8d0a0e5c4f27ead9083c756cc2,0x225a38bc71102999dd13478bfabd7c4d53f2dc17,66.7098,2026-04-10T14:21:23Z,0,,true
Q38,Q38-0x225a38-in-1775831327,0xc02aaa39b223fe8d0a0e5c4f27ead9083c756cc2,0x225a38bc71102999dd13478bfabd7c4d53f2dc17,66.8013,2026-04-10T14:28:47Z,0,,true
Q38,Q38-0x225a38-in-1775831411,0xc02aaa39b223fe8d0a0e5c4f27ead9083c756cc2,0x225a38bc71102999dd13478bfabd7c4d53f2dc17,10.492,2026-04-10T14:30:11Z,0,,true
Q38,Q38-0x225a38-in-1775832203,0xc02aaa39b223fe8d0a0e5c4f27ead9083c756cc2,0x225a38bc71102999dd13478bfabd7c4d53f2dc17,10.1327,2026-04-10T14:43:23Z,0,,true
Q38,Q38-0x225a38-in-1775843627,0xc02aaa39b223fe8d0a0e5c4f27ead9083c756cc2,0x225a38bc71102999dd13478bfabd7c4d53f2dc17,222.3471,2026-04-10T17:53:47Z,0,,true
Q38,Q38-0x225a38-in-1775849591,0xc02aaa39b223fe8d0a0e5c4f27ead9083c756cc2,0x225a38bc71102999dd13478bfabd7c4d53f2dc17,11.0815,2026-04-10T19:33:11Z,0,,true
Q38,Q38-0x225a38-in-1775851499,0xc02aaa39b223fe8d0a0e5c4f27ead9083c756cc2,0x225a38bc71102999dd13478bfabd7c4d53f2dc17,16.8478,2026-04-10T20:04:59Z,0,,true
Q38,Q38-0x225a38-in-1775851607,0xc02aaa39b223fe8d0a0e5c4f27ead9083c756cc2,0x225a38bc71102999dd13478bfabd7c4d53f2dc17,282.3067,2026-04-10T20:06:47Z,0,,true
Q38,Q38-0x225a38-in-1775892839,0xc02aaa39b223fe8d0a0e5c4f27ead9083c756cc2,0x225a38bc71102999dd13478bfabd7c4d53f2dc17,40.2447,2026-04-11T07:33:59Z,0,,true
Q38,Q38-0x225a38-in-1775921855,0xc02aaa39b223fe8d0a0e5c4f27ead9083c756cc2,0x225a38bc71102999dd13478bfabd7c4d53f2dc17,29.0274,2026-04-11T15:37:35Z,0,,true
Q38,Q38-0x225a38-in-1775921891,0xc02aaa39b223fe8d0a0e5c4f27ead9083c756cc2,0x225a38bc71102999dd13478bfabd7c4d53f2dc17,29.0238,2026-04-11T15:38:11Z,0,,true
Q38,Q38-0x225a38-in-1775922107,0xc02aaa39b223fe8d0a0e5c4f27ead9083c756cc2,0x225a38bc71102999dd13478bfabd7c4d53f2dc17,15.5654,2026-04-11T15:41:47Z,0,,true
Q38,Q38-0x225a38-in-1775926019,0xc02aaa39b223fe8d0a0e5c4f27ead9083c756cc2,0x225a38bc71102999dd13478bfabd7c4d53f2dc17,146.2956,2026-04-11T16:46:59Z,0,,true
Q38,Q38-0x225a38-in-1775934563,0xc02aaa39b223fe8d0a0e5c4f27ead9083c756cc2,0x225a38bc71102999dd13478bfabd7c4d53f2dc17,50.0,2026-04-11T19:09:23Z,0,,true
Q38,Q38-0x225a38-in-1775934659,0xc02aaa39b223fe8d0a0e5c4f27ead9083c756cc2,0x225a38bc71102999dd13478bfabd7c4d53f2dc17,28.5131,2026-04-11T19:10:59Z,0,,true
Q38,Q38-0x225a38-in-1775934959,0xc02aaa39b223fe8d0a0e5c4f27ead9083c756cc2,0x225a38bc71102999dd13478bfabd7c4d53f2dc17,50.0,2026-04-11T19:15:59Z,0,,true
Q38,Q38-0x225a38-in-1775937251,0xc02aaa39b223fe8d0a0e5c4f27ead9083c756cc2,0x225a38bc71102999dd13478bfabd7c4d53f2dc17,22.0911,2026-04-11T19:54:11Z,0,,true
Q38,Q38-0x225a38-in-1775937671,0xc02aaa39b223fe8d0a0e5c4f27ead9083c756cc2,0x225a38bc71102999dd13478bfabd7c4d53f2dc17,21.5824,2026-04-11T20:01:11Z,0,,true
Q38,Q38-0x225a38-in-1775939075,0xc02aaa39b223fe8d0a0e5c4f27ead9083c756cc2,0x225a38bc71102999dd13478bfabd7c4d53f2dc17,17.2427,2026-04-11T20:24:35Z,0,,true
Q38,Q38-0x225a38-in-1775942963,0xc02aaa39b223fe8d0a0e5c4f27ead9083c756cc2,0x225a38bc71102999dd13478bfabd7c4d53f2dc17,20.22,2026-04-11T21:29:23Z,0,,true
Q38,Q38-0x225a38-in-1775950247,0xc02aaa39b223fe8d0a0e5c4f27ead9083c756cc2,0x225a38bc71102999dd13478bfabd7c4d53f2dc17,21.0566,2026-04-11T23:30:47Z,0,,true
Q38,Q38-0x225a38-in-1775959319,0xc02aaa39b223fe8d0a0e5c4f27ead9083c756cc2,0x225a38bc71102999dd13478bfabd7c4d53f2dc17,22.5178,2026-04-12T02:01:59Z,0,,true
Q38,Q38-0x225a38-in-1775966555,0xc02aaa39b223fe8d0a0e5c4f27ead9083c756cc2,0x225a38bc71102999dd13478bfabd7c4d53f2dc17,22.5713,2026-04-12T04:02:35Z,0,,true
Q38,Q38-0x225a38-in-1775972039,0xc02aaa39b223fe8d0a0e5c4f27ead9083c756cc2,0x225a38bc71102999dd13478bfabd7c4d53f2dc17,22.5325,2026-04-12T05:33:59Z,0,,true
Q38,Q38-0x225a38-in-1775981687,0xc02aaa39b223fe8d0a0e5c4f27ead9083c756cc2,0x225a38bc71102999dd13478bfabd7c4d53f2dc17,15.0585,2026-04-12T08:14:47Z,0,,true
Q38,Q38-0x225a38-in-1775987279,0xc02aaa39b223fe8d0a0e5c4f27ead9083c756cc2,0x225a38bc71102999dd13478bfabd7c4d53f2dc17,34.537,2026-04-12T09:47:59Z,0,,true
Q38,Q38-0x225a38-in-1775996207,0xc02aaa39b223fe8d0a0e5c4f27ead9083c756cc2,0x225a38bc71102999dd13478bfabd7c4d53f2dc17,106.3493,2026-04-12T12:16:47Z,0,,true
Q38,Q38-0x225a38-in-1775998871,0xc02aaa39b223fe8d0a0e5c4f27ead9083c756cc2,0x225a38bc71102999dd13478bfabd7c4d53f2dc17,91.1657,2026-04-12T13:01:11Z,0,,true
Q38,Q38-0x225a38-in-1776024611,0xc02aaa39b223fe8d0a0e5c4f27ead9083c756cc2,0x225a38bc71102999dd13478bfabd7c4d53f2dc17,16.0,2026-04-12T20:10:11Z,0,,true
Q38,Q38-0x225a38-in-1776038423,0xc02aaa39b223fe8d0a0e5c4f27ead9083c756cc2,0x225a38bc71102999dd13478bfabd7c4d53f2dc17,22.8312,2026-04-13T00:00:23Z,0,,true
Q38,Q38-0x225a38-in-1776038723,0xc02aaa39b223fe8d0a0e5c4f27ead9083c756cc2,0x225a38bc71102999dd13478bfabd7c4d53f2dc17,34.6545,2026-04-13T00:05:23Z,0,,true
Q38,Q38-0x225a38-in-1776041615,0xc02aaa39b223fe8d0a0e5c4f27ead9083c756cc2,0x225a38bc71102999dd13478bfabd7c4d53f2dc17,10.5897,2026-04-13T00:53:35Z,0,,true
Q38,Q38-0x225a38-in-1776043079,0xc02aaa39b223fe8d0a0e5c4f27ead9083c756cc2,0x225a38bc71102999dd13478bfabd7c4d53f2dc17,10.5948,2026-04-13T01:17:59Z,0,,true
Q38,Q38-0x225a38-in-1776044555,0xc02aaa39b223fe8d0a0e5c4f27ead9083c756cc2,0x225a38bc71102999dd13478bfabd7c4d53f2dc17,35.2391,2026-04-13T01:42:35Z,0,,true
Q38,Q38-0x225a38-in-1776048563,0xc02aaa39b223fe8d0a0e5c4f27ead9083c756cc2,0x225a38bc71102999dd13478bfabd7c4d53f2dc17,11.6334,2026-04-13T02:49:23Z,0,,true
Q38,Q38-0x225a38-in-1776048923,0xc02aaa39b223fe8d0a0e5c4f27ead9083c756cc2,0x225a38bc71102999dd13478bfabd7c4d53f2dc17,11.3186,2026-04-13T02:55:23Z,0,,true
Q38,Q38-0x225a38-in-1776060503,0xc02aaa39b223fe8d0a0e5c4f27ead9083c756cc2,0x225a38bc71102999dd13478bfabd7c4d53f2dc17,91.5,2026-04-13T06:08:23Z,0,,true
Q38,Q38-0x225a38-in-1776060611,0xc02aaa39b223fe8d0a0e5c4f27ead9083c756cc2,0x225a38bc71102999dd13478bfabd7c4d53f2dc17,91.5,2026-04-13T06:10:11Z,0,,true
Q38,Q38-0x225a38-in-1776060755,0xc02aaa39b223fe8d0a0e5c4f27ead9083c756cc2,0x225a38bc71102999dd13478bfabd7c4d53f2dc17,91.5,2026-04-13T06:12:35Z,0,,true
Q38,Q38-0x225a38-in-1776060863,0xc02aaa39b223fe8d0a0e5c4f27ead9083c756cc2,0x225a38bc71102999dd13478bfabd7c4d53f2dc17,91.5,2026-04-13T06:14:23Z,0,,true
Q38,Q38-0x225a38-in-1776078119,0xc02aaa39b223fe8d0a0e5c4f27ead9083c756cc2,0x225a38bc71102999dd13478bfabd7c4d53f2dc17,71.718,2026-04-13T11:01:59Z,0,,true
Q38,Q38-0x225a38-in-1776084995,0xc02aaa39b223fe8d0a0e5c4f27ead9083c756cc2,0x225a38bc71102999dd13478bfabd7c4d53f2dc17,18.2247,2026-04-13T12:56:35Z,0,,true
Q38,Q38-0x225a38-in-1776085703,0xc02aaa39b223fe8d0a0e5c4f27ead9083c756cc2,0x225a38bc71102999dd13478bfabd7c4d53f2dc17,18.7729,2026-04-13T13:08:23Z,0,,true
Q38,Q38-0x225a38-in-1776088367,0xc02aaa39b223fe8d0a0e5c4f27ead9083c756cc2,0x225a38bc71102999dd13478bfabd7c4d53f2dc17,100.0,2026-04-13T13:52:47Z,0,,true
Q38,Q38-0x225a38-in-1776088439,0xc02aaa39b223fe8d0a0e5c4f27ead9083c756cc2,0x225a38bc71102999dd13478bfabd7c4d53f2dc17,11.3723,2026-04-13T13:53:59Z,0,,true
Q38,Q38-0x225a38-in-1776088679,0xc02aaa39b223fe8d0a0e5c4f27ead9083c756cc2,0x225a38bc71102999dd13478bfabd7c4d53f2dc17,42.8195,2026-04-13T13:57:59Z,0,,true
Q38,Q38-0x225a38-in-1776088691,0xc02aaa39b223fe8d0a0e5c4f27ead9083c756cc2,0x225a38bc71102999dd13478bfabd7c4d53f2dc17,10.0,2026-04-13T13:58:11Z,0,,true
Q38,Q38-0x225a38-in-1776088811,0xc02aaa39b223fe8d0a0e5c4f27ead9083c756cc2,0x225a38bc71102999dd13478bfabd7c4d53f2dc17,10.0,2026-04-13T14:00:11Z,0,,true
Q38,Q38-0x225a38-in-1776089891,0xc02aaa39b223fe8d0a0e5c4f27ead9083c756cc2,0x225a38bc71102999dd13478bfabd7c4d53f2dc17,35.1009,2026-04-13T14:18:11Z,0,,true
Q38,Q38-0x225a38-in-1776090515,0xc02aaa39b223fe8d0a0e5c4f27ead9083c756cc2,0x225a38bc71102999dd13478bfabd7c4d53f2dc17,44.711,2026-04-13T14:28:35Z,0,,true
Q38,Q38-0x225a38-in-1776092411,0xc02aaa39b223fe8d0a0e5c4f27ead9083c756cc2,0x225a38bc71102999dd13478bfabd7c4d53f2dc17,175.6893,2026-04-13T15:00:11Z,0,,true
Q38,Q38-0x225a38-in-1776099767,0xc02aaa39b223fe8d0a0e5c4f27ead9083c756cc2,0x225a38bc71102999dd13478bfabd7c4d53f2dc17,38.2014,2026-04-13T17:02:47Z,0,,true
Q38,Q38-0x225a38-in-1776100667,0xc02aaa39b223fe8d0a0e5c4f27ead9083c756cc2,0x225a38bc71102999dd13478bfabd7c4d53f2dc17,11.2239,2026-04-13T17:17:47Z,0,,true
Q38,Q38-0x225a38-in-1776101219,0xc02aaa39b223fe8d0a0e5c4f27ead9083c756cc2,0x225a38bc71102999dd13478bfabd7c4d53f2dc17,22.4043,2026-04-13T17:26:59Z,0,,true
Q38,Q38-0x225a38-in-1776102995,0xc02aaa39b223fe8d0a0e5c4f27ead9083c756cc2,0x225a38bc71102999dd13478bfabd7c4d53f2dc17,11.3505,2026-04-13T17:56:35Z,0,,true
Q38,Q38-0x225a38-in-1776106139,0xc02aaa39b223fe8d0a0e5c4f27ead9083c756cc2,0x225a38bc71102999dd13478bfabd7c4d53f2dc17,34.9873,2026-04-13T18:48:59Z,0,,true
Q38,Q38-0x225a38-in-1776108107,0xc02aaa39b223fe8d0a0e5c4f27ead9083c756cc2,0x225a38bc71102999dd13478bfabd7c4d53f2dc17,28.9733,2026-04-13T19:21:47Z,0,,true
Q38,Q38-0x225a38-in-1776110603,0xc02aaa39b223fe8d0a0e5c4f27ead9083c756cc2,0x225a38bc71102999dd13478bfabd7c4d53f2dc17,14.1579,2026-04-13T20:03:23Z,0,,true
Q38,Q38-0x225a38-in-1776121343,0xc02aaa39b223fe8d0a0e5c4f27ead9083c756cc2,0x225a38bc71102999dd13478bfabd7c4d53f2dc17,24.3264,2026-04-13T23:02:23Z,0,,true
Q38,Q38-0x225a38-in-1776126899,0xc02aaa39b223fe8d0a0e5c4f27ead9083c756cc2,0x225a38bc71102999dd13478bfabd7c4d53f2dc17,82.4762,2026-04-14T00:34:59Z,0,,true
Q38,Q38-0x225a38-in-1776126995,0xc02aaa39b223fe8d0a0e5c4f27ead9083c756cc2,0x225a38bc71102999dd13478bfabd7c4d53f2dc17,1549.5576,2026-04-14T00:36:35Z,0,,true
Q38,Q38-0x225a38-in-1776128471,0xc02aaa39b223fe8d0a0e5c4f27ead9083c756cc2,0x225a38bc71102999dd13478bfabd7c4d53f2dc17,21.1859,2026-04-14T01:01:11Z,0,,true
Q38,Q38-0x225a38-in-1776128771,0xc02aaa39b223fe8d0a0e5c4f27ead9083c756cc2,0x225a38bc71102999dd13478bfabd7c4d53f2dc17,21.1697,2026-04-14T01:06:11Z,0,,true
Q38,Q38-0x225a38-in-1776129131,0xc02aaa39b223fe8d0a0e5c4f27ead9083c756cc2,0x225a38bc71102999dd13478bfabd7c4d53f2dc17,21.1401,2026-04-14T01:12:11Z,0,,true
Q38,Q38-0x225a38-in-1776129407,0xc02aaa39b223fe8d0a0e5c4f27ead9083c756cc2,0x225a38bc71102999dd13478bfabd7c4d53f2dc17,21.1512,2026-04-14T01:16:47Z,0,,true
Q38,Q38-0x225a38-in-1776131543,0xc02aaa39b223fe8d0a0e5c4f27ead9083c756cc2,0x225a38bc71102999dd13478bfabd7c4d53f2dc17,20.8089,2026-04-14T01:52:23Z,0,,true
Q38,Q38-0x839287-in-1775569451,0xc02aaa39b223fe8d0a0e5c4f27ead9083c756cc2,0x8392876883cf0e9e7ee24d9b1f606ed88644f23b,199.6188,2026-04-07T13:44:11Z,0,,true
Q38,Q38-0x839287-in-1775573663,0xc02aaa39b223fe8d0a0e5c4f27ead9083c756cc2,0x8392876883cf0e9e7ee24d9b1f606ed88644f23b,38.7685,2026-04-07T14:54:23Z,0,,true
Q38,Q38-0x839287-in-1775679059,0xc02aaa39b223fe8d0a0e5c4f27ead9083c756cc2,0x8392876883cf0e9e7ee24d9b1f606ed88644f23b,10.2433,2026-04-08T20:10:59Z,0,,true
Q38,Q38-0x839287-in-1776026843,0xc02aaa39b223fe8d0a0e5c4f27ead9083c756cc2,0x8392876883cf0e9e7ee24d9b1f606ed88644f23b,355.9136,2026-04-12T20:47:23Z,0,,true
Q38,Q38-0xfbeedc-in-1775719487,0x28c6c06298d514db089934071355e5743bf21d60,0xfbeedcfe378866dab6abbafd8b2986f5c1768737,161.3593,2026-04-09T07:24:47Z,0,,true
Q38,Q38-0xfbeedc-in-1775573579,0xc02aaa39b223fe8d0a0e5c4f27ead9083c756cc2,0xfbeedcfe378866dab6abbafd8b2986f5c1768737,20.1475,2026-04-07T14:52:59Z,0,,true
Q38,Q38-0xfbeedc-in-1775573627,0xc02aaa39b223fe8d0a0e5c4f27ead9083c756cc2,0xfbeedcfe378866dab6abbafd8b2986f5c1768737,38.8999,2026-04-07T14:53:47Z,0,,true
Q38,Q38-0xfbeedc-in-1775715443,0xc02aaa39b223fe8d0a0e5c4f27ead9083c756cc2,0xfbeedcfe378866dab6abbafd8b2986f5c1768737,60.2413,2026-04-09T06:17:23Z,0,,true
Q38,Q38-0xfbeedc-in-1775715935,0xc02aaa39b223fe8d0a0e5c4f27ead9083c756cc2,0xfbeedcfe378866dab6abbafd8b2986f5c1768737,16.8162,2026-04-09T06:25:35Z,0,,true
Q38,Q38-0xfbeedc-in-1775716067,0xc02aaa39b223fe8d0a0e5c4f27ead9083c756cc2,0xfbeedcfe378866dab6abbafd8b2986f5c1768737,24.6599,2026-04-09T06:27:47Z,0,,true
Q38,Q38-0xfbeedc-in-1775800847,0xc02aaa39b223fe8d0a0e5c4f27ead9083c756cc2,0xfbeedcfe378866dab6abbafd8b2986f5c1768737,15.3607,2026-04-10T06:00:47Z,0,,true
Q38,Q38-0xfcb516-in-1775603111,0xc02aaa39b223fe8d0a0e5c4f27ead9083c756cc2,0xfcb51642a2a33eafefd79c236480e295ccbd4a44,14.9392,2026-04-07T23:05:11Z,0,,true
Q38,Q38-0xfcb516-in-1775603447,0xc02aaa39b223fe8d0a0e5c4f27ead9083c756cc2,0xfcb51642a2a33eafefd79c236480e295ccbd4a44,11.3097,2026-04-07T23:10:47Z,0,,true
Q38,Q38-0x61230b-in-1775604431,0xc02aaa39b223fe8d0a0e5c4f27ead9083c756cc2,0x61230b10cf353774ba086c126064efa813b5fd6f,37.4825,2026-04-07T23:27:11Z,0,,true
Q38,Q38-0x61230b-in-1775655719,0xc02aaa39b223fe8d0a0e5c4f27ead9083c756cc2,0x61230b10cf353774ba086c126064efa813b5fd6f,53.5828,2026-04-08T13:41:59Z,0,,true
