null_variant,shuffled_auroc,n_positive_groups,n_positive_events,max_block_size
corrected_154block,0.5031811325928972,17,17,1
corrected_154block,0.39562104562104566,17,17,1
corrected_154block,0.5494079449961804,17,17,1
corrected_154block,0.49685918656506894,17,17,1
corrected_154block,0.5658029878618114,17,30,14
corrected_154block,0.6345820845820845,17,17,1
corrected_154block,0.512034697328815,17,17,1
corrected_154block,0.48993930905695604,17,17,1
corrected_154block,0.411800780918428,17,18,2
corrected_154block,0.5445471195471195,17,17,1
corrected_154block,0.5877160421278067,17,17,1
corrected_154block,0.5652964682376448,17,17,1
corrected_154block,0.5020530939648585,17,17,1
corrected_154block,0.5905171625759861,17,17,1
corrected_154block,0.5020605211781682,17,30,14
corrected_154block,0.35147466912172787,17,17,1
corrected_154block,0.5701794354105278,17,30,14
corrected_154block,0.4305601261483614,17,17,1
corrected_154block,0.5033645276292336,17,30,14
corrected_154block,0.6771749492337727,17,17,1
corrected_154block,0.34921459259694554,17,18,2
corrected_154block,0.5989197077432372,17,17,1
corrected_154block,0.46936543848308554,17,17,1
corrected_154block,0.5667802785449844,17,18,2
corrected_154block,0.5683406462818228,17,17,1
corrected_154block,0.45092521857227735,17,17,1
corrected_154block,0.6745843209078503,17,18,2
corrected_154block,0.42625364831247187,17,17,1
corrected_154block,0.6188716512245923,17,17,1
corrected_154block,0.5199705523234935,17,17,1
corrected_154block,0.6535014005602241,17,17,1
corrected_154block,0.5676389786683904,17,17,1
corrected_154block,0.4419743655037773,17,17,1
corrected_154block,0.48818681318681323,17,17,1
corrected_154block,0.5641170920582685,17,17,1
corrected_154block,0.3415426077190783,17,30,14
corrected_154block,0.5473719091366149,17,18,2
corrected_154block,0.5475903181785534,17,30,14
corrected_154block,0.5085855321149438,17,17,1
corrected_154block,0.6565514550808668,17,18,2
corrected_154block,0.45146103896103895,17,17,1
corrected_154block,0.5940530058177117,17,17,1
corrected_154block,0.5899626517273576,17,17,1
corrected_154block,0.4479663310545664,17,31,14
corrected_154block,0.6072228425169601,17,17,1
corrected_154block,0.5124575587810882,17,17,1
corrected_154block,0.5845120565708801,17,17,1
corrected_154block,0.5239752077987373,17,17,1
corrected_154block,0.5850178416354886,17,17,1
corrected_154block,0.3877561980503157,17,18,2
corrected_154block,0.34693149987267635,17,18,2
corrected_154block,0.38593481681716973,17,18,2
corrected_154block,0.5851010101010102,17,30,14
corrected_154block,0.4674634189340071,17,17,1
corrected_154block,0.5094057902881433,17,17,1
corrected_154block,0.5194964349376114,17,17,1
corrected_154block,0.5462350149850149,17,18,2
corrected_154block,0.4166221033868092,17,17,1
corrected_154block,0.4319911297852474,17,17,1
corrected_154block,0.7140788133435192,17,17,1
corrected_154block,0.5318256090314913,17,17,1
corrected_154block,0.5101274542451013,17,17,1
corrected_154block,0.42323313940961,17,17,1
corrected_154block,0.6347126729479671,17,17,1
corrected_154block,0.5741266903031609,17,18,2
corrected_154block,0.3556234615058144,17,17,1
corrected_154block,0.3954779697426756,17,18,2
corrected_154block,0.39844591682826974,17,17,1
corrected_154block,0.5054335370511841,17,17,1
corrected_154block,0.5567981038569274,17,18,2
corrected_154block,0.5449831214537098,17,17,1
corrected_154block,0.57034942182001,17,30,14
corrected_154block,0.5647058823529413,17,17,1
corrected_154block,0.5691853081558964,17,17,1
corrected_154block,0.5154869640163758,17,17,1
corrected_154block,0.45786378654025717,17,17,1
corrected_154block,0.6531522399169458,17,18,2
corrected_154block,0.6038012640953818,17,18,2
corrected_154block,0.5725604460898579,17,17,1
corrected_154block,0.5293951146892324,17,17,1
corrected_154block,0.578177704648293,17,18,2
corrected_154block,0.5189033189033188,17,30,14
corrected_154block,0.4930600445306328,17,18,2
corrected_154block,0.3599931114636997,17,17,1
corrected_154block,0.5615939615939616,17,18,2
corrected_154block,0.40712800271623806,17,31,14
corrected_154block,0.5201832481244246,17,17,1
corrected_154block,0.5014939309056956,17,17,1
corrected_154block,0.7008210743504861,17,18,2
corrected_154block,0.5316156882333353,17,18,2
corrected_154block,0.6012542196365727,17,18,2
corrected_154block,0.5701189333542276,17,17,1
corrected_154block,0.6297357870887282,17,17,1
corrected_154block,0.5159771600948071,17,17,1
corrected_154block,0.5524132730015082,17,17,1
corrected_154block,0.5375621110915229,17,17,1
corrected_154block,0.5207197214550155,17,17,1
corrected_154block,0.5275632863868158,17,17,1
corrected_154block,0.6341472253236958,17,17,1
corrected_154block,0.5984296749002631,17,18,2
corrected_154block,0.5924390968508616,17,17,1
corrected_154block,0.5882904677022323,17,17,1
corrected_154block,0.2518225238813474,17,30,14
corrected_154block,0.6314598799892918,17,17,1
corrected_154block,0.5429345980816569,17,17,1
corrected_154block,0.45760758848994143,17,30,14
corrected_154block,0.5307775557775557,17,18,2
corrected_154block,0.5706316559257736,17,17,1
corrected_154block,0.5767650650003592,17,17,1
corrected_154block,0.5005791594026889,17,18,2
corrected_154block,0.39018008135655197,17,17,1
corrected_154block,0.48323996265172736,17,17,1
corrected_154block,0.6314533505709976,17,17,1
corrected_154block,0.4264059469941822,17,17,1
corrected_154block,0.5815392124215653,17,17,1
corrected_154block,0.5304940157881335,17,17,1
corrected_154block,0.41226714462008585,17,17,1
corrected_154block,0.593524775877717,17,17,1
corrected_154block,0.5960444783974195,17,17,1
corrected_154block,0.5168406756642051,17,17,1
corrected_154block,0.6245173127526069,17,18,2
corrected_154block,0.5298696401637578,17,18,2
corrected_154block,0.4157129285280546,17,30,14
corrected_154block,0.3798892284186402,17,18,2
corrected_154block,0.7385908209437622,17,17,1
corrected_154block,0.47328357916593206,17,18,2
corrected_154block,0.4827437268613739,17,17,1
corrected_154block,0.656129491423609,17,17,1
corrected_154block,0.5068299347711112,17,17,1
corrected_154block,0.7439797130973601,17,18,2
corrected_154block,0.49341100076394206,17,17,1
corrected_154block,0.5986885663356252,17,17,1
corrected_154block,0.4629392666157372,17,19,2
corrected_154block,0.4292832167832168,17,18,2
corrected_154block,0.5038982259570495,17,17,1
corrected_154block,0.6591818312406547,17,17,1
corrected_154block,0.3815985485103132,17,17,1
corrected_154block,0.5536010558069382,17,17,1
corrected_154block,0.4604821648939296,17,17,1
corrected_154block,0.4739941431117902,17,30,14
corrected_154block,0.29036159918512855,17,30,14
corrected_154block,0.2821778711484594,17,17,1
corrected_154block,0.5438350864821452,17,17,1
corrected_154block,0.5322018784203658,17,30,14
corrected_154block,0.4003596893302776,17,17,1
corrected_154block,0.5049812932165872,17,18,2
corrected_154block,0.5602740396858044,17,17,1
corrected_154block,0.5060313869137398,17,17,1
corrected_154block,0.6551629742806213,17,17,1
corrected_154block,0.7170928744458157,17,17,1
corrected_154block,0.48320176555470673,17,17,1
corrected_154block,0.5781202457673046,17,17,1
corrected_154block,0.6801712992889464,17,30,14
corrected_154block,0.4524402068519715,17,18,2
corrected_154block,0.6542429792429791,17,17,1
corrected_154block,0.5379084967320261,17,17,1
corrected_154block,0.6849674834968953,17,17,1
corrected_154block,0.7451661084014025,17,17,1
corrected_154block,0.4806184012066365,17,30,14
corrected_154block,0.6469445587092647,17,18,2
corrected_154block,0.42374977963213256,17,17,1
corrected_154block,0.47481146304675714,17,17,1
corrected_154block,0.3747169497169497,17,17,1
corrected_154block,0.4712885154061625,17,30,14
corrected_154block,0.6146719293778117,17,17,1
corrected_154block,0.43469439057674353,17,17,1
corrected_154block,0.6065176653411948,17,17,1
corrected_154block,0.7180124613948144,17,17,1
corrected_154block,0.50989810842752,17,17,1
corrected_154block,0.5970470705764823,17,17,1
corrected_154block,0.5871785077667431,17,17,1
corrected_154block,0.5577814342520224,17,17,1
corrected_154block,0.5067359111476759,17,17,1
corrected_154block,0.483476490829432,17,17,1
corrected_154block,0.6448753860518567,17,18,2
corrected_154block,0.24373779814956287,17,17,1
corrected_154block,0.5343328240387064,17,30,14
corrected_154block,0.4049158357981887,17,17,1
corrected_154block,0.5953206923795158,17,17,1
corrected_154block,0.6365686600980718,17,17,1
corrected_154block,0.5663130986660398,17,17,1
corrected_154block,0.6380575307045895,17,17,1
corrected_154block,0.6093487394957983,17,31,14
corrected_154block,0.5617349970291147,17,17,1
corrected_154block,0.7374822889528772,17,17,1
corrected_154block,0.5629551820728292,17,17,1
corrected_154block,0.5727106227106227,17,18,2
corrected_154block,0.48367547485194545,17,30,14
corrected_154block,0.5669575522516699,17,17,1
corrected_154block,0.39148261868850104,17,17,1
corrected_154block,0.4707408604467428,17,17,1
corrected_154block,0.5690818984936632,17,17,1
corrected_154block,0.5415870893812071,17,18,2
corrected_154block,0.5975331041507512,17,18,2
corrected_154block,0.5412698412698412,17,17,1
corrected_154block,0.49106840871546753,17,17,1
corrected_154block,0.43696401637578103,17,17,1
corrected_154block,0.5342830372242138,17,18,2
corrected_154block,0.27596406861112743,17,31,14
corrected_154block,0.6643175451998983,17,17,1
corrected_154block,0.5958114597820481,17,18,2
corrected_154block,0.6303879127408539,17,17,1
corrected_154block,0.6099885408708937,17,17,1
corrected_154block,0.7211102622867329,17,17,1
corrected_154block,0.4908885232414645,17,17,1
corrected_154block,0.6001941685765215,17,17,1
corrected_154block,0.5710389283918695,17,17,1
corrected_154block,0.5427214125743538,17,17,1
corrected_154block,0.6712579903756374,17,18,2
corrected_154block,0.5269522960699431,17,18,2
corrected_154block,0.5490986138044962,17,17,1
corrected_154block,0.4912868993751346,17,18,2
corrected_154block,0.6341033149856681,17,17,1
corrected_154block,0.4473516679399032,17,17,1
corrected_154block,0.6044062147003324,17,17,1
corrected_154block,0.5029243632184808,17,17,1
corrected_154block,0.6309714795008913,17,17,1
corrected_154block,0.5837559499324204,17,17,1
corrected_154block,0.5743464052287582,17,17,1
corrected_154block,0.5255634071810542,17,18,2
corrected_154block,0.47342575724928665,17,17,1
corrected_154block,0.46256292726880965,17,18,2
corrected_154block,0.5428894634776987,17,17,1
corrected_154block,0.6762388288648793,17,30,14
corrected_154block,0.4588277735336559,17,30,14
corrected_154block,0.5357612975260034,17,17,1
corrected_154block,0.5280281809693574,17,17,1
corrected_154block,0.5463800904977376,17,17,1
corrected_154block,0.32390469008116063,17,17,1
corrected_154block,0.5519821681586388,17,18,2
corrected_154block,0.5464261228967111,17,17,1
corrected_154block,0.5442944310591368,17,18,2
corrected_154block,0.56444878650761,17,17,1
corrected_154block,0.4165754180460063,17,17,1
corrected_154block,0.5397391823862412,17,17,1
corrected_154block,0.5627576671694319,17,17,1
corrected_154block,0.3415138782785842,17,17,1
corrected_154block,0.5176596279537455,17,18,2
corrected_154block,0.5926979882862234,17,18,2
corrected_154block,0.5023540185304891,17,17,1
corrected_154block,0.5617669911787558,17,18,2
corrected_154block,0.6607771313653666,17,17,1
corrected_154block,0.49796918767507004,17,30,14
corrected_154block,0.6249872676343264,17,17,1
corrected_154block,0.7760851893204835,17,17,1
corrected_154block,0.6533526231005223,17,30,14
corrected_154block,0.6544096426449367,17,17,1
corrected_154block,0.533231719261131,17,17,1
corrected_154block,0.5414341377576671,17,18,2
corrected_154block,0.6376750700280112,17,18,2
corrected_154block,0.48965283082930133,17,18,2
corrected_154block,0.5661934470758,17,17,1
corrected_154block,0.5911521485050897,17,18,2
corrected_154block,0.45360897272661976,17,18,2
corrected_154block,0.5167459990989403,17,17,1
corrected_154block,0.6470049558284853,17,18,2
corrected_154block,0.5073893426834604,17,17,1
corrected_154block,0.43616481557658027,17,17,1
corrected_154block,0.3669191919191919,17,17,1
corrected_154block,0.6075488936833475,17,30,14
corrected_154block,0.5201852069499129,17,18,2
corrected_154block,0.4581330434271611,17,17,1
corrected_154block,0.5560548928195986,17,18,2
corrected_154block,0.523425920484744,17,17,1
corrected_154block,0.5382604323780794,17,17,1
corrected_154block,0.500605113840408,17,18,2
corrected_154block,0.5621212121212121,17,17,1
corrected_154block,0.5486420442302795,17,18,2
corrected_154block,0.6065449256625728,17,17,1
corrected_154block,0.39345034050916405,17,17,1
corrected_154block,0.444022644022644,17,17,1
corrected_154block,0.3550687874217286,17,17,1
corrected_154block,0.6018836555601262,17,18,2
corrected_154block,0.6583441068735186,17,30,14
corrected_154block,0.4932288299935359,17,17,1
corrected_154block,0.5747086247086247,17,17,1
corrected_154block,0.523627026568203,17,17,1
corrected_154block,0.5092108871520638,17,17,1
corrected_154block,0.6619565075447429,17,17,1
corrected_154block,0.4685608509137921,17,17,1
corrected_154block,0.5030812324929972,17,17,1
corrected_154block,0.6837345660875073,17,17,1
corrected_154block,0.48579704609116375,17,17,1
corrected_154block,0.5595588235294118,17,17,1
corrected_154block,0.5266170104405399,17,31,14
corrected_154block,0.6197723844782668,17,17,1
corrected_154block,0.5218306203600322,17,17,1
corrected_154block,0.6556659027247262,17,17,1
corrected_154block,0.4551002918649978,17,17,1
corrected_154block,0.5218058085705144,17,17,1
corrected_154block,0.3089730530907002,17,17,1
corrected_154block,0.5124618845207081,17,30,14
corrected_154block,0.6870477561654033,17,30,14
corrected_154block,0.5009803921568627,17,18,2
corrected_154block,0.45588773971126917,17,18,2
corrected_154block,0.6820176555470673,17,17,1
corrected_154block,0.5293957676310618,17,17,1
corrected_154block,0.6182420520655815,17,18,2
corrected_154block,0.4358543417366947,17,17,1
corrected_154block,0.47581911552499795,17,17,1
corrected_154block,0.5819073083778966,17,17,1
corrected_154block,0.4034547152194211,17,31,14
corrected_154block,0.5673566629448983,17,17,1
corrected_154block,0.6808537867361396,17,17,1
corrected_154block,0.4548170783464901,17,17,1
corrected_154block,0.4479314802844214,17,17,1
corrected_154block,0.5037629037629038,17,17,1
corrected_154block,0.6464651361710186,17,17,1
corrected_154block,0.6235796882855706,17,17,1
corrected_154block,0.5894192408898291,17,30,14
corrected_154block,0.6780627402476143,17,30,14
corrected_154block,0.5681648416942534,17,17,1
corrected_154block,0.5624950213185508,17,18,2
corrected_154block,0.4046272355095885,17,17,1
corrected_154block,0.5531975377563614,17,17,1
corrected_154block,0.3478368503578587,17,30,14
corrected_154block,0.6530103066867772,17,17,1
corrected_154block,0.3168406756642051,17,17,1
corrected_154block,0.5109922756981581,17,18,2
corrected_154block,0.6119960105254223,17,18,2
corrected_154block,0.564772319184084,17,17,1
corrected_154block,0.5196009872480462,17,17,1
corrected_154block,0.6202118143294614,17,17,1
corrected_154block,0.6317639876463406,17,17,1
corrected_154block,0.378800447918095,17,18,2
corrected_154block,0.4448815889992361,17,30,14
corrected_154block,0.41976781388546097,17,17,1
corrected_154block,0.5380825057295646,17,18,2
corrected_154block,0.45708817326464385,17,17,1
corrected_154block,0.7239637813167226,17,18,2
corrected_154block,0.5228666758078523,17,17,1
corrected_154block,0.5442343604108311,17,17,1
corrected_154block,0.5194922724334489,17,17,1
corrected_154block,0.41427714442420327,17,17,1
corrected_154block,0.6583595326242385,17,18,2
corrected_154block,0.4464213890684479,17,17,1
corrected_154block,0.761215092097445,17,17,1
corrected_154block,0.3749737190913661,17,30,14
corrected_154block,0.5761702349937645,17,17,1
corrected_154block,0.49206887883358474,17,17,1
corrected_154block,0.384640522875817,17,30,14
corrected_154block,0.5719633307868602,17,17,1
corrected_154block,0.6539981260569496,17,17,1
corrected_154block,0.6707792207792208,17,31,14
corrected_154block,0.5612960568842922,17,17,1
corrected_154block,0.676975801975802,17,17,1
corrected_154block,0.6334608202255262,17,18,2
corrected_154block,0.4208247634718223,17,17,1
corrected_154block,0.5985527544351072,17,30,14
corrected_154block,0.5428553472671119,17,17,1
corrected_154block,0.5001238957121311,17,17,1
corrected_154block,0.44830512624630275,17,17,1
corrected_154block,0.5767928150281092,17,17,1
corrected_154block,0.8046473134708428,17,18,2
corrected_154block,0.41774573465749937,17,17,1
corrected_154block,0.6133469471704766,17,17,1
corrected_154block,0.5328526049114285,17,17,1
corrected_154block,0.33694834577187516,17,18,2
corrected_154block,0.6438608776844071,17,17,1
corrected_154block,0.7572289638466108,17,19,2
corrected_154block,0.4932740462152227,17,17,1
corrected_154block,0.37467891585538643,17,30,14
corrected_154block,0.5414967385555621,17,17,1
corrected_154block,0.3799028702390047,17,31,14
corrected_154block,0.5663844325609031,17,18,2
corrected_154block,0.4767729819200407,17,18,2
corrected_154block,0.5907610363492717,17,17,1
corrected_154block,0.6146979654332596,17,17,1
corrected_154block,0.5217150496562262,17,17,1
corrected_154block,0.6774997877939054,17,17,1
corrected_154block,0.6227125815361109,17,17,1
corrected_154block,0.7027671674730498,17,17,1
corrected_154block,0.6941891441891441,17,17,1
corrected_154block,0.6700196861961567,17,17,1
corrected_154block,0.5988307444189798,17,18,2
corrected_154block,0.5555224187577129,17,17,1
corrected_154block,0.5223718275188862,17,18,2
corrected_154block,0.5833261509732097,17,17,1
corrected_154block,0.4767273576097106,17,18,2
corrected_154block,0.46632289279348105,17,18,2
corrected_154block,0.48646533205356735,17,18,2
corrected_154block,0.28692386045327223,17,17,1
corrected_154block,0.5566585375408906,17,18,2
corrected_154block,0.5709914268737798,17,18,2
corrected_154block,0.5240825351119468,17,17,1
corrected_154block,0.49910269469093,17,18,2
corrected_154block,0.4809739280327515,17,17,1
corrected_154block,0.48881331087213437,17,17,1
corrected_154block,0.48508403361344543,17,17,1
corrected_154block,0.5005102274009836,17,31,14
corrected_154block,0.5319386495857085,17,17,1
corrected_154block,0.4717903828197945,17,30,14
corrected_154block,0.5194209385385856,17,18,2
corrected_154block,0.3932194089757115,17,30,14
corrected_154block,0.6339288162817575,17,18,2
corrected_154block,0.41088617265087857,17,17,1
corrected_154block,0.5993251846193023,17,17,1
corrected_154block,0.5357594203182439,17,18,2
corrected_154block,0.505611218846513,17,18,2
corrected_154block,0.5174269707883153,17,30,14
corrected_154block,0.3976657329598506,17,17,1
corrected_154block,0.6543534080298786,17,18,2
corrected_154block,0.6602429433311786,17,17,1
corrected_154block,0.46700064641241107,17,17,1
corrected_154block,0.653786817757406,17,18,2
corrected_154block,0.5797132605956136,17,17,1
corrected_154block,0.5666971916971918,17,17,1
corrected_154block,0.42197296167884396,17,17,1
corrected_154block,0.5628510378510378,17,17,1
corrected_154block,0.5125261992909051,17,17,1
corrected_154block,0.5194353032588328,17,17,1
corrected_154block,0.7191186264715675,17,17,1
corrected_154block,0.6460275019098549,17,17,1
corrected_154block,0.5696445711151593,17,17,1
corrected_154block,0.5988820003525885,17,17,1
corrected_154block,0.55321304512481,17,17,1
corrected_154block,0.5377127774186597,17,18,2
corrected_154block,0.6084066260536849,17,18,2
corrected_154block,0.6380338615632732,17,17,1
corrected_154block,0.4180143386025739,17,30,14
corrected_154block,0.42058186911128087,17,17,1
corrected_154block,0.5601307189542483,17,17,1
corrected_154block,0.5678571428571428,17,17,1
corrected_154block,0.5452225878696466,17,17,1
corrected_154block,0.536955691367456,17,17,1
corrected_154block,0.6276137261431378,17,17,1
corrected_154block,0.4615795968737145,17,17,1
corrected_154block,0.6265631427396133,17,18,2
corrected_154block,0.5372424960660256,17,17,1
corrected_154block,0.5186401833460658,17,18,2
corrected_154block,0.594974959680842,17,18,2
corrected_154block,0.8022588522588523,17,18,2
corrected_154block,0.5712963507081155,17,17,1
corrected_154block,0.6016677766677768,17,17,1
corrected_154block,0.44755612035023806,17,17,1
corrected_154block,0.5303059452219115,17,30,14
corrected_154block,0.4678452266687561,17,30,14
corrected_154block,0.6014495308612956,17,17,1
corrected_154block,0.576219042395513,17,17,1
corrected_154block,0.5719230116288939,17,17,1
corrected_154block,0.633968564115623,17,17,1
corrected_154block,0.5410871807930631,17,17,1
corrected_154block,0.46269988181752886,17,17,1
corrected_154block,0.5048227915874975,17,17,1
corrected_154block,0.6633133206662618,17,17,1
corrected_154block,0.5305194805194806,17,17,1
corrected_154block,0.29952465834818776,17,17,1
corrected_154block,0.5403199741435035,17,17,1
corrected_154block,0.4745078450960804,17,17,1
corrected_154block,0.3895485233720528,17,18,2
corrected_154block,0.37781368957839545,17,17,1
corrected_154block,0.4708086031615443,17,18,2
corrected_154block,0.4561897253073724,17,19,2
corrected_154block,0.53318429936077,17,17,1
corrected_154block,0.5327752313046431,17,18,2
corrected_154block,0.5913264839735428,17,18,2
corrected_154block,0.3547645981469511,17,32,14
corrected_154block,0.4182471123647594,17,17,1
corrected_154block,0.45993908052731575,17,30,14
corrected_154block,0.3881706528765352,17,17,1
corrected_154block,0.6899859943977592,17,17,1
corrected_154block,0.5483807042630573,17,17,1
corrected_154block,0.6179340267575563,17,17,1
corrected_154block,0.4832605303193539,17,17,1
corrected_154block,0.4761322827499298,17,17,1
corrected_154block,0.4674284865461336,17,17,1
corrected_154block,0.5311543032131268,17,18,2
corrected_154block,0.5687547746371275,17,17,1
corrected_154block,0.6408963585434174,17,31,14
corrected_154block,0.47934336904925134,17,17,1
corrected_154block,0.5597709480062422,17,18,2
corrected_154block,0.5673992673992674,17,17,1
corrected_154block,0.7259076707606119,17,17,1
corrected_154block,0.47991196478591436,17,30,14
corrected_154block,0.5203539107950873,17,18,2
corrected_154block,0.40406342023989084,17,17,1
corrected_154block,0.481184256919551,17,17,1
corrected_154block,0.4127069009421951,17,30,14
corrected_154block,0.6549259563965446,17,17,1
corrected_154block,0.39598506069094297,17,30,14
corrected_154block,0.6268674136321195,17,17,1
corrected_154block,0.5204736440030557,17,17,1
corrected_154block,0.5034457372692667,17,17,1
corrected_154block,0.4429110105580693,17,17,1
corrected_154block,0.543705967235379,17,17,1
corrected_154block,0.7222116119174943,17,17,1
corrected_154block,0.5177494074552899,17,18,2
corrected_154block,0.5509903495197612,17,18,2
corrected_154block,0.41949733273262685,17,17,1
corrected_154block,0.5171637186343069,17,18,2
corrected_154block,0.7183398301045361,17,17,1
corrected_154block,0.6825488237252944,17,17,1
corrected_154block,0.6384439090321444,17,17,1
corrected_154block,0.45881610219845514,17,17,1
corrected_154block,0.5909854851031322,17,17,1
corrected_154block,0.4963580537109949,17,18,2
corrected_154block,0.456649069884364,17,17,1
corrected_154block,0.6318828230592937,17,17,1
corrected_154block,0.36400829562594267,17,17,1
corrected_154block,0.5210562313503491,17,17,1
corrected_154block,0.5698664081017022,17,18,2
corrected_154block,0.49540557481733954,17,17,1
corrected_154block,0.6259294626941686,17,18,2
corrected_154block,0.41939775910364147,17,30,14
corrected_154block,0.4056074644309939,17,17,1
corrected_154block,0.3166265107441578,17,17,1
corrected_154block,0.6086219336219336,17,17,1
corrected_154block,0.5033548151195211,17,17,1
corrected_154block,0.6057539682539683,17,30,14
corrected_154block,0.6500951662716368,17,17,1
corrected_154block,0.5456803000920648,17,17,1
corrected_154block,0.5082548170783465,17,18,2
corrected_154block,0.4968020541549953,17,17,1
corrected_154block,0.5072794852206617,17,17,1
corrected_154block,0.4843085019555608,17,17,1
corrected_154block,0.46584118495883203,17,17,1
corrected_154block,0.4757225617519735,17,17,1
corrected_154block,0.6426516294163354,17,18,2
corrected_154block,0.49457209457209456,17,17,1
corrected_154block,0.5509534583063995,17,31,14
corrected_154block,0.5846313816902053,17,17,1
corrected_154block,0.4067077530312824,17,17,1
corrected_154block,0.60351152115858,17,17,1
corrected_154block,0.5274246178657943,17,18,2
corrected_154block,0.5728944258356022,17,18,2
corrected_154block,0.7636357106945342,17,17,1
corrected_154block,0.45673313614490085,17,17,1
corrected_154block,0.492319363642893,17,17,1
corrected_154block,0.6832664067958186,17,17,1
corrected_154block,0.5820746247216836,17,17,1
corrected_154block,0.45159546336016926,17,17,1
corrected_154block,0.6618939883645766,17,17,1
corrected_154block,0.6045320692379517,17,17,1
corrected_154block,0.5137256534315358,17,18,2
corrected_154block,0.3694801930096047,17,17,1
corrected_154block,0.556426743191449,17,17,1
corrected_154block,0.5142669422081187,17,17,1
corrected_154block,0.337568640509817,17,17,1
corrected_154block,0.6190138293079468,17,17,1
corrected_154block,0.4107231004289828,17,18,2
corrected_154block,0.4419170698582463,17,17,1
corrected_154block,0.5455756661639015,17,17,1
corrected_154block,0.45395633777986716,17,17,1
corrected_154block,0.39613360495713434,17,17,1
corrected_154block,0.5593783667313079,17,17,1
corrected_154block,0.4983571983571983,17,17,1
corrected_154block,0.5390183346065698,17,17,1
corrected_154block,0.6816167492638081,17,18,2
corrected_154block,0.5031857031857031,17,30,14
corrected_154block,0.44129400011752956,17,30,14
corrected_154block,0.6732439129497954,17,17,1
corrected_154block,0.4371188452070805,17,17,1
corrected_154block,0.5644975939093586,17,18,2
corrected_154block,0.6239704739704739,17,17,1
corrected_154block,0.6587513793396148,17,17,1
corrected_154block,0.4206883802472038,17,17,1
corrected_154block,0.39422268907563024,17,30,14
corrected_154block,0.340769524593054,17,17,1
corrected_154block,0.5500176294293941,17,17,1
corrected_154block,0.4856241797418268,17,17,1
corrected_154block,0.6631185807656396,17,17,1
corrected_154block,0.4597267111972994,17,17,1
corrected_154block,0.49689648586707413,17,30,14
corrected_154block,0.6522806441924089,17,17,1
corrected_154block,0.5460941019764549,17,17,1
corrected_154block,0.5991596638655463,17,17,1
corrected_154block,0.5353891206832384,17,17,1
corrected_154block,0.6850169438404733,17,17,1
corrected_154block,0.5105688429217841,17,17,1
corrected_154block,0.41696669343728165,17,17,1
corrected_154block,0.504851684263449,17,17,1
corrected_154block,0.5321828498299087,17,18,2
corrected_154block,0.7061099031687266,17,17,1
corrected_154block,0.37821247380070905,17,17,1
corrected_154block,0.5015002970885325,17,17,1
corrected_154block,0.5143791665850489,17,19,2
corrected_154block,0.6816806559453619,17,18,2
corrected_154block,0.5644649468178881,17,17,1
corrected_154block,0.5990871057047528,17,17,1
corrected_154block,0.6101702219349278,17,18,2
corrected_154block,0.3815925904161198,17,17,1
corrected_154block,0.4289279348102878,17,17,1
corrected_154block,0.5467248437836673,17,17,1
corrected_154block,0.539233805410276,17,17,1
corrected_154block,0.6214181243593008,17,17,1
corrected_154block,0.5166235725059254,17,17,1
corrected_154block,0.37130957278016097,17,17,1
corrected_154block,0.530589018824313,17,18,2
corrected_154block,0.5693234869705458,17,31,14
corrected_154block,0.5374713521772345,17,17,1
corrected_154block,0.5560562803209862,17,18,2
corrected_154block,0.37597533185768484,17,17,1
corrected_154block,0.6223425267542915,17,17,1
corrected_154block,0.6793072940131765,17,17,1
corrected_154block,0.6827731092436975,17,18,2
corrected_154block,0.5176152279093454,17,17,1
corrected_154block,0.21582633053221287,17,17,1
corrected_154block,0.5712263926549642,17,30,14
corrected_154block,0.5774828113063407,17,17,1
corrected_154block,0.5627711340946635,17,17,1
corrected_154block,0.43700515171103405,17,17,1
corrected_154block,0.558154019183431,17,17,1
corrected_154block,0.7013177998472117,17,18,2
corrected_154block,0.3742820904585611,17,17,1
corrected_154block,0.40296762061467944,17,17,1
corrected_154block,0.4505842197018668,17,17,1
corrected_154block,0.4166792357968828,17,18,2
corrected_154block,0.6341700782877253,17,17,1
corrected_154block,0.5197327182621301,17,30,14
corrected_154block,0.5590292060880296,17,18,2
corrected_154block,0.6441679235796883,17,30,14
corrected_154block,0.6213154492566256,17,17,1
corrected_154block,0.563655462184874,17,18,2
corrected_154block,0.5543920132155427,17,17,1
corrected_154block,0.6088863750628457,17,17,1
corrected_154block,0.5586614366026131,17,17,1
corrected_154block,0.6645230586407057,17,17,1
corrected_154block,0.6186391223155929,17,17,1
corrected_154block,0.4037142595966125,17,17,1
corrected_154block,0.513472428598479,17,30,14
corrected_154block,0.5551840316546199,17,17,1
corrected_154block,0.42370766488413547,17,17,1
corrected_154block,0.5116515837104073,17,17,1
corrected_154block,0.6416260210377858,17,17,1
corrected_154block,0.4023376949847538,17,17,1
corrected_154block,0.47124231977173153,17,18,2
corrected_154block,0.576620764856059,17,17,1
corrected_154block,0.7635349127996187,17,17,1
corrected_154block,0.5408534276181335,17,17,1
corrected_154block,0.4579311211664153,17,17,1
corrected_154block,0.4685058405646641,17,17,1
corrected_154block,0.536826245649775,17,17,1
corrected_154block,0.4601702219349278,17,17,1
corrected_154block,0.5170168067226891,17,17,1
corrected_154block,0.4194535389913541,17,30,14
corrected_154block,0.591592394533571,17,17,1
corrected_154block,0.2804154995331466,17,17,1
corrected_154block,0.5944858246328835,17,17,1
corrected_154block,0.6184046345811051,17,17,1
corrected_154block,0.5504319210201565,17,17,1
corrected_154block,0.5592814048696402,17,17,1
corrected_154block,0.5665032679738562,17,18,2
corrected_154block,0.4996301084536379,17,17,1
corrected_154block,0.4695575666163901,17,17,1
corrected_154block,0.6682063035004212,17,17,1
corrected_154block,0.3696479990597638,17,17,1
corrected_154block,0.5438564703270585,17,17,1
corrected_154block,0.6606613974261033,17,17,1
corrected_154block,0.43155423008364174,17,17,1
corrected_154block,0.5112967098261216,17,17,1
corrected_154block,0.3724466709760827,17,17,1
corrected_154block,0.34845513963161023,17,17,1
corrected_154block,0.4109388977036036,17,30,14
corrected_154block,0.651054745907687,17,17,1
corrected_154block,0.505019490313608,17,17,1
corrected_154block,0.53276062173121,17,30,14
corrected_154block,0.5586025086025086,17,17,1
corrected_154block,0.6383862869156987,17,17,1
corrected_154block,0.6329051667286961,17,18,2
corrected_154block,0.4722922502334267,17,18,2
corrected_154block,0.5783523665876606,17,17,1
corrected_154block,0.5797321959086664,17,17,1
corrected_154block,0.5515856692327281,17,18,2
corrected_154block,0.36352160910984443,17,17,1
corrected_154block,0.582720220955515,17,17,1
corrected_154block,0.7362666745019686,17,18,2
corrected_154block,0.6713614816555993,17,17,1
corrected_154block,0.4689140924435042,17,17,1
corrected_154block,0.3095714742773566,17,17,1
corrected_154block,0.42379605688429217,17,17,1
corrected_154block,0.4063807107924755,17,18,2
corrected_154block,0.43097123464770526,17,30,14
corrected_154block,0.6496434937611408,17,18,2
corrected_154block,0.5774193127134303,17,18,2
corrected_154block,0.5473389355742297,17,17,1
corrected_154block,0.4879965622612681,17,17,1
corrected_154block,0.5489768401533107,17,17,1
corrected_154block,0.6866174674998204,17,17,1
corrected_154block,0.40210766124631675,17,30,14
corrected_154block,0.5854968560850914,17,17,1
corrected_154block,0.5149393090569561,17,17,1
corrected_154block,0.5721479500891266,17,18,2
corrected_154block,0.4507257448433919,17,17,1
corrected_154block,0.5707805266628796,17,17,1
corrected_154block,0.6622429041546688,17,17,1
corrected_154block,0.5502864782276548,17,17,1
corrected_154block,0.35038066508654747,17,30,14
corrected_154block,0.4240822902587609,17,17,1
corrected_154block,0.44308485632015043,17,30,14
corrected_154block,0.6010151613092789,17,17,1
corrected_154block,0.7157414480943893,17,17,1
corrected_154block,0.5883711060181648,17,17,1
corrected_154block,0.707163168297622,17,31,14
corrected_154block,0.47758467023172907,17,17,1
corrected_154block,0.6541252864782275,17,18,2
corrected_154block,0.3438754056401115,17,17,1
corrected_154block,0.42714626643198067,17,30,14
corrected_154block,0.5193524612642259,17,17,1
corrected_154block,0.36592329239388066,17,17,1
corrected_154block,0.4625435022493846,17,18,2
corrected_154block,0.4751725398784223,17,17,1
corrected_154block,0.42394321364909604,17,18,2
corrected_154block,0.45900161929573696,17,17,1
corrected_154block,0.5300931095048743,17,17,1
corrected_154block,0.5480534171710643,17,18,2
corrected_154block,0.6051428147016382,17,17,1
corrected_154block,0.46713727449021564,17,17,1
corrected_154block,0.5323330264506735,17,17,1
corrected_154block,0.5622656755009696,17,18,2
corrected_154block,0.5348569730922671,17,17,1
corrected_154block,0.5120681605975724,17,18,2
corrected_154block,0.6546757164404222,17,17,1
corrected_154block,0.47803985230455814,17,30,14
corrected_154block,0.5261628893981836,17,17,1
corrected_154block,0.3989693080029215,17,30,14
corrected_154block,0.5057648234118822,17,17,1
corrected_154block,0.44738611062140476,17,17,1
corrected_154block,0.29548515210279913,17,18,2
corrected_154block,0.18688084791025966,17,30,14
corrected_154block,0.5549889652830828,17,17,1
corrected_154block,0.35674390968508607,17,17,1
corrected_154block,0.7335470085470085,17,17,1
corrected_154block,0.6702043054984231,17,17,1
corrected_154block,0.4863430686960099,17,17,1
corrected_154block,0.4102431881843646,17,18,2
corrected_154block,0.6136094297859004,17,17,1
corrected_154block,0.6976934829876006,17,18,2
corrected_154block,0.4038099155746215,17,17,1
corrected_154block,0.6383854707384119,17,18,2
corrected_154block,0.5972689075630251,17,17,1
corrected_154block,0.6713389551624845,17,19,2
corrected_154block,0.4195391210097093,17,18,2
corrected_154block,0.5608543417366947,17,18,2
corrected_154block,0.5403446226975639,17,17,1
corrected_154block,0.5233327130385954,17,18,2
corrected_154block,0.5162034044386986,17,17,1
corrected_154block,0.5470604558839853,17,17,1
corrected_154block,0.47970754735460613,17,17,1
corrected_154block,0.5182603344368051,17,18,2
corrected_154block,0.4002722767428649,17,17,1
corrected_154block,0.6540258760846996,17,17,1
corrected_154block,0.46822425940073,17,17,1
corrected_154block,0.6696812990930638,17,18,2
corrected_154block,0.45679565532506705,17,17,1
corrected_154block,0.5710294607353432,17,30,14
corrected_154block,0.46463667051902346,17,17,1
corrected_154block,0.6964604023427552,17,17,1
corrected_154block,0.42205457940752056,17,17,1
corrected_154block,0.44403439697557345,17,17,1
corrected_154block,0.4348946804829158,17,18,2
corrected_154block,0.6048451548451549,17,17,1
corrected_154block,0.4909259041611983,17,18,2
corrected_154block,0.5454503013326544,17,18,2
corrected_154block,0.6643072613660849,17,17,1
corrected_154block,0.45125152625152626,17,17,1
corrected_154block,0.5892695539754363,17,17,1
corrected_154block,0.6452204658087011,17,17,1
corrected_154block,0.48356839239192184,17,17,1
corrected_154block,0.625409557762499,17,17,1
corrected_154block,0.4998457424928013,17,17,1
corrected_154block,0.46055986497162976,17,17,1
corrected_154block,0.5490303813833225,17,18,2
corrected_154block,0.5165814577579283,17,17,1
corrected_154block,0.6491384432560904,17,17,1
corrected_154block,0.34183006535947713,17,17,1
corrected_154block,0.3790341194752959,17,17,1
corrected_154block,0.5238253576488872,17,17,1
corrected_154block,0.5409794453912101,17,17,1
corrected_154block,0.5846243625655391,17,18,2
corrected_154block,0.6449049316696375,17,17,1
corrected_154block,0.6198590625061213,17,17,1
corrected_154block,0.47138817065287647,17,17,1
corrected_154block,0.5627943135296076,17,17,1
corrected_154block,0.5522905199375787,17,18,2
corrected_154block,0.3776826115061409,17,17,1
corrected_154block,0.5812026209085033,17,17,1
corrected_154block,0.28648377766024824,17,18,2
corrected_154block,0.5265724471606825,17,17,1
corrected_154block,0.46623662285426987,17,17,1
corrected_154block,0.4688485650670525,17,30,14
corrected_154block,0.5682895535836712,17,17,1
corrected_154block,0.46679631642866937,17,19,2
corrected_154block,0.45525846702317296,17,30,14
corrected_154block,0.6385737628384688,17,17,1
corrected_154block,0.37382119514472456,17,18,2
corrected_154block,0.6927894001423412,17,17,1
corrected_154block,0.7377749701279114,17,17,1
corrected_154block,0.7399453487688782,17,17,1
corrected_154block,0.35124205859499974,17,17,1
corrected_154block,0.37370129870129865,17,17,1
corrected_154block,0.5056956115779645,17,31,14
corrected_154block,0.5554447186800127,17,17,1
corrected_154block,0.34943806193806193,17,17,1
corrected_154block,0.6110497345791464,17,30,14
corrected_154block,0.4160018086488675,17,31,14
corrected_154block,0.4817078346490111,17,17,1
corrected_154block,0.5858254490607432,17,18,2
corrected_154block,0.6120768120768121,17,17,1
corrected_154block,0.6706393279922691,17,17,1
corrected_154block,0.22705627705627704,17,17,1
corrected_154block,0.4823666529548883,17,30,14
corrected_154block,0.6002388134741077,17,17,1
corrected_154block,0.49055829791123917,17,18,2
corrected_154block,0.4303309435662377,17,17,1
corrected_154block,0.6412535993418347,17,18,2
corrected_154block,0.5760864952041423,17,17,1
corrected_154block,0.5930695121871592,17,17,1
corrected_154block,0.643695356930651,17,17,1
corrected_154block,0.564115704556881,17,17,1
corrected_154block,0.5199134199134199,17,17,1
corrected_154block,0.7193564605329312,17,17,1
corrected_154block,0.5848039215686275,17,17,1
corrected_154block,0.4225776674306086,17,17,1
corrected_154block,0.6056255835667601,17,17,1
corrected_154block,0.44684873949579834,17,17,1
corrected_154block,0.34130934425052073,17,30,14
corrected_154block,0.42366946778711484,17,17,1
corrected_154block,0.6519935946406534,17,17,1
corrected_154block,0.5546993039640098,17,17,1
corrected_154block,0.4775995246583481,17,17,1
corrected_154block,0.5163356251591545,17,17,1
corrected_154block,0.5587433808022043,17,17,1
corrected_154block,0.4853398235751177,17,18,2
corrected_154block,0.5886698269051209,17,18,2
corrected_154block,0.5953061644238115,17,17,1
corrected_154block,0.5005135387488329,17,17,1
corrected_154block,0.5978170522288169,17,17,1
corrected_154block,0.4947669977081742,17,18,2
corrected_154block,0.3481224657695246,17,17,1
corrected_154block,0.6946339608104315,17,18,2
corrected_154block,0.5374748617395676,17,17,1
corrected_154block,0.5155595221771693,17,17,1
corrected_154block,0.6943308325661267,17,18,2
corrected_154block,0.6154291786644728,17,17,1
corrected_154block,0.5848218774689363,17,17,1
corrected_154block,0.48471055088702153,17,18,2
corrected_154block,0.3110078646843353,17,18,2
corrected_154block,0.6307460513342866,17,17,1
corrected_154block,0.6300673183026123,17,18,2
corrected_154block,0.3606804959746136,17,17,1
corrected_154block,0.5763804822628352,17,18,2
corrected_154block,0.48451646392822867,17,17,1
corrected_154block,0.5607715813598166,17,17,1
corrected_154block,0.4851731601731602,17,31,14
corrected_154block,0.48179092149680386,17,17,1
corrected_154block,0.48954607484019247,17,18,2
corrected_154block,0.5709657989069754,17,18,2
corrected_154block,0.5158751379339614,17,18,2
corrected_154block,0.4805656761539114,17,17,1
corrected_154block,0.41333976481035306,17,18,2
corrected_154block,0.7453796203796204,17,17,1
corrected_154block,0.3528008755949933,17,18,2
corrected_154block,0.25591312282488754,17,17,1
corrected_154block,0.6459097275273745,17,17,1
corrected_154block,0.5852187028657618,17,30,14
corrected_154block,0.4673143849614438,17,17,1
corrected_154block,0.4213311198605316,17,18,2
corrected_154block,0.44855259119965,17,17,1
corrected_154block,0.5216017642488231,17,17,1
corrected_154block,0.6778324616559911,17,30,14
corrected_154block,0.375045531032926,17,30,14
corrected_154block,0.4663000398294516,17,18,2
corrected_154block,0.6819943128766658,17,17,1
corrected_154block,0.7082585714938655,17,18,2
corrected_154block,0.5827030812324929,17,17,1
corrected_154block,0.45351152115857996,17,30,14
corrected_154block,0.6531344472520944,17,18,2
corrected_154block,0.4731304643069349,17,17,1
corrected_154block,0.5337884337884338,17,17,1
corrected_154block,0.6225186578127754,17,17,1
corrected_154block,0.5223892120950945,17,17,1
corrected_154block,0.47811453252629715,17,17,1
corrected_154block,0.509197909933204,17,17,1
corrected_154block,0.442057942057942,17,17,1
corrected_154block,0.5331782596488479,17,17,1
corrected_154block,0.5814839572192514,17,17,1
corrected_154block,0.5977088271205918,17,17,1
corrected_154block,0.5527957336780865,17,30,14
corrected_154block,0.49757774904833724,17,17,1
corrected_154block,0.5210128107186931,17,17,1
corrected_154block,0.5249467852409028,17,17,1
corrected_154block,0.5151709401709402,17,17,1
corrected_154block,0.5741320770732535,17,17,1
corrected_154block,0.6678200884083237,17,17,1
corrected_154block,0.5716780768251357,17,17,1
corrected_154block,0.5277839807251572,17,17,1
corrected_154block,0.701111796700032,17,17,1
corrected_154block,0.4846423184658479,17,30,14
corrected_154block,0.6253816444992916,17,17,1
corrected_154block,0.4503124326653738,17,17,1
corrected_154block,0.4985527544351073,17,18,2
corrected_154block,0.6156399972576443,17,17,1
corrected_154block,0.6978120735473677,17,17,1
corrected_154block,0.35622082166199814,17,17,1
corrected_154block,0.43083795289677645,17,17,1
corrected_154block,0.6185009435009435,17,17,1
corrected_154block,0.6539705392646568,17,18,2
corrected_154block,0.5001062662827369,17,17,1
corrected_154block,0.5807809837221601,17,18,2
corrected_154block,0.42049225284519404,17,31,14
corrected_154block,0.5375722316898788,17,18,2
corrected_154block,0.633566107095519,17,30,14
corrected_154block,0.45027472527472523,17,17,1
corrected_154block,0.4435525259054671,17,17,1
corrected_154block,0.5127585649644474,17,17,1
corrected_154block,0.3910915881504117,17,18,2
corrected_154block,0.6238211951447246,17,17,1
corrected_154block,0.6791744203508908,17,18,2
corrected_154block,0.5913832899127016,17,17,1
corrected_154block,0.5272826846356258,17,17,1
corrected_154block,0.3831069257539846,17,18,2
corrected_154block,0.47615929821812175,17,30,14
corrected_154block,0.5665106135694371,17,17,1
corrected_154block,0.24670721435427315,17,18,2
corrected_154block,0.5765944839474251,17,17,1
corrected_154block,0.48103954868660753,17,17,1
corrected_154block,0.6163833715304304,17,30,14
corrected_154block,0.4665308547661489,17,17,1
corrected_154block,0.6218271924154277,17,18,2
corrected_154block,0.6928219306370567,17,31,14
corrected_154block,0.6339190221543163,17,17,1
corrected_154block,0.4530391993627288,17,18,2
corrected_154block,0.499551102492279,17,18,2
corrected_154block,0.450223306105659,17,17,1
corrected_154block,0.5582802818096935,17,17,1
corrected_154block,0.4342505533682004,17,18,2
corrected_154block,0.4609544866897808,17,17,1
corrected_154block,0.3262507916919682,17,17,1
corrected_154block,0.5846276272746861,17,17,1
corrected_154block,0.4044612250494603,17,17,1
corrected_154block,0.5577352386175916,17,30,14
corrected_154block,0.546629024570201,17,17,1
corrected_154block,0.48968743674626025,17,17,1
corrected_154block,0.6552236162530279,17,17,1
corrected_154block,0.526599544246603,17,17,1
corrected_154block,0.5096997773468361,17,30,14
corrected_154block,0.5289893113422525,17,17,1
corrected_154block,0.5557638439991381,17,18,2
corrected_154block,0.6163264839735428,17,17,1
corrected_154block,0.4689547380723851,17,17,1
corrected_154block,0.4839208177443471,17,17,1
corrected_154block,0.41048722519310754,17,18,2
corrected_154block,0.49050606256488605,17,17,1
corrected_154block,0.4472582972582973,17,17,1
corrected_154block,0.5711251167133519,17,30,14
corrected_154block,0.6194609312256371,17,17,1
corrected_154block,0.6755817711700064,17,17,1
corrected_154block,0.6795260295260296,17,17,1
corrected_154block,0.6833979745744452,17,17,1
corrected_154block,0.46200335612100324,17,17,1
corrected_154block,0.5646663793722616,17,17,1
corrected_154block,0.6330044138867668,17,19,2
corrected_154block,0.41825184619302264,17,30,14
corrected_154block,0.514704902940197,17,17,1
corrected_154block,0.6247242953125306,17,30,14
corrected_154block,0.41655623787976725,17,18,2
corrected_154block,0.3769965328788858,17,17,1
corrected_154block,0.5437792599557305,17,17,1
corrected_154block,0.5172015892604127,17,17,1
corrected_154block,0.574784529196294,17,18,2
corrected_154block,0.3281912765106042,17,30,14
corrected_154block,0.6414957591428179,17,17,1
corrected_154block,0.5455211455211455,17,17,1
corrected_154block,0.5802881758764111,17,17,1
corrected_154block,0.4502316311139841,17,17,1
corrected_154block,0.6484952955541191,17,17,1
corrected_154block,0.5241702741702742,17,18,2
corrected_154block,0.55983705836647,17,17,1
corrected_154block,0.6377810098398333,17,17,1
corrected_154block,0.5370304532069238,17,17,1
corrected_154block,0.5377531781943548,17,17,1
corrected_154block,0.5157202274849334,17,17,1
corrected_154block,0.528828197945845,17,18,2
corrected_154block,0.6069669825972346,17,30,14
corrected_154block,0.5271981286687168,17,17,1
corrected_154block,0.6198412698412699,17,30,14
corrected_154block,0.45949940582293525,17,17,1
corrected_154block,0.4939327012856425,17,17,1
corrected_154block,0.4154575816340522,17,19,2
corrected_154block,0.5022345301757066,17,18,2
corrected_154block,0.48441313588372414,17,17,1
corrected_154block,0.4567305243775832,17,17,1
corrected_154block,0.2688943409531645,17,32,14
corrected_154block,0.49467271757187736,17,30,14
corrected_154block,0.5465534465534465,17,30,14
corrected_154block,0.4129679144385026,17,17,1
corrected_154block,0.48239423974718093,17,17,1
corrected_154block,0.36124116313191945,17,30,14
corrected_154block,0.5234583227230286,17,30,14
corrected_154block,0.6956074154603565,17,18,2
corrected_154block,0.6915945165945167,17,17,1
corrected_154block,0.5177058235881765,17,17,1
corrected_154block,0.6819105730870437,17,17,1
corrected_154block,0.46176160440866326,17,17,1
corrected_154block,0.5772859493447728,17,18,2
corrected_154block,0.6558102028690262,17,18,2
corrected_154block,0.5871127238774297,17,17,1
corrected_154block,0.5884920634920635,17,17,1
corrected_154block,0.5193672340731165,17,18,2
corrected_154block,0.6914341377576672,17,17,1
singleton_conditional_sizematched,0.4381944444444445,16,16,1
singleton_conditional_sizematched,0.6114526098901099,16,16,1
singleton_conditional_sizematched,0.3419653263403264,16,16,1
singleton_conditional_sizematched,0.41432196275946276,16,16,1
singleton_conditional_sizematched,0.49490197302697303,16,16,1
singleton_conditional_sizematched,0.6144860347985348,16,16,1
singleton_conditional_sizematched,0.7694128787878788,16,16,1
singleton_conditional_sizematched,0.5949540043290044,16,16,1
singleton_conditional_sizematched,0.5116243131868132,16,16,1
singleton_conditional_sizematched,0.37842175185925186,16,16,1
singleton_conditional_sizematched,0.4189445970695971,16,16,1
singleton_conditional_sizematched,0.7664299242424243,16,16,1
singleton_conditional_sizematched,0.5829680735930736,16,16,1
singleton_conditional_sizematched,0.5075055153180152,16,16,1
singleton_conditional_sizematched,0.28377976190476195,16,16,1
singleton_conditional_sizematched,0.4204633907758908,16,16,1
singleton_conditional_sizematched,0.6468972000222,16,16,1
singleton_conditional_sizematched,0.533515442890443,16,16,1
singleton_conditional_sizematched,0.5518276862026863,16,16,1
singleton_conditional_sizematched,0.527827380952381,16,16,1
singleton_conditional_sizematched,0.5313124375624376,16,16,1
singleton_conditional_sizematched,0.49439102564102566,16,16,1
singleton_conditional_sizematched,0.5452259546009546,16,16,1
singleton_conditional_sizematched,0.40240436646686645,16,16,1
singleton_conditional_sizematched,0.5766270188145188,16,16,1
singleton_conditional_sizematched,0.5855724136974136,16,16,1
singleton_conditional_sizematched,0.48278908591408587,16,16,1
singleton_conditional_sizematched,0.2990447052947053,16,16,1
singleton_conditional_sizematched,0.4880026223776224,16,16,1
singleton_conditional_sizematched,0.43832296176046176,16,16,1
singleton_conditional_sizematched,0.5357128982128981,16,16,1
singleton_conditional_sizematched,0.4153483669108669,16,16,1
singleton_conditional_sizematched,0.5841108544233544,16,16,1
singleton_conditional_sizematched,0.6385440947940948,16,16,1
singleton_conditional_sizematched,0.4737809065934066,16,16,1
singleton_conditional_sizematched,0.2710546398046398,16,16,1
singleton_conditional_sizematched,0.6624021811521812,16,16,1
singleton_conditional_sizematched,0.5133262570762571,16,16,1
singleton_conditional_sizematched,0.3971257908757909,16,16,1
singleton_conditional_sizematched,0.4874526515151515,16,16,1
singleton_conditional_sizematched,0.6265396062271062,16,16,1
singleton_conditional_sizematched,0.27089334276834276,16,16,1
singleton_conditional_sizematched,0.2578100718725719,16,16,1
singleton_conditional_sizematched,0.42393231768231765,16,16,1
singleton_conditional_sizematched,0.4087568681318681,16,16,1
singleton_conditional_sizematched,0.4837932900432901,16,16,1
singleton_conditional_sizematched,0.46579150016650017,16,16,1
singleton_conditional_sizematched,0.5024449508824509,16,16,1
singleton_conditional_sizematched,0.3810044122544123,16,16,1
singleton_conditional_sizematched,0.38136169386169383,16,16,1
singleton_conditional_sizematched,0.49040508103008096,16,16,1
singleton_conditional_sizematched,0.4177945318570318,16,16,1
singleton_conditional_sizematched,0.5202684468309469,16,16,1
singleton_conditional_sizematched,0.45157490079365076,16,16,1
singleton_conditional_sizematched,0.3788521374458874,16,16,1
singleton_conditional_sizematched,0.6112328643578644,16,16,1
singleton_conditional_sizematched,0.5980519480519481,16,16,1
singleton_conditional_sizematched,0.40933944527694527,16,16,1
singleton_conditional_sizematched,0.38934884559884564,16,16,1
singleton_conditional_sizematched,0.4883272977022977,16,16,1
singleton_conditional_sizematched,0.5093883547008546,16,16,1
singleton_conditional_sizematched,0.41909722222222223,16,16,1
singleton_conditional_sizematched,0.5961975524475525,16,16,1
singleton_conditional_sizematched,0.5892931721056721,16,16,1
singleton_conditional_sizematched,0.6513144841269841,16,16,1
singleton_conditional_sizematched,0.5864087301587302,16,16,1
singleton_conditional_sizematched,0.4558802308802309,16,16,1
singleton_conditional_sizematched,0.36952335858585855,16,16,1
singleton_conditional_sizematched,0.6195565719003219,16,16,1
singleton_conditional_sizematched,0.4333626443001443,16,16,1
singleton_conditional_sizematched,0.6402982434232434,16,16,1
singleton_conditional_sizematched,0.4316017316017316,16,16,1
singleton_conditional_sizematched,0.584316378066378,16,16,1
singleton_conditional_sizematched,0.4306509462759463,16,16,1
singleton_conditional_sizematched,0.41282155344655347,16,16,1
singleton_conditional_sizematched,0.562568161005661,16,16,1
singleton_conditional_sizematched,0.435856678044178,16,16,1
singleton_conditional_sizematched,0.2953296703296703,16,16,1
singleton_conditional_sizematched,0.42631829975579977,16,16,1
singleton_conditional_sizematched,0.3758477633477634,16,16,1
singleton_conditional_sizematched,0.5115972569097569,16,16,1
singleton_conditional_sizematched,0.5871944028194029,16,16,1
singleton_conditional_sizematched,0.362396978021978,16,16,1
singleton_conditional_sizematched,0.6532715548340549,16,16,1
singleton_conditional_sizematched,0.5881467490842491,16,16,1
singleton_conditional_sizematched,0.4821744227994228,16,16,1
singleton_conditional_sizematched,0.5894026112776112,16,16,1
singleton_conditional_sizematched,0.4626290376290376,16,16,1
singleton_conditional_sizematched,0.675297619047619,16,16,1
singleton_conditional_sizematched,0.5955090048840048,16,16,1
singleton_conditional_sizematched,0.5883547008547008,16,16,1
singleton_conditional_sizematched,0.605376221001221,16,16,1
singleton_conditional_sizematched,0.6116007256632257,16,16,1
singleton_conditional_sizematched,0.3071582930957931,16,16,1
singleton_conditional_sizematched,0.701367902930403,16,16,1
singleton_conditional_sizematched,0.6711489898989899,16,16,1
singleton_conditional_sizematched,0.5711855852480852,16,16,1
singleton_conditional_sizematched,0.47691423160173163,16,16,1
singleton_conditional_sizematched,0.4886977605727606,16,16,1
singleton_conditional_sizematched,0.4460902812465313,16,16,1
singleton_conditional_sizematched,0.5881767538017538,16,16,1
singleton_conditional_sizematched,0.43596611721611717,16,16,1
singleton_conditional_sizematched,0.48371437590187594,16,16,1
singleton_conditional_sizematched,0.4453373015873016,16,16,1
singleton_conditional_sizematched,0.5050414862914863,16,16,1
singleton_conditional_sizematched,0.6772569444444445,16,16,1
singleton_conditional_sizematched,0.4749684343434344,16,16,1
singleton_conditional_sizematched,0.5004622113997114,16,16,1
singleton_conditional_sizematched,0.5684050324675325,16,16,1
singleton_conditional_sizematched,0.5520295676545677,16,16,1
singleton_conditional_sizematched,0.5116815476190476,16,16,1
singleton_conditional_sizematched,0.4387992216117216,16,16,1
singleton_conditional_sizematched,0.5650526556776556,16,16,1
singleton_conditional_sizematched,0.467672952047952,16,16,1
singleton_conditional_sizematched,0.60093083999334,16,16,1
singleton_conditional_sizematched,0.5461781274281274,16,16,1
singleton_conditional_sizematched,0.49806044649794645,16,16,1
singleton_conditional_sizematched,0.5849881021756023,16,16,1
singleton_conditional_sizematched,0.5840792887667887,16,16,1
singleton_conditional_sizematched,0.4867040945165946,16,16,1
singleton_conditional_sizematched,0.43907203907203907,16,16,1
singleton_conditional_sizematched,0.4625400641025641,16,16,1
singleton_conditional_sizematched,0.7162348068598069,16,16,1
singleton_conditional_sizematched,0.5302083333333334,16,16,1
singleton_conditional_sizematched,0.5341112012987013,16,16,1
singleton_conditional_sizematched,0.46703209984459987,16,16,1
singleton_conditional_sizematched,0.5472233495670995,16,16,1
singleton_conditional_sizematched,0.427455096986347,16,16,1
singleton_conditional_sizematched,0.47446910728160724,16,16,1
singleton_conditional_sizematched,0.6617176226551227,16,16,1
singleton_conditional_sizematched,0.5898577117327117,16,16,1
singleton_conditional_sizematched,0.6548585962648463,16,16,1
singleton_conditional_sizematched,0.31853667166167166,16,16,1
singleton_conditional_sizematched,0.5357682248307248,16,16,1
singleton_conditional_sizematched,0.6214015151515151,16,16,1
singleton_conditional_sizematched,0.5312748015873017,16,16,1
singleton_conditional_sizematched,0.4349375450937951,16,16,1
singleton_conditional_sizematched,0.6508883477633478,16,16,1
singleton_conditional_sizematched,0.571881764069264,16,16,1
singleton_conditional_sizematched,0.5099528943278944,16,16,1
singleton_conditional_sizematched,0.5527642496392496,16,16,1
singleton_conditional_sizematched,0.47436990093240095,16,16,1
singleton_conditional_sizematched,0.431410082972583,16,16,1
singleton_conditional_sizematched,0.5974702380952381,16,16,1
singleton_conditional_sizematched,0.4857886904761905,16,16,1
singleton_conditional_sizematched,0.4593501984126985,16,16,1
singleton_conditional_sizematched,0.39529220779220775,16,16,1
singleton_conditional_sizematched,0.5117248203185704,16,16,1
singleton_conditional_sizematched,0.45248085248085246,16,16,1
singleton_conditional_sizematched,0.4360226578976579,16,16,1
singleton_conditional_sizematched,0.5309163059163059,16,16,1
singleton_conditional_sizematched,0.3024798118548119,16,16,1
singleton_conditional_sizematched,0.4025859557109557,16,16,1
singleton_conditional_sizematched,0.4066218503718504,16,16,1
singleton_conditional_sizematched,0.5444690725940726,16,16,1
singleton_conditional_sizematched,0.4345486111111111,16,16,1
singleton_conditional_sizematched,0.2729929792429793,16,16,1
singleton_conditional_sizematched,0.25957115800865804,16,16,1
singleton_conditional_sizematched,0.45335289710289717,16,16,1
singleton_conditional_sizematched,0.6425371503496503,16,16,1
singleton_conditional_sizematched,0.5638888888888889,16,16,1
singleton_conditional_sizematched,0.5065431096681097,16,16,1
singleton_conditional_sizematched,0.4255602904040404,16,16,1
singleton_conditional_sizematched,0.42713770604395607,16,16,1
singleton_conditional_sizematched,0.6577717421467422,16,16,1
singleton_conditional_sizematched,0.496780303030303,16,16,1
singleton_conditional_sizematched,0.45742902930402934,16,16,1
singleton_conditional_sizematched,0.3232127247752248,16,16,1
singleton_conditional_sizematched,0.7512152777777779,16,16,1
singleton_conditional_sizematched,0.45048458485958487,16,16,1
singleton_conditional_sizematched,0.5312269327894328,16,16,1
singleton_conditional_sizematched,0.5582722832722833,16,16,1
singleton_conditional_sizematched,0.6284741300366301,16,16,1
singleton_conditional_sizematched,0.31901379870129876,16,16,1
singleton_conditional_sizematched,0.6003905816405817,16,16,1
singleton_conditional_sizematched,0.4644336566211566,16,16,1
singleton_conditional_sizematched,0.6240433177933178,16,16,1
singleton_conditional_sizematched,0.2714330808080808,16,16,1
singleton_conditional_sizematched,0.6570583929958931,16,16,1
singleton_conditional_sizematched,0.45015453296703295,16,16,1
singleton_conditional_sizematched,0.516950931013431,16,16,1
singleton_conditional_sizematched,0.5715435606060606,16,16,1
singleton_conditional_sizematched,0.6803717116217116,16,16,1
singleton_conditional_sizematched,0.38956755050505054,16,16,1
singleton_conditional_sizematched,0.32885690698190695,16,16,1
singleton_conditional_sizematched,0.47708801615051616,16,16,1
singleton_conditional_sizematched,0.4687029983904984,16,16,1
singleton_conditional_sizematched,0.36520111832611835,16,16,1
singleton_conditional_sizematched,0.38453213453213453,16,16,1
singleton_conditional_sizematched,0.39595187798312803,16,16,1
singleton_conditional_sizematched,0.61899394008769,16,16,1
singleton_conditional_sizematched,0.711032196969697,16,16,1
singleton_conditional_sizematched,0.6959306318681319,16,16,1
singleton_conditional_sizematched,0.5724435286935288,16,16,1
singleton_conditional_sizematched,0.4512915903540904,16,16,1
singleton_conditional_sizematched,0.49726280663780664,16,16,1
singleton_conditional_sizematched,0.5852539821289822,16,16,1
singleton_conditional_sizematched,0.7430021367521368,16,16,1
singleton_conditional_sizematched,0.2864853896103896,16,16,1
singleton_conditional_sizematched,0.5513233294483295,16,16,1
singleton_conditional_sizematched,0.4286458333333333,16,16,1
singleton_conditional_sizematched,0.44815566378066374,16,16,1
singleton_conditional_sizematched,0.5758847055722056,16,16,1
singleton_conditional_sizematched,0.4358707264957265,16,16,1
singleton_conditional_sizematched,0.4343045843045843,16,16,1
singleton_conditional_sizematched,0.6870716089466089,16,16,1
singleton_conditional_sizematched,0.597985347985348,16,16,1
singleton_conditional_sizematched,0.4710588023088023,16,16,1
singleton_conditional_sizematched,0.4777396214896215,16,16,1
singleton_conditional_sizematched,0.4504464285714286,16,16,1
singleton_conditional_sizematched,0.3824184496059496,16,16,1
singleton_conditional_sizematched,0.470472582972583,16,16,1
singleton_conditional_sizematched,0.5917650058275058,16,16,1
singleton_conditional_sizematched,0.6547908688533688,16,16,1
singleton_conditional_sizematched,0.3909893925518926,16,16,1
singleton_conditional_sizematched,0.3823059752747252,16,16,1
singleton_conditional_sizematched,0.37969877344877345,16,16,1
singleton_conditional_sizematched,0.3856570512820513,16,16,1
singleton_conditional_sizematched,0.592304743867244,16,16,1
singleton_conditional_sizematched,0.3400477994227994,16,16,1
singleton_conditional_sizematched,0.3987169080919081,16,16,1
singleton_conditional_sizematched,0.4368685134310134,16,16,1
singleton_conditional_sizematched,0.16153187090687093,16,16,1
singleton_conditional_sizematched,0.6078523906648907,16,16,1
singleton_conditional_sizematched,0.6128021284271284,16,16,1
singleton_conditional_sizematched,0.431647866022866,16,16,1
singleton_conditional_sizematched,0.4761256105006105,16,16,1
singleton_conditional_sizematched,0.2766511266511267,16,16,1
singleton_conditional_sizematched,0.5756420662670663,16,16,1
singleton_conditional_sizematched,0.2981960747585748,16,16,1
singleton_conditional_sizematched,0.5513326950826951,16,16,1
singleton_conditional_sizematched,0.40377556471306475,16,16,1
singleton_conditional_sizematched,0.6538957570207571,16,16,1
singleton_conditional_sizematched,0.605560064935065,16,16,1
singleton_conditional_sizematched,0.373735119047619,16,16,1
singleton_conditional_sizematched,0.6547196726884227,16,16,1
singleton_conditional_sizematched,0.5230488261738262,16,16,1
singleton_conditional_sizematched,0.6463293650793651,16,16,1
singleton_conditional_sizematched,0.6457064636752137,16,16,1
singleton_conditional_sizematched,0.3981570512820513,16,16,1
singleton_conditional_sizematched,0.666493228993229,16,16,1
singleton_conditional_sizematched,0.47960737179487173,16,16,1
singleton_conditional_sizematched,0.6135302197802198,16,16,1
singleton_conditional_sizematched,0.49728153790653795,16,16,1
singleton_conditional_sizematched,0.3889194139194139,16,16,1
singleton_conditional_sizematched,0.5306826853701854,16,16,1
singleton_conditional_sizematched,0.4019705988455989,16,16,1
singleton_conditional_sizematched,0.3619118728493729,16,16,1
singleton_conditional_sizematched,0.49797077922077926,16,16,1
singleton_conditional_sizematched,0.11983589327339328,16,16,1
singleton_conditional_sizematched,0.5873331529581529,16,16,1
singleton_conditional_sizematched,0.3481128246753247,16,16,1
singleton_conditional_sizematched,0.495835588023088,16,16,1
singleton_conditional_sizematched,0.6121350004162505,16,16,1
singleton_conditional_sizematched,0.4659767316017316,16,16,1
singleton_conditional_sizematched,0.6038537851037851,16,16,1
singleton_conditional_sizematched,0.45711111804861804,16,16,1
singleton_conditional_sizematched,0.42352144383394386,16,16,1
singleton_conditional_sizematched,0.5943424630924631,16,16,1
singleton_conditional_sizematched,0.6547190656565657,16,16,1
singleton_conditional_sizematched,0.4506646131646132,16,16,1
singleton_conditional_sizematched,0.6701187701187701,16,16,1
singleton_conditional_sizematched,0.45474612193362196,16,16,1
singleton_conditional_sizematched,0.3759634462759463,16,16,1
singleton_conditional_sizematched,0.5565571581196581,16,16,1
singleton_conditional_sizematched,0.4592050310800311,16,16,1
singleton_conditional_sizematched,0.5789918414918416,16,16,1
singleton_conditional_sizematched,0.3888847263847264,16,16,1
singleton_conditional_sizematched,0.6358788780663781,16,16,1
singleton_conditional_sizematched,0.5040291305916306,16,16,1
singleton_conditional_sizematched,0.5274385336885337,16,16,1
singleton_conditional_sizematched,0.6213255494505495,16,16,1
singleton_conditional_sizematched,0.5343715312465313,16,16,1
singleton_conditional_sizematched,0.678612012987013,16,16,1
singleton_conditional_sizematched,0.47265607656232655,16,16,1
singleton_conditional_sizematched,0.6215064449439449,16,16,1
singleton_conditional_sizematched,0.5117535242535243,16,16,1
singleton_conditional_sizematched,0.5728625541125542,16,16,1
singleton_conditional_sizematched,0.45909732628482625,16,16,1
singleton_conditional_sizematched,0.44152635558885556,16,16,1
singleton_conditional_sizematched,0.7244555791430791,16,16,1
singleton_conditional_sizematched,0.3982325833888334,16,16,1
singleton_conditional_sizematched,0.4939244782994783,16,16,1
singleton_conditional_sizematched,0.35806502525252526,16,16,1
singleton_conditional_sizematched,0.5081399503274503,16,16,1
singleton_conditional_sizematched,0.5162811147186147,16,16,1
singleton_conditional_sizematched,0.36508387445887447,16,16,1
singleton_conditional_sizematched,0.39839917027417027,16,16,1
singleton_conditional_sizematched,0.3855306152181152,16,16,1
singleton_conditional_sizematched,0.5630855255855256,16,16,1
singleton_conditional_sizematched,0.3731456043956044,16,16,1
singleton_conditional_sizematched,0.5297001609501609,16,16,1
singleton_conditional_sizematched,0.47585348679098677,16,16,1
singleton_conditional_sizematched,0.5222295066045066,16,16,1
singleton_conditional_sizematched,0.6028749028749029,16,16,1
singleton_conditional_sizematched,0.4392598720723721,16,16,1
singleton_conditional_sizematched,0.4478004634254634,16,16,1
singleton_conditional_sizematched,0.4928458694083694,16,16,1
singleton_conditional_sizematched,0.47437770562770565,16,16,1
singleton_conditional_sizematched,0.5261814574314574,16,16,1
singleton_conditional_sizematched,0.4838973526473527,16,16,1
singleton_conditional_sizematched,0.5643455502830503,16,16,1
singleton_conditional_sizematched,0.6227430555555555,16,16,1
singleton_conditional_sizematched,0.3979155393217893,16,16,1
singleton_conditional_sizematched,0.6817550505050506,16,16,1
singleton_conditional_sizematched,0.5768668831168832,16,16,1
singleton_conditional_sizematched,0.4973958333333333,16,16,1
singleton_conditional_sizematched,0.45717719780219784,16,16,1
singleton_conditional_sizematched,0.614353354978355,16,16,1
singleton_conditional_sizematched,0.6201007326007326,16,16,1
singleton_conditional_sizematched,0.5116341991341992,16,16,1
singleton_conditional_sizematched,0.4431096681096681,16,16,1
singleton_conditional_sizematched,0.521780303030303,16,16,1
singleton_conditional_sizematched,0.47742691336441334,16,16,1
singleton_conditional_sizematched,0.6451231060606061,16,16,1
singleton_conditional_sizematched,0.6403898185148185,16,16,1
singleton_conditional_sizematched,0.6700804403929403,16,16,1
singleton_conditional_sizematched,0.6714889277389278,16,16,1
singleton_conditional_sizematched,0.5463369963369964,16,16,1
singleton_conditional_sizematched,0.4063134781884782,16,16,1
singleton_conditional_sizematched,0.4531588203463203,16,16,1
singleton_conditional_sizematched,0.3940444971694972,16,16,1
singleton_conditional_sizematched,0.554691835941836,16,16,1
singleton_conditional_sizematched,0.5874571608946609,16,16,1
singleton_conditional_sizematched,0.48889721389721397,16,16,1
singleton_conditional_sizematched,0.49214153901653906,16,16,1
singleton_conditional_sizematched,0.5672051039238539,16,16,1
singleton_conditional_sizematched,0.41913954101454104,16,16,1
singleton_conditional_sizematched,0.511951936951937,16,16,1
singleton_conditional_sizematched,0.7102360313297813,16,16,1
singleton_conditional_sizematched,0.5318277208902209,16,16,1
singleton_conditional_sizematched,0.6682577838827839,16,16,1
singleton_conditional_sizematched,0.4590699231324231,16,16,1
singleton_conditional_sizematched,0.6322150072150072,16,16,1
singleton_conditional_sizematched,0.6101896367521368,16,16,1
singleton_conditional_sizematched,0.2713045634920635,16,16,1
singleton_conditional_sizematched,0.5858157467532468,16,16,1
singleton_conditional_sizematched,0.3377719502719503,16,16,1
singleton_conditional_sizematched,0.5809863747363747,16,16,1
singleton_conditional_sizematched,0.46895881895881897,16,16,1
singleton_conditional_sizematched,0.7635231088356089,16,16,1
singleton_conditional_sizematched,0.42582296176046175,16,16,1
singleton_conditional_sizematched,0.30434253246753246,16,16,1
singleton_conditional_sizematched,0.4768696581196581,16,16,1
singleton_conditional_sizematched,0.47499436327561323,16,16,1
singleton_conditional_sizematched,0.3445774711399711,16,16,1
singleton_conditional_sizematched,0.33933080808080807,16,16,1
singleton_conditional_sizematched,0.6112103174603175,16,16,1
singleton_conditional_sizematched,0.4577883921633922,16,16,1
singleton_conditional_sizematched,0.32700892857142855,16,16,1
singleton_conditional_sizematched,0.5383078726828727,16,16,1
singleton_conditional_sizematched,0.6444354256854257,16,16,1
singleton_conditional_sizematched,0.38592084998334997,16,16,1
singleton_conditional_sizematched,0.5596382783882784,16,16,1
singleton_conditional_sizematched,0.376292630980131,16,16,1
singleton_conditional_sizematched,0.5160917207792208,16,16,1
singleton_conditional_sizematched,0.556420836108336,16,16,1
singleton_conditional_sizematched,0.3975779428904429,16,16,1
singleton_conditional_sizematched,0.6124113733488733,16,16,1
singleton_conditional_sizematched,0.5307577838827838,16,16,1
singleton_conditional_sizematched,0.45031565656565664,16,16,1
singleton_conditional_sizematched,0.5022727272727272,16,16,1
singleton_conditional_sizematched,0.4924433205683206,16,16,1
singleton_conditional_sizematched,0.6616432178932179,16,16,1
singleton_conditional_sizematched,0.3844150641025641,16,16,1
singleton_conditional_sizematched,0.4002794948107448,16,16,1
singleton_conditional_sizematched,0.5290110930735932,16,16,1
singleton_conditional_sizematched,0.6480654761904763,16,16,1
singleton_conditional_sizematched,0.5575703810078809,16,16,1
singleton_conditional_sizematched,0.49695616883116883,16,16,1
singleton_conditional_sizematched,0.5968026764901765,16,16,1
singleton_conditional_sizematched,0.6012310606060607,16,16,1
singleton_conditional_sizematched,0.6864144536019536,16,16,1
singleton_conditional_sizematched,0.37091536935286934,16,16,1
singleton_conditional_sizematched,0.5561228701853702,16,16,1
singleton_conditional_sizematched,0.5300480769230769,16,16,1
singleton_conditional_sizematched,0.5275668775668776,16,16,1
singleton_conditional_sizematched,0.6184371184371185,16,16,1
singleton_conditional_sizematched,0.4910613691863692,16,16,1
singleton_conditional_sizematched,0.4023851148851149,16,16,1
singleton_conditional_sizematched,0.6353093087468087,16,16,1
singleton_conditional_sizematched,0.5521915584415584,16,16,1
singleton_conditional_sizematched,0.42106227106227107,16,16,1
singleton_conditional_sizematched,0.3816946941946942,16,16,1
singleton_conditional_sizematched,0.41970702908202906,16,16,1
singleton_conditional_sizematched,0.5528374403374403,16,16,1
singleton_conditional_sizematched,0.589381105006105,16,16,1
singleton_conditional_sizematched,0.5456635378510378,16,16,1
singleton_conditional_sizematched,0.6339070651570652,16,16,1
singleton_conditional_sizematched,0.6416933760683761,16,16,1
singleton_conditional_sizematched,0.5705221861471862,16,16,1
singleton_conditional_sizematched,0.5692742153679654,16,16,1
singleton_conditional_sizematched,0.47498577811077813,16,16,1
singleton_conditional_sizematched,0.6907242063492063,16,16,1
singleton_conditional_sizematched,0.4250485625485626,16,16,1
singleton_conditional_sizematched,0.5918933497058497,16,16,1
singleton_conditional_sizematched,0.42649381868131864,16,16,1
singleton_conditional_sizematched,0.5031498015873016,16,16,1
singleton_conditional_sizematched,0.5047213203463203,16,16,1
singleton_conditional_sizematched,0.4025793650793651,16,16,1
singleton_conditional_sizematched,0.4273065476190476,16,16,1
singleton_conditional_sizematched,0.47791479353979355,16,16,1
singleton_conditional_sizematched,0.5314773767898768,16,16,1
singleton_conditional_sizematched,0.4970305735930736,16,16,1
singleton_conditional_sizematched,0.5446581196581197,16,16,1
singleton_conditional_sizematched,0.4144097222222222,16,16,1
singleton_conditional_sizematched,0.4263181263181263,16,16,1
singleton_conditional_sizematched,0.7046169108669109,16,16,1
singleton_conditional_sizematched,0.42566964285714287,16,16,1
singleton_conditional_sizematched,0.3949236527361527,16,16,1
singleton_conditional_sizematched,0.30418409715284717,16,16,1
singleton_conditional_sizematched,0.40566031191031193,16,16,1
singleton_conditional_sizematched,0.572548285048285,16,16,1
singleton_conditional_sizematched,0.5525419025419025,16,16,1
singleton_conditional_sizematched,0.6137448489010988,16,16,1
singleton_conditional_sizematched,0.45675175518925515,16,16,1
singleton_conditional_sizematched,0.5134717712842713,16,16,1
singleton_conditional_sizematched,0.36844683094683095,16,16,1
singleton_conditional_sizematched,0.4652529761904762,16,16,1
singleton_conditional_sizematched,0.36243409368409374,16,16,1
singleton_conditional_sizematched,0.4914453601953602,16,16,1
singleton_conditional_sizematched,0.6383485438172938,16,16,1
singleton_conditional_sizematched,0.49376621642246643,16,16,1
singleton_conditional_sizematched,0.3828067765567766,16,16,1
singleton_conditional_sizematched,0.31954365079365077,16,16,1
singleton_conditional_sizematched,0.6356995435120435,16,16,1
singleton_conditional_sizematched,0.2844967532467533,16,16,1
singleton_conditional_sizematched,0.5465344551282051,16,16,1
singleton_conditional_sizematched,0.6739869505494506,16,16,1
singleton_conditional_sizematched,0.5943580724830725,16,16,1
singleton_conditional_sizematched,0.542158189033189,16,16,1
singleton_conditional_sizematched,0.5793175574425575,16,16,1
singleton_conditional_sizematched,0.5348484848484849,16,16,1
singleton_conditional_sizematched,0.6080735236985237,16,16,1
singleton_conditional_sizematched,0.4720987345987346,16,16,1
singleton_conditional_sizematched,0.4986769307081807,16,16,1
singleton_conditional_sizematched,0.497865675990676,16,16,1
singleton_conditional_sizematched,0.7490899725274726,16,16,1
singleton_conditional_sizematched,0.6021965881340882,16,16,1
singleton_conditional_sizematched,0.7259781884781885,16,16,1
singleton_conditional_sizematched,0.20510218947718947,16,16,1
singleton_conditional_sizematched,0.5898206827894328,16,16,1
singleton_conditional_sizematched,0.48937191280941283,16,16,1
singleton_conditional_sizematched,0.18453525641025642,16,16,1
singleton_conditional_sizematched,0.5375228937728938,16,16,1
singleton_conditional_sizematched,0.2217397186147186,16,16,1
singleton_conditional_sizematched,0.6485330641580641,16,16,1
singleton_conditional_sizematched,0.4925511988011988,16,16,1
singleton_conditional_sizematched,0.56585202991453,16,16,1
singleton_conditional_sizematched,0.5204852439227439,16,16,1
singleton_conditional_sizematched,0.5986822205572206,16,16,1
singleton_conditional_sizematched,0.606533744033744,16,16,1
singleton_conditional_sizematched,0.5285285894660894,16,16,1
singleton_conditional_sizematched,0.40390789765789764,16,16,1
singleton_conditional_sizematched,0.6184882825507826,16,16,1
singleton_conditional_sizematched,0.6027529761904762,16,16,1
singleton_conditional_sizematched,0.36993475274725274,16,16,1
singleton_conditional_sizematched,0.504928404928405,16,16,1
singleton_conditional_sizematched,0.6596703643578643,16,16,1
singleton_conditional_sizematched,0.5263642607392608,16,16,1
singleton_conditional_sizematched,0.493054168054168,16,16,1
singleton_conditional_sizematched,0.5324833152958153,16,16,1
singleton_conditional_sizematched,0.6344093406593407,16,16,1
singleton_conditional_sizematched,0.6937633547008547,16,16,1
singleton_conditional_sizematched,0.4267857142857143,16,16,1
singleton_conditional_sizematched,0.45576177294927295,16,16,1
singleton_conditional_sizematched,0.46047129953379956,16,16,1
singleton_conditional_sizematched,0.22279647435897434,16,16,1
singleton_conditional_sizematched,0.6018571706071706,16,16,1
singleton_conditional_sizematched,0.43848079004329,16,16,1
singleton_conditional_sizematched,0.5424851190476191,16,16,1
singleton_conditional_sizematched,0.404832147019647,16,16,1
singleton_conditional_sizematched,0.391931505994006,16,16,1
singleton_conditional_sizematched,0.4247362012987013,16,16,1
singleton_conditional_sizematched,0.5857579920079921,16,16,1
singleton_conditional_sizematched,0.5186778499278499,16,16,1
singleton_conditional_sizematched,0.4599386724386724,16,16,1
singleton_conditional_sizematched,0.521983225108225,16,16,1
singleton_conditional_sizematched,0.5194111444111444,16,16,1
singleton_conditional_sizematched,0.6775531759906759,16,16,1
singleton_conditional_sizematched,0.3015540015540016,16,16,1
singleton_conditional_sizematched,0.4799776612276613,16,16,1
singleton_conditional_sizematched,0.24362859362859363,16,16,1
singleton_conditional_sizematched,0.5371336996336996,16,16,1
singleton_conditional_sizematched,0.4788154553779554,16,16,1
singleton_conditional_sizematched,0.4235600337162837,16,16,1
singleton_conditional_sizematched,0.5555600649350649,16,16,1
singleton_conditional_sizematched,0.6122977716727717,16,16,1
singleton_conditional_sizematched,0.42488865301365303,16,16,1
singleton_conditional_sizematched,0.39535759379509383,16,16,1
singleton_conditional_sizematched,0.49511686230436225,16,16,1
singleton_conditional_sizematched,0.3579748376623376,16,16,1
singleton_conditional_sizematched,0.35743596681096684,16,16,1
singleton_conditional_sizematched,0.6110831876456877,16,16,1
singleton_conditional_sizematched,0.553605248917749,16,16,1
singleton_conditional_sizematched,0.506956585081585,16,16,1
singleton_conditional_sizematched,0.6243170024420024,16,16,1
singleton_conditional_sizematched,0.43241185897435896,16,16,1
singleton_conditional_sizematched,0.521073371073371,16,16,1
singleton_conditional_sizematched,0.6464015151515151,16,16,1
singleton_conditional_sizematched,0.4882241022866023,16,16,1
singleton_conditional_sizematched,0.4642378454878455,16,16,1
singleton_conditional_sizematched,0.5574248667998668,16,16,1
singleton_conditional_sizematched,0.5826146076146077,16,16,1
singleton_conditional_sizematched,0.6441997238872239,16,16,1
singleton_conditional_sizematched,0.44293831168831166,16,16,1
singleton_conditional_sizematched,0.4929544413919414,16,16,1
singleton_conditional_sizematched,0.40103785103785106,16,16,1
singleton_conditional_sizematched,0.6113277347652348,16,16,1
singleton_conditional_sizematched,0.5806724525474525,16,16,1
singleton_conditional_sizematched,0.35515526140526144,16,16,1
singleton_conditional_sizematched,0.438415404040404,16,16,1
singleton_conditional_sizematched,0.48702876984126986,16,16,1
singleton_conditional_sizematched,0.5043515512265513,16,16,1
singleton_conditional_sizematched,0.5622552794427794,16,16,1
singleton_conditional_sizematched,0.6830499361749363,16,16,1
singleton_conditional_sizematched,0.4749720765345765,16,16,1
singleton_conditional_sizematched,0.6292726370851371,16,16,1
singleton_conditional_sizematched,0.4449704809079809,16,16,1
singleton_conditional_sizematched,0.4294356684981685,16,16,1
singleton_conditional_sizematched,0.5997249278499279,16,16,1
singleton_conditional_sizematched,0.35122863247863245,16,16,1
singleton_conditional_sizematched,0.5356166403041404,16,16,1
singleton_conditional_sizematched,0.5992205710955711,16,16,1
singleton_conditional_sizematched,0.47866109584859584,16,16,1
singleton_conditional_sizematched,0.6091991341991342,16,16,1
singleton_conditional_sizematched,0.48722804972804973,16,16,1
singleton_conditional_sizematched,0.580927059052059,16,16,1
singleton_conditional_sizematched,0.3521403943278943,16,16,1
singleton_conditional_sizematched,0.6560342435342434,16,16,1
singleton_conditional_sizematched,0.5321589868464869,16,16,1
singleton_conditional_sizematched,0.5073301698301698,16,16,1
singleton_conditional_sizematched,0.42115419302919305,16,16,1
singleton_conditional_sizematched,0.5251134282384282,16,16,1
singleton_conditional_sizematched,0.5361032196969697,16,16,1
singleton_conditional_sizematched,0.5320434773559773,16,16,1
singleton_conditional_sizematched,0.371978021978022,16,16,1
singleton_conditional_sizematched,0.4867712148962149,16,16,1
singleton_conditional_sizematched,0.5755074786324786,16,16,1
singleton_conditional_sizematched,0.3675423534798534,16,16,1
singleton_conditional_sizematched,0.29909569597069596,16,16,1
singleton_conditional_sizematched,0.41976617132867133,16,16,1
singleton_conditional_sizematched,0.6635914432789433,16,16,1
singleton_conditional_sizematched,0.4055236430236431,16,16,1
singleton_conditional_sizematched,0.5674298791486292,16,16,1
singleton_conditional_sizematched,0.459693605006105,16,16,1
singleton_conditional_sizematched,0.5406881313131313,16,16,1
singleton_conditional_sizematched,0.38048566017316016,16,16,1
singleton_conditional_sizematched,0.4818242521367521,16,16,1
singleton_conditional_sizematched,0.5852565836940837,16,16,1
singleton_conditional_sizematched,0.513510101010101,16,16,1
singleton_conditional_sizematched,0.30538974913974914,16,16,1
singleton_conditional_sizematched,0.6606584387834388,16,16,1
singleton_conditional_sizematched,0.7354053932178932,16,16,1
singleton_conditional_sizematched,0.3247533716283716,16,16,1
singleton_conditional_sizematched,0.31096819846819845,16,16,1
singleton_conditional_sizematched,0.6399857954545455,16,16,1
singleton_conditional_sizematched,0.47331349206349205,16,16,1
singleton_conditional_sizematched,0.5559726731601731,16,16,1
singleton_conditional_sizematched,0.3691772637085137,16,16,1
singleton_conditional_sizematched,0.5837468087468087,16,16,1
singleton_conditional_sizematched,0.5932286463536464,16,16,1
singleton_conditional_sizematched,0.6337971056721057,16,16,1
singleton_conditional_sizematched,0.33350356240981244,16,16,1
singleton_conditional_sizematched,0.28994026806526807,16,16,1
singleton_conditional_sizematched,0.33622228465978465,16,16,1
singleton_conditional_sizematched,0.5949878246753246,16,16,1
singleton_conditional_sizematched,0.5068577256077257,16,16,1
singleton_conditional_sizematched,0.4706597222222222,16,16,1
singleton_conditional_sizematched,0.6020965145965146,16,16,1
singleton_conditional_sizematched,0.5654829545454545,16,16,1
singleton_conditional_sizematched,0.5879995004995004,16,16,1
singleton_conditional_sizematched,0.5040369352869353,16,16,1
singleton_conditional_sizematched,0.3406345390720391,16,16,1
singleton_conditional_sizematched,0.3406092171717172,16,16,1
singleton_conditional_sizematched,0.5787675865800865,16,16,1
singleton_conditional_sizematched,0.5402281746031746,16,16,1
singleton_conditional_sizematched,0.4491612554112554,16,16,1
singleton_conditional_sizematched,0.5377133283383284,16,16,1
singleton_conditional_sizematched,0.5760408861971362,16,16,1
singleton_conditional_sizematched,0.4611426767676768,16,16,1
singleton_conditional_sizematched,0.5178436147186147,16,16,1
singleton_conditional_sizematched,0.7045298451548452,16,16,1
singleton_conditional_sizematched,0.707162629037629,16,16,1
singleton_conditional_sizematched,0.389790071040071,16,16,1
singleton_conditional_sizematched,0.6353519744144743,16,16,1
singleton_conditional_sizematched,0.632446112914863,16,16,1
singleton_conditional_sizematched,0.5360923798423799,16,16,1
singleton_conditional_sizematched,0.5415593087468087,16,16,1
singleton_conditional_sizematched,0.4951479076479076,16,16,1
singleton_conditional_sizematched,0.6168402777777777,16,16,1
singleton_conditional_sizematched,0.476407967032967,16,16,1
singleton_conditional_sizematched,0.4371103722666223,16,16,1
singleton_conditional_sizematched,0.5695571789321789,16,16,1
singleton_conditional_sizematched,0.5265262515262514,16,16,1
singleton_conditional_sizematched,0.6008680555555557,16,16,1
singleton_conditional_sizematched,0.5985367063492064,16,16,1
singleton_conditional_sizematched,0.5192829739704741,16,16,1
singleton_conditional_sizematched,0.4933103354978355,16,16,1
singleton_conditional_sizematched,0.5926469363969364,16,16,1
singleton_conditional_sizematched,0.6795522186147187,16,16,1
singleton_conditional_sizematched,0.510901424963925,16,16,1
singleton_conditional_sizematched,0.5165258352758353,16,16,1
singleton_conditional_sizematched,0.4962638056388057,16,16,1
singleton_conditional_sizematched,0.6256269771894771,16,16,1
singleton_conditional_sizematched,0.4298297188922189,16,16,1
singleton_conditional_sizematched,0.5420577686202686,16,16,1
singleton_conditional_sizematched,0.5277224511599512,16,16,1
singleton_conditional_sizematched,0.3455952901265401,16,16,1
singleton_conditional_sizematched,0.44622564935064934,16,16,1
singleton_conditional_sizematched,0.703241896991897,16,16,1
singleton_conditional_sizematched,0.6386431277056277,16,16,1
singleton_conditional_sizematched,0.4038409507159507,16,16,1
singleton_conditional_sizematched,0.474095695970696,16,16,1
singleton_conditional_sizematched,0.3410370879120879,16,16,1
singleton_conditional_sizematched,0.329744560994561,16,16,1
singleton_conditional_sizematched,0.6717586233211233,16,16,1
singleton_conditional_sizematched,0.6411502559940061,16,16,1
singleton_conditional_sizematched,0.6897321428571429,16,16,1
singleton_conditional_sizematched,0.3795882936507936,16,16,1
singleton_conditional_sizematched,0.4385458291708292,16,16,1
singleton_conditional_sizematched,0.5938728805916306,16,16,1
singleton_conditional_sizematched,0.3100739538239538,16,16,1
singleton_conditional_sizematched,0.4107298951048951,16,16,1
singleton_conditional_sizematched,0.4490290959040959,16,16,1
singleton_conditional_sizematched,0.480768537018537,16,16,1
singleton_conditional_sizematched,0.4372596153846154,16,16,1
singleton_conditional_sizematched,0.6320120851370852,16,16,1
singleton_conditional_sizematched,0.3280009920634921,16,16,1
singleton_conditional_sizematched,0.47039835164835164,16,16,1
singleton_conditional_sizematched,0.5685273927461427,16,16,1
singleton_conditional_sizematched,0.5433124167499168,16,16,1
singleton_conditional_sizematched,0.5464318667443667,16,16,1
singleton_conditional_sizematched,0.5540804681429681,16,16,1
singleton_conditional_sizematched,0.3771958943833944,16,16,1
singleton_conditional_sizematched,0.37895680708180707,16,16,1
singleton_conditional_sizematched,0.5575599747474747,16,16,1
singleton_conditional_sizematched,0.4721726190476191,16,16,1
singleton_conditional_sizematched,0.4159481143856144,16,16,1
singleton_conditional_sizematched,0.42603984557109553,16,16,1
singleton_conditional_sizematched,0.48740651709401706,16,16,1
singleton_conditional_sizematched,0.3507688492063492,16,16,1
singleton_conditional_sizematched,0.5677083333333333,16,16,1
singleton_conditional_sizematched,0.6217378108003109,16,16,1
singleton_conditional_sizematched,0.4630366161616162,16,16,1
singleton_conditional_sizematched,0.26847813644688645,16,16,1
singleton_conditional_sizematched,0.5205190642690642,16,16,1
singleton_conditional_sizematched,0.5737099705849706,16,16,1
singleton_conditional_sizematched,0.34031662781662786,16,16,1
singleton_conditional_sizematched,0.4622632575757576,16,16,1
singleton_conditional_sizematched,0.4613320707070707,16,16,1
singleton_conditional_sizematched,0.5568587662337663,16,16,1
singleton_conditional_sizematched,0.5010931776556776,16,16,1
singleton_conditional_sizematched,0.3163352272727272,16,16,1
singleton_conditional_sizematched,0.47446511821511816,16,16,1
singleton_conditional_sizematched,0.5136025432900433,16,16,1
singleton_conditional_sizematched,0.3541260822510822,16,16,1
singleton_conditional_sizematched,0.5228008103008103,16,16,1
singleton_conditional_sizematched,0.4780753968253968,16,16,1
singleton_conditional_sizematched,0.49518259518259516,16,16,1
singleton_conditional_sizematched,0.5836318195693195,16,16,1
singleton_conditional_sizematched,0.5438920454545455,16,16,1
singleton_conditional_sizematched,0.5072680791430791,16,16,1
singleton_conditional_sizematched,0.5019705988455989,16,16,1
singleton_conditional_sizematched,0.3418718434343434,16,16,1
singleton_conditional_sizematched,0.4864716880341881,16,16,1
singleton_conditional_sizematched,0.48656725219225216,16,16,1
singleton_conditional_sizematched,0.5793322996447996,16,16,1
singleton_conditional_sizematched,0.49186655358530357,16,16,1
singleton_conditional_sizematched,0.3270680708180708,16,16,1
singleton_conditional_sizematched,0.5540593087468088,16,16,1
singleton_conditional_sizematched,0.6641617063492063,16,16,1
singleton_conditional_sizematched,0.3198832417582418,16,16,1
singleton_conditional_sizematched,0.49808490120990123,16,16,1
singleton_conditional_sizematched,0.4587287712287712,16,16,1
singleton_conditional_sizematched,0.4384244227994228,16,16,1
singleton_conditional_sizematched,0.34144345238095236,16,16,1
singleton_conditional_sizematched,0.6152958152958153,16,16,1
singleton_conditional_sizematched,0.4173363095238095,16,16,1
singleton_conditional_sizematched,0.6489137598512599,16,16,1
singleton_conditional_sizematched,0.4132733585858586,16,16,1
singleton_conditional_sizematched,0.43412022005772005,16,16,1
singleton_conditional_sizematched,0.4390102952602953,16,16,1
singleton_conditional_sizematched,0.346771978021978,16,16,1
singleton_conditional_sizematched,0.4879208465145965,16,16,1
singleton_conditional_sizematched,0.5273242382617382,16,16,1
singleton_conditional_sizematched,0.5771707459207459,16,16,1
singleton_conditional_sizematched,0.6395323426573427,16,16,1
singleton_conditional_sizematched,0.5529569388944389,16,16,1
singleton_conditional_sizematched,0.6308582042957043,16,16,1
singleton_conditional_sizematched,0.3410996989121989,16,16,1
singleton_conditional_sizematched,0.5952856171606171,16,16,1
singleton_conditional_sizematched,0.43767760017760016,16,16,1
singleton_conditional_sizematched,0.36469416000666,16,16,1
singleton_conditional_sizematched,0.7774343711843712,16,16,1
singleton_conditional_sizematched,0.4425976800976801,16,16,1
singleton_conditional_sizematched,0.5918402777777778,16,16,1
singleton_conditional_sizematched,0.35174512987012985,16,16,1
singleton_conditional_sizematched,0.5450350864413365,16,16,1
singleton_conditional_sizematched,0.4513068528693529,16,16,1
singleton_conditional_sizematched,0.6462717837717837,16,16,1
singleton_conditional_sizematched,0.3476665695415695,16,16,1
singleton_conditional_sizematched,0.4125315656565657,16,16,1
singleton_conditional_sizematched,0.42201548451548454,16,16,1
singleton_conditional_sizematched,0.5376297313797314,16,16,1
singleton_conditional_sizematched,0.522017218892219,16,16,1
singleton_conditional_sizematched,0.6030483405483406,16,16,1
singleton_conditional_sizematched,0.6259852994227995,16,16,1
singleton_conditional_sizematched,0.4167613636363636,16,16,1
singleton_conditional_sizematched,0.5558970543345543,16,16,1
singleton_conditional_sizematched,0.3651043401043401,16,16,1
singleton_conditional_sizematched,0.45057477244977245,16,16,1
singleton_conditional_sizematched,0.5123912545787546,16,16,1
singleton_conditional_sizematched,0.4275771103896104,16,16,1
singleton_conditional_sizematched,0.3223778825341326,16,16,1
singleton_conditional_sizematched,0.37986249861249866,16,16,1
singleton_conditional_sizematched,0.41815632284382287,16,16,1
singleton_conditional_sizematched,0.5412412240537241,16,16,1
singleton_conditional_sizematched,0.5844742063492063,16,16,1
singleton_conditional_sizematched,0.2955785533910534,16,16,1
singleton_conditional_sizematched,0.30541437728937726,16,16,1
singleton_conditional_sizematched,0.6053064123376624,16,16,1
singleton_conditional_sizematched,0.5079598353035853,16,16,1
singleton_conditional_sizematched,0.4421666874791875,16,16,1
singleton_conditional_sizematched,0.6326446123321123,16,16,1
singleton_conditional_sizematched,0.5169689685314685,16,16,1
singleton_conditional_sizematched,0.5181299603174604,16,16,1
singleton_conditional_sizematched,0.5387629731379732,16,16,1
singleton_conditional_sizematched,0.39454139610389616,16,16,1
singleton_conditional_sizematched,0.6765534812409812,16,16,1
singleton_conditional_sizematched,0.5332321324508824,16,16,1
singleton_conditional_sizematched,0.6594223484848485,16,16,1
singleton_conditional_sizematched,0.4452871780996781,16,16,1
singleton_conditional_sizematched,0.31371909340659343,16,16,1
singleton_conditional_sizematched,0.29121867715617716,16,16,1
singleton_conditional_sizematched,0.30884480103230105,16,16,1
singleton_conditional_sizematched,0.46419890873015873,16,16,1
singleton_conditional_sizematched,0.2242311507936508,16,16,1
singleton_conditional_sizematched,0.5385541541791542,16,16,1
singleton_conditional_sizematched,0.6122642982017982,16,16,1
singleton_conditional_sizematched,0.43213158369408367,16,16,1
singleton_conditional_sizematched,0.4102092352092352,16,16,1
singleton_conditional_sizematched,0.5440394674769675,16,16,1
singleton_conditional_sizematched,0.4109555375180375,16,16,1
singleton_conditional_sizematched,0.36650346181596183,16,16,1
singleton_conditional_sizematched,0.5986900252525253,16,16,1
singleton_conditional_sizematched,0.5125972985347985,16,16,1
singleton_conditional_sizematched,0.6098157051282052,16,16,1
singleton_conditional_sizematched,0.596496558996559,16,16,1
singleton_conditional_sizematched,0.5738095238095238,16,16,1
singleton_conditional_sizematched,0.546735556110556,16,16,1
singleton_conditional_sizematched,0.5465093933843934,16,16,1
singleton_conditional_sizematched,0.6391729797979798,16,16,1
singleton_conditional_sizematched,0.4135803432678433,16,16,1
singleton_conditional_sizematched,0.5800912629037629,16,16,1
singleton_conditional_sizematched,0.3441620879120879,16,16,1
singleton_conditional_sizematched,0.4502051767676768,16,16,1
singleton_conditional_sizematched,0.6985660173160173,16,16,1
singleton_conditional_sizematched,0.5706461940836941,16,16,1
singleton_conditional_sizematched,0.539274093961594,16,16,1
singleton_conditional_sizematched,0.5104166666666667,16,16,1
singleton_conditional_sizematched,0.5845810439560439,16,16,1
singleton_conditional_sizematched,0.607038967976468,16,16,1
singleton_conditional_sizematched,0.4245901667776668,16,16,1
singleton_conditional_sizematched,0.4094631063381064,16,16,1
singleton_conditional_sizematched,0.4777581793206793,16,16,1
singleton_conditional_sizematched,0.5169311591186592,16,16,1
singleton_conditional_sizematched,0.660058170995671,16,16,1
singleton_conditional_sizematched,0.485022095959596,16,16,1
singleton_conditional_sizematched,0.5151492604617605,16,16,1
singleton_conditional_sizematched,0.6197713744588744,16,16,1
singleton_conditional_sizematched,0.35146554834054833,16,16,1
singleton_conditional_sizematched,0.4639823717948718,16,16,1
singleton_conditional_sizematched,0.4646393537018537,16,16,1
singleton_conditional_sizematched,0.43252511377511377,16,16,1
singleton_conditional_sizematched,0.5644206487956489,16,16,1
singleton_conditional_sizematched,0.5256866397491398,16,16,1
singleton_conditional_sizematched,0.580942234848485,16,16,1
singleton_conditional_sizematched,0.41914838633588636,16,16,1
singleton_conditional_sizematched,0.5730654761904761,16,16,1
singleton_conditional_sizematched,0.4776650432900433,16,16,1
singleton_conditional_sizematched,0.5622474747474748,16,16,1
singleton_conditional_sizematched,0.4116082702020202,16,16,1
singleton_conditional_sizematched,0.6621125402375402,16,16,1
singleton_conditional_sizematched,0.4708433927183927,16,16,1
singleton_conditional_sizematched,0.6143736471861472,16,16,1
singleton_conditional_sizematched,0.4744791666666667,16,16,1
singleton_conditional_sizematched,0.5063528485403486,16,16,1
singleton_conditional_sizematched,0.42048160173160176,16,16,1
singleton_conditional_sizematched,0.3196629759129759,16,16,1
singleton_conditional_sizematched,0.5987313034188034,16,16,1
singleton_conditional_sizematched,0.37603004634254633,16,16,1
singleton_conditional_sizematched,0.38856646825396823,16,16,1
singleton_conditional_sizematched,0.4831664862914863,16,16,1
singleton_conditional_sizematched,0.6393668831168831,16,16,1
singleton_conditional_sizematched,0.6003111471861472,16,16,1
singleton_conditional_sizematched,0.5203581141081142,16,16,1
singleton_conditional_sizematched,0.4061903374403374,16,16,1
singleton_conditional_sizematched,0.5567678848928849,16,16,1
singleton_conditional_sizematched,0.4838165306915307,16,16,1
singleton_conditional_sizematched,0.5215863997113996,16,16,1
singleton_conditional_sizematched,0.6138895826395827,16,16,1
singleton_conditional_sizematched,0.5155987241924742,16,16,1
singleton_conditional_sizematched,0.5018906440781441,16,16,1
singleton_conditional_sizematched,0.3876500235875236,16,16,1
singleton_conditional_sizematched,0.5017609126984126,16,16,1
singleton_conditional_sizematched,0.6465872668997669,16,16,1
singleton_conditional_sizematched,0.5601776695526695,16,16,1
singleton_conditional_sizematched,0.6287696678321678,16,16,1
singleton_conditional_sizematched,0.3831168831168831,16,16,1
singleton_conditional_sizematched,0.4538523976023976,16,16,1
singleton_conditional_sizematched,0.4907243797868798,16,16,1
singleton_conditional_sizematched,0.6046378968253968,16,16,1
singleton_conditional_sizematched,0.46573756105006103,16,16,1
singleton_conditional_sizematched,0.5977881493506494,16,16,1
singleton_conditional_sizematched,0.27214608308358307,16,16,1
singleton_conditional_sizematched,0.4211119609557109,16,16,1
singleton_conditional_sizematched,0.6112621753246754,16,16,1
singleton_conditional_sizematched,0.4481795981795981,16,16,1
singleton_conditional_sizematched,0.6031260406260406,16,16,1
singleton_conditional_sizematched,0.562470689033189,16,16,1
singleton_conditional_sizematched,0.5343082264957264,16,16,1
singleton_conditional_sizematched,0.5519390331890331,16,16,1
singleton_conditional_sizematched,0.5420523920523921,16,16,1
singleton_conditional_sizematched,0.47390491452991457,16,16,1
singleton_conditional_sizematched,0.4235979298479299,16,16,1
singleton_conditional_sizematched,0.25420395576645577,16,16,1
singleton_conditional_sizematched,0.5729662698412699,16,16,1
singleton_conditional_sizematched,0.5713203463203463,16,16,1
singleton_conditional_sizematched,0.5248025412087912,16,16,1
singleton_conditional_sizematched,0.5280920468420469,16,16,1
singleton_conditional_sizematched,0.37470463564213563,16,16,1
singleton_conditional_sizematched,0.6164548992673993,16,16,1
singleton_conditional_sizematched,0.6436977952602954,16,16,1
singleton_conditional_sizematched,0.6590683621933622,16,16,1
singleton_conditional_sizematched,0.33774142524142525,16,16,1
singleton_conditional_sizematched,0.5386250901875902,16,16,1
singleton_conditional_sizematched,0.43968358030858035,16,16,1
singleton_conditional_sizematched,0.48141650016650017,16,16,1
singleton_conditional_sizematched,0.5862994644244645,16,16,1
singleton_conditional_sizematched,0.6132643398268398,16,16,1
singleton_conditional_sizematched,0.5371009199134199,16,16,1
singleton_conditional_sizematched,0.43048878205128205,16,16,1
singleton_conditional_sizematched,0.46963505244755244,16,16,1
singleton_conditional_sizematched,0.5440670440670441,16,16,1
singleton_conditional_sizematched,0.6054315476190477,16,16,1
singleton_conditional_sizematched,0.48922535797535793,16,16,1
singleton_conditional_sizematched,0.38570526695526697,16,16,1
singleton_conditional_sizematched,0.4812049062049062,16,16,1
singleton_conditional_sizematched,0.6285917207792208,16,16,1
singleton_conditional_sizematched,0.28222853535353537,16,16,1
singleton_conditional_sizematched,0.40325091575091576,16,16,1
singleton_conditional_sizematched,0.45867084304584305,16,16,1
singleton_conditional_sizematched,0.6082244144744144,16,16,1
singleton_conditional_sizematched,0.4804450757575758,16,16,1
singleton_conditional_sizematched,0.5075644841269842,16,16,1
singleton_conditional_sizematched,0.4385416666666666,16,16,1
singleton_conditional_sizematched,0.5763467435342435,16,16,1
singleton_conditional_sizematched,0.6729812722000222,16,16,1
singleton_conditional_sizematched,0.603742784992785,16,16,1
singleton_conditional_sizematched,0.4988733488733489,16,16,1
singleton_conditional_sizematched,0.5651178682428684,16,16,1
singleton_conditional_sizematched,0.5757669413919414,16,16,1
singleton_conditional_sizematched,0.7631020021645021,16,16,1
singleton_conditional_sizematched,0.4039434523809524,16,16,1
singleton_conditional_sizematched,0.525,16,16,1
singleton_conditional_sizematched,0.3643198815073815,16,16,1
singleton_conditional_sizematched,0.3292915417915418,16,16,1
singleton_conditional_sizematched,0.6187536421911423,16,16,1
singleton_conditional_sizematched,0.34769761488511486,16,16,1
singleton_conditional_sizematched,0.4810611263736264,16,16,1
singleton_conditional_sizematched,0.6102607461982463,16,16,1
singleton_conditional_sizematched,0.6794715700965701,16,16,1
singleton_conditional_sizematched,0.6177421536796537,16,16,1
singleton_conditional_sizematched,0.4997075840825841,16,16,1
singleton_conditional_sizematched,0.632093253968254,16,16,1
singleton_conditional_sizematched,0.6046762265512265,16,16,1
singleton_conditional_sizematched,0.6291786338661338,16,16,1
singleton_conditional_sizematched,0.23866081834831834,16,16,1
singleton_conditional_sizematched,0.4784564393939394,16,16,1
singleton_conditional_sizematched,0.6686407342657343,16,16,1
singleton_conditional_sizematched,0.5845428876678878,16,16,1
singleton_conditional_sizematched,0.3696390415140415,16,16,1
singleton_conditional_sizematched,0.5401626151626152,16,16,1
singleton_conditional_sizematched,0.24006028693528694,16,16,1
singleton_conditional_sizematched,0.47371708152958153,16,16,1
singleton_conditional_sizematched,0.5226209554334554,16,16,1
singleton_conditional_sizematched,0.5701884920634921,16,16,1
singleton_conditional_sizematched,0.6205086580086581,16,16,1
singleton_conditional_sizematched,0.45589670745920746,16,16,1
singleton_conditional_sizematched,0.5455032814407814,16,16,1
singleton_conditional_sizematched,0.42185262654012656,16,16,1
singleton_conditional_sizematched,0.39683389527139534,16,16,1
singleton_conditional_sizematched,0.49035825285825285,16,16,1
singleton_conditional_sizematched,0.6849431818181817,16,16,1
singleton_conditional_sizematched,0.43837846181596185,16,16,1
singleton_conditional_sizematched,0.49446256868131866,16,16,1
singleton_conditional_sizematched,0.5465165043290043,16,16,1
singleton_conditional_sizematched,0.3396839271839272,16,16,1
singleton_conditional_sizematched,0.6378427128427129,16,16,1
singleton_conditional_sizematched,0.5685989357864357,16,16,1
singleton_conditional_sizematched,0.45203754578754585,16,16,1
singleton_conditional_sizematched,0.6083829365079365,16,16,1
singleton_conditional_sizematched,0.3381333943833944,16,16,1
singleton_conditional_sizematched,0.6940301018426018,16,16,1
singleton_conditional_sizematched,0.547598581973582,16,16,1
singleton_conditional_sizematched,0.4921942640692641,16,16,1
singleton_conditional_sizematched,0.3682272588522588,16,16,1
singleton_conditional_sizematched,0.5488018925518925,16,16,1
singleton_conditional_sizematched,0.48388555888555884,16,16,1
singleton_conditional_sizematched,0.5639022435897436,16,16,1
singleton_conditional_sizematched,0.47941260128760127,16,16,1
singleton_conditional_sizematched,0.5736315767565767,16,16,1
singleton_conditional_sizematched,0.6034188034188035,16,16,1
singleton_conditional_sizematched,0.5870258214008214,16,16,1
singleton_conditional_sizematched,0.5367419039294039,16,16,1
singleton_conditional_sizematched,0.5059698981573981,16,16,1
singleton_conditional_sizematched,0.5232019716394716,16,16,1
singleton_conditional_sizematched,0.48683261183261184,16,16,1
singleton_conditional_sizematched,0.2532061688311688,16,16,1
singleton_conditional_sizematched,0.5767361111111111,16,16,1
singleton_conditional_sizematched,0.39472870879120875,16,16,1
singleton_conditional_sizematched,0.41539276695526695,16,16,1
singleton_conditional_sizematched,0.6752832237207238,16,16,1
singleton_conditional_sizematched,0.697503885003885,16,16,1
singleton_conditional_sizematched,0.5223214285714286,16,16,1
singleton_conditional_sizematched,0.4067212301587302,16,16,1
singleton_conditional_sizematched,0.6109919594294595,16,16,1
singleton_conditional_sizematched,0.3713064713064713,16,16,1
singleton_conditional_sizematched,0.4099324286824287,16,16,1
singleton_conditional_sizematched,0.4701536310911311,16,16,1
singleton_conditional_sizematched,0.574426961926962,16,16,1
singleton_conditional_sizematched,0.5541069173881674,16,16,1
singleton_conditional_sizematched,0.628279532967033,16,16,1
singleton_conditional_sizematched,0.5789434523809525,16,16,1
singleton_conditional_sizematched,0.4997587481962482,16,16,1
singleton_conditional_sizematched,0.6274687118437119,16,16,1
singleton_conditional_sizematched,0.481563055000555,16,16,1
singleton_conditional_sizematched,0.5955816752691753,16,16,1
singleton_conditional_sizematched,0.3929341491841492,16,16,1
singleton_conditional_sizematched,0.7099445693195694,16,16,1
singleton_conditional_sizematched,0.2835407647907648,16,16,1
singleton_conditional_sizematched,0.6601093351093351,16,16,1
singleton_conditional_sizematched,0.3789734570984571,16,16,1
singleton_conditional_sizematched,0.3229376526251526,16,16,1
singleton_conditional_sizematched,0.28548014485514484,16,16,1
singleton_conditional_sizematched,0.5772836538461539,16,16,1
singleton_conditional_sizematched,0.6491758241758242,16,16,1
singleton_conditional_sizematched,0.5390755078255078,16,16,1
singleton_conditional_sizematched,0.5921266233766234,16,16,1
singleton_conditional_sizematched,0.5372557997557997,16,16,1
singleton_conditional_sizematched,0.4646790709290709,16,16,1
singleton_conditional_sizematched,0.5667545995670995,16,16,1
singleton_conditional_sizematched,0.4516292735042735,16,16,1
singleton_conditional_sizematched,0.5279314435564435,16,16,1
singleton_conditional_sizematched,0.6791472416472417,16,16,1
singleton_conditional_sizematched,0.3324373543123543,16,16,1
singleton_conditional_sizematched,0.3835879398379398,16,16,1
singleton_conditional_sizematched,0.5969494047619048,16,16,1
singleton_conditional_sizematched,0.5759221681096681,16,16,1
singleton_conditional_sizematched,0.4045138888888889,16,16,1
singleton_conditional_sizematched,0.4495355339105339,16,16,1
singleton_conditional_sizematched,0.5645991161616162,16,16,1
singleton_conditional_sizematched,0.30385378510378513,16,16,1
singleton_conditional_sizematched,0.7202798937173938,16,16,1
singleton_conditional_sizematched,0.49887092074592077,16,16,1
singleton_conditional_sizematched,0.5163558663558664,16,16,1
singleton_conditional_sizematched,0.4862850690975691,16,16,1
singleton_conditional_sizematched,0.48952245670995675,16,16,1
singleton_conditional_sizematched,0.6300843253968254,16,16,1
singleton_conditional_sizematched,0.5947521228771229,16,16,1
singleton_conditional_sizematched,0.5089781746031746,16,16,1
singleton_conditional_sizematched,0.4119978979353979,16,16,1
singleton_conditional_sizematched,0.5373714826839827,16,16,1
singleton_conditional_sizematched,0.44295773670773675,16,16,1
singleton_conditional_sizematched,0.4258508852258852,16,16,1
singleton_conditional_sizematched,0.7180059523809523,16,16,1
singleton_conditional_sizematched,0.41054050116550117,16,16,1
singleton_conditional_sizematched,0.49658223720723726,16,16,1
singleton_conditional_sizematched,0.5631535131535133,16,16,1
singleton_conditional_sizematched,0.44921051171051174,16,16,1
singleton_conditional_sizematched,0.47168803418803423,16,16,1
singleton_conditional_sizematched,0.45281922938172936,16,16,1
singleton_conditional_sizematched,0.505530753968254,16,16,1
singleton_conditional_sizematched,0.5744238400488401,16,16,1
singleton_conditional_sizematched,0.5801930708180708,16,16,1
singleton_conditional_sizematched,0.5536930083805085,16,16,1
singleton_conditional_sizematched,0.736257665945166,16,16,1
singleton_conditional_sizematched,0.687619671994672,16,16,1
singleton_conditional_sizematched,0.543801510989011,16,16,1
singleton_conditional_sizematched,0.6135371572871573,16,16,1
singleton_conditional_sizematched,0.5588383838383838,16,16,1
singleton_conditional_sizematched,0.4226294538794539,16,16,1
singleton_conditional_sizematched,0.5769860347985348,16,16,1
singleton_conditional_sizematched,0.4149163336663336,16,16,1
singleton_conditional_sizematched,0.39834956709956704,16,16,1
singleton_conditional_sizematched,0.6005294184981684,16,16,1
singleton_conditional_sizematched,0.3896213161838161,16,16,1
singleton_conditional_sizematched,0.4455825424575425,16,16,1
singleton_conditional_sizematched,0.4153183621933622,16,16,1
