null_variant,shuffled_auroc,n_positive_groups,n_positive_events,max_block_size
corrected_154block,0.5487978524743231,17,17,1
corrected_154block,0.6104341736694678,17,17,1
corrected_154block,0.38180953033894205,17,17,1
corrected_154block,0.5332477979536803,17,17,1
corrected_154block,0.42449625537860836,17,30,14
corrected_154block,0.520940170940171,17,17,1
corrected_154block,0.5532272466095995,17,17,1
corrected_154block,0.6338256514727103,17,17,1
corrected_154block,0.4727474323062559,17,17,1
corrected_154block,0.36431444372620847,17,17,1
corrected_154block,0.5241349745026217,17,17,1
corrected_154block,0.5043031315090138,17,17,1
corrected_154block,0.552363649422473,17,17,1
corrected_154block,0.38634241575418043,17,17,1
corrected_154block,0.6402077497665734,17,30,14
corrected_154block,0.5478673287496817,17,17,1
corrected_154block,0.5735006823242118,17,30,14
corrected_154block,0.4466619981325864,17,30,14
corrected_154block,0.5945334077687019,17,30,14
corrected_154block,0.40939118071471015,17,30,14
corrected_154block,0.6578310578310579,17,17,1
corrected_154block,0.3366883116883117,17,17,1
corrected_154block,0.6302261055937527,17,17,1
corrected_154block,0.45204884984296756,17,17,1
corrected_154block,0.531588999236058,17,17,1
corrected_154block,0.5692417876241406,17,17,1
corrected_154block,0.3580115146291617,17,17,1
corrected_154block,0.6429337002866414,17,17,1
corrected_154block,0.5171100141688377,17,30,14
corrected_154block,0.3283889313301078,17,17,1
corrected_154block,0.44414311179017063,17,17,1
corrected_154block,0.6176632191338074,17,17,1
corrected_154block,0.4928422884305238,17,17,1
corrected_154block,0.6063767931414991,17,17,1
corrected_154block,0.5139705882352942,17,30,14
corrected_154block,0.6121275783040488,17,17,1
corrected_154block,0.43385323826500294,17,17,1
corrected_154block,0.3976795263559969,17,17,1
corrected_154block,0.504324760207113,17,17,1
corrected_154block,0.7377655024713848,17,17,1
corrected_154block,0.6114188099482217,17,17,1
corrected_154block,0.6812297996121526,17,17,1
corrected_154block,0.5106909430438842,17,30,14
corrected_154block,0.5653783308195072,17,17,1
corrected_154block,0.6172907158201276,17,17,1
corrected_154block,0.4815486800780918,17,17,1
corrected_154block,0.6178488178488178,17,17,1
corrected_154block,0.4241470131176014,17,17,1
corrected_154block,0.5973537900008489,17,17,1
corrected_154block,0.5554776922423982,17,17,1
corrected_154block,0.5353068500127324,17,17,1
corrected_154block,0.5019650284356166,17,17,1
corrected_154block,0.36579131652661057,17,17,1
corrected_154block,0.440841184958832,17,17,1
corrected_154block,0.6764314117255295,17,17,1
corrected_154block,0.503217044393515,17,17,1
corrected_154block,0.49605553759965526,17,17,1
corrected_154block,0.40132432926550576,17,30,14
corrected_154block,0.6537554765495941,17,17,1
corrected_154block,0.4586484593837535,17,17,1
corrected_154block,0.5469887955182073,17,17,1
corrected_154block,0.4593453931689226,17,17,1
corrected_154block,0.7737394957983195,17,17,1
corrected_154block,0.36405049199166845,17,17,1
corrected_154block,0.5334977930566166,17,17,1
corrected_154block,0.4008891435362023,17,17,1
corrected_154block,0.6126050420168068,17,17,1
corrected_154block,0.7576415414650709,17,17,1
corrected_154block,0.37244716068245476,17,17,1
corrected_154block,0.5792992954757662,17,17,1
corrected_154block,0.4644123850006203,17,17,1
corrected_154block,0.67140522875817,17,17,1
corrected_154block,0.5070250827603768,17,17,1
corrected_154block,0.6549676630558983,17,17,1
corrected_154block,0.5008555986497163,17,17,1
corrected_154block,0.6027893674952498,17,17,1
corrected_154block,0.4044808949220714,17,17,1
corrected_154block,0.48286329683388507,17,17,1
corrected_154block,0.5253782165546872,17,17,1
corrected_154block,0.6701918179859356,17,17,1
corrected_154block,0.6736609795433326,17,17,1
corrected_154block,0.4742727860374919,17,17,1
corrected_154block,0.41659876071640783,17,17,1
corrected_154block,0.5380366365660484,17,17,1
corrected_154block,0.41124055682879207,17,17,1
corrected_154block,0.4879734644440527,17,17,1
corrected_154block,0.4857454636866401,17,17,1
corrected_154block,0.6953745600804425,17,17,1
corrected_154block,0.4487612469230116,17,17,1
corrected_154block,0.6484710550887021,17,17,1
corrected_154block,0.5366182020593786,17,17,1
corrected_154block,0.6138256351491647,17,17,1
corrected_154block,0.6212036329683389,17,17,1
corrected_154block,0.4420868347338936,17,30,14
corrected_154block,0.6282271241830065,17,17,1
corrected_154block,0.4960434173669468,17,30,14
corrected_154block,0.2897058823529412,17,17,1
corrected_154block,0.5551470588235294,17,17,1
corrected_154block,0.5961675579322638,17,17,1
corrected_154block,0.5014631610219846,17,17,1
corrected_154block,0.5489118724412843,17,30,14
corrected_154block,0.353990453990454,17,17,1
corrected_154block,0.502611195993549,17,17,1
corrected_154block,0.43545212956977664,17,17,1
corrected_154block,0.582968502086149,17,17,1
corrected_154block,0.3783476327593975,17,17,1
corrected_154block,0.5548134871664283,17,17,1
corrected_154block,0.47211081402257876,17,17,1
corrected_154block,0.5010164671929378,17,17,1
corrected_154block,0.4996658570187981,17,17,1
corrected_154block,0.5406428538781479,17,17,1
corrected_154block,0.4316311139840551,17,17,1
corrected_154block,0.4776765717942189,17,17,1
corrected_154block,0.5739485188014599,17,17,1
corrected_154block,0.5776786938551645,17,17,1
corrected_154block,0.4487373737373737,17,17,1
corrected_154block,0.5040552584670231,17,17,1
corrected_154block,0.5074840192487251,17,30,14
corrected_154block,0.46431640255169665,17,17,1
corrected_154block,0.46315359477124185,17,30,14
corrected_154block,0.548565486800781,17,17,1
corrected_154block,0.571876571141277,17,17,1
corrected_154block,0.47490630284747937,17,30,14
corrected_154block,0.40782403870639167,17,17,1
corrected_154block,0.4415969651263769,17,17,1
corrected_154block,0.4901440879382056,17,17,1
corrected_154block,0.6414445032092091,17,17,1
corrected_154block,0.416468253968254,17,17,1
corrected_154block,0.4703162850221673,17,17,1
corrected_154block,0.5622665732959851,17,17,1
corrected_154block,0.4760331172095878,17,17,1
corrected_154block,0.4130941770647653,17,17,1
corrected_154block,0.5549109387344682,17,17,1
corrected_154block,0.6978296621678974,17,17,1
corrected_154block,0.5953174276703689,17,17,1
corrected_154block,0.500798139768728,17,17,1
corrected_154block,0.47428274340039045,17,30,14
corrected_154block,0.3708324355383179,17,30,14
corrected_154block,0.5969270108975993,17,17,1
corrected_154block,0.5575948561242678,17,17,1
corrected_154block,0.5128214922332569,17,30,14
corrected_154block,0.5430321312674254,17,17,1
corrected_154block,0.5088935574229692,17,17,1
corrected_154block,0.23770796197266786,17,17,1
corrected_154block,0.5827327900857311,17,17,1
corrected_154block,0.5700630252100841,17,17,1
corrected_154block,0.5266552075375605,17,17,1
corrected_154block,0.5666942534589594,17,17,1
corrected_154block,0.6628405907817673,17,17,1
corrected_154block,0.6530154486036839,17,17,1
corrected_154block,0.5628787878787879,17,17,1
corrected_154block,0.6417716270657448,17,17,1
corrected_154block,0.5919128257363552,17,17,1
corrected_154block,0.5992548301371832,17,17,1
corrected_154block,0.5424653777594955,17,17,1
corrected_154block,0.39609646889058653,17,17,1
corrected_154block,0.5608771130829956,17,17,1
corrected_154block,0.5597349545878958,17,17,1
corrected_154block,0.7268345216874629,17,17,1
corrected_154block,0.4326476627947216,17,30,14
corrected_154block,0.6936382245205773,17,30,14
corrected_154block,0.509579962521139,17,17,1
corrected_154block,0.5619058229352347,17,17,1
corrected_154block,0.4988180120533062,17,17,1
corrected_154block,0.642107647254706,17,17,1
corrected_154block,0.5733570351217409,17,17,1
corrected_154block,0.5598631760396466,17,17,1
corrected_154block,0.4881795900178253,17,17,1
corrected_154block,0.5651435166141049,17,17,1
corrected_154block,0.4929858132064014,17,17,1
corrected_154block,0.5299741108564637,17,17,1
corrected_154block,0.49820685850097607,17,17,1
corrected_154block,0.5523215346744759,17,17,1
corrected_154block,0.4826107715813598,17,17,1
corrected_154block,0.5259597428715077,17,17,1
corrected_154block,0.4658364511305688,17,17,1
corrected_154block,0.5128028833911187,17,17,1
corrected_154block,0.5617137764196588,17,17,1
corrected_154block,0.6104438453703159,17,17,1
corrected_154block,0.5246360665478312,17,17,1
corrected_154block,0.6082357185298363,17,17,1
corrected_154block,0.47975553857906794,17,17,1
corrected_154block,0.4756705712588065,17,17,1
corrected_154block,0.5927574059927001,17,17,1
corrected_154block,0.638592861386979,17,17,1
corrected_154block,0.3947733638910109,17,17,1
corrected_154block,0.4611174772939478,17,17,1
corrected_154block,0.4701797385620915,17,17,1
corrected_154block,0.5104664942900238,17,17,1
corrected_154block,0.5250816993464053,17,17,1
corrected_154block,0.6072086410321704,17,17,1
corrected_154block,0.6711062630180278,17,17,1
corrected_154block,0.4142102995044171,17,17,1
corrected_154block,0.6224502621561445,17,17,1
corrected_154block,0.5532398157398157,17,17,1
corrected_154block,0.5501274868921929,17,17,1
corrected_154block,0.4442603148485502,17,30,14
corrected_154block,0.39250471750471755,17,17,1
corrected_154block,0.636456843809785,17,17,1
corrected_154block,0.5867519735166794,17,17,1
corrected_154block,0.35697521432815554,17,17,1
corrected_154block,0.6726965028435616,17,17,1
corrected_154block,0.548694932518462,17,17,1
corrected_154block,0.5025719378660556,17,17,1
corrected_154block,0.4135132841015194,17,17,1
corrected_154block,0.4555359673006732,17,17,1
corrected_154block,0.5959024635495224,17,17,1
corrected_154block,0.40085094643918173,17,17,1
corrected_154block,0.5814281306928366,17,17,1
corrected_154block,0.6464147780324252,17,17,1
corrected_154block,0.5317580295521472,17,17,1
corrected_154block,0.6444481172422349,17,17,1
corrected_154block,0.5222222222222223,17,17,1
corrected_154block,0.584513484881132,17,17,1
corrected_154block,0.4666064327829034,17,17,1
corrected_154block,0.6132700632700633,17,17,1
corrected_154block,0.5702317290552585,17,17,1
corrected_154block,0.641857897004956,17,17,1
corrected_154block,0.5504797490091606,17,17,1
corrected_154block,0.5183685595450301,17,30,14
corrected_154block,0.552000287294405,17,30,14
corrected_154block,0.4536984257572493,17,17,1
corrected_154block,0.6119365928189457,17,17,1
corrected_154block,0.5725957049486461,17,17,1
corrected_154block,0.6418703845174434,17,17,1
corrected_154block,0.54034054181113,17,17,1
corrected_154block,0.5597317714964775,17,17,1
corrected_154block,0.4713127558715794,17,17,1
corrected_154block,0.636919616331381,17,17,1
corrected_154block,0.6510106723342017,17,17,1
corrected_154block,0.6204005961358902,17,17,1
corrected_154block,0.31998891631244575,17,17,1
corrected_154block,0.7237887929064399,17,17,1
corrected_154block,0.5548934725405313,17,17,1
corrected_154block,0.36463846610905437,17,17,1
corrected_154block,0.4418926661573721,17,17,1
corrected_154block,0.6264260249554368,17,17,1
corrected_154block,0.5699623905506259,17,17,1
corrected_154block,0.7138496307613955,17,17,1
corrected_154block,0.49476569182451546,17,17,1
corrected_154block,0.6085816144639675,17,17,1
corrected_154block,0.5451275964931428,17,30,14
corrected_154block,0.48198843640020106,17,17,1
corrected_154block,0.5347414023884612,17,17,1
corrected_154block,0.6926192271780507,17,17,1
corrected_154block,0.4014011315481904,17,17,1
corrected_154block,0.5522080044138868,17,17,1
corrected_154block,0.6914183855360327,17,17,1
corrected_154block,0.6319189797130974,17,17,1
corrected_154block,0.6814957101721808,17,17,1
corrected_154block,0.5243235522647287,17,17,1
corrected_154block,0.5249060579942932,17,17,1
corrected_154block,0.554626092861387,17,17,1
corrected_154block,0.5552460611284141,17,17,1
corrected_154block,0.6014724654430538,17,17,1
corrected_154block,0.6374275234569352,17,17,1
corrected_154block,0.5643557422969188,17,17,1
corrected_154block,0.573839232662762,17,17,1
corrected_154block,0.6172423165070223,17,17,1
corrected_154block,0.7311730752907223,17,17,1
corrected_154block,0.6502370178840767,17,17,1
corrected_154block,0.5318860877684407,17,17,1
corrected_154block,0.524031279178338,17,17,1
corrected_154block,0.6047614150555327,17,17,1
corrected_154block,0.5017390289449113,17,17,1
corrected_154block,0.6462732528909,17,17,1
corrected_154block,0.5232855379914204,17,17,1
corrected_154block,0.4979808590102708,17,17,1
corrected_154block,0.3433706816059757,17,30,14
corrected_154block,0.4532320620555914,17,17,1
corrected_154block,0.5968920785097256,17,17,1
corrected_154block,0.45289130803836686,17,17,1
corrected_154block,0.5483036571271866,17,17,1
corrected_154block,0.5695982938629998,17,17,1
corrected_154block,0.48625932890638773,17,17,1
corrected_154block,0.3646554425966191,17,17,1
corrected_154block,0.4174854557207498,17,17,1
corrected_154block,0.6965203097556039,17,17,1
corrected_154block,0.5392952635599694,17,17,1
corrected_154block,0.6041709924062865,17,17,1
corrected_154block,0.6072721396250808,17,17,1
corrected_154block,0.47065834492305086,17,17,1
corrected_154block,0.3710358269181798,17,17,1
corrected_154block,0.50694656650539,17,17,1
corrected_154block,0.5734784823020118,17,30,14
corrected_154block,0.43552754435107377,17,30,14
corrected_154block,0.7026032790738672,17,17,1
corrected_154block,0.5487943429119899,17,17,1
corrected_154block,0.3716562032738504,17,17,1
corrected_154block,0.4980773311655665,17,17,1
corrected_154block,0.6696009872480461,17,17,1
corrected_154block,0.31086601307189543,17,17,1
corrected_154block,0.503238265002971,17,30,14
corrected_154block,0.43123339079221434,17,17,1
corrected_154block,0.5279984721161192,17,17,1
corrected_154block,0.538586331968685,17,17,1
corrected_154block,0.46670380273321443,17,17,1
corrected_154block,0.3414650708768356,17,17,1
corrected_154block,0.6141838553603259,17,17,1
corrected_154block,0.7025578179989945,17,17,1
corrected_154block,0.48628405907817673,17,17,1
corrected_154block,0.6305389871566343,17,17,1
corrected_154block,0.39602097249156076,17,17,1
corrected_154block,0.5194792952145894,17,17,1
corrected_154block,0.5228546780017368,17,17,1
corrected_154block,0.585771254888902,17,17,1
corrected_154block,0.4217234562822798,17,30,14
corrected_154block,0.5689793866264454,17,17,1
corrected_154block,0.4872503313679784,17,17,1
corrected_154block,0.5748254196783609,17,17,1
corrected_154block,0.6720047925930279,17,17,1
corrected_154block,0.5240109563638976,17,30,14
corrected_154block,0.591908581614464,17,17,1
corrected_154block,0.5959236841589782,17,17,1
corrected_154block,0.6079481792717087,17,30,14
corrected_154block,0.48639856875150994,17,17,1
corrected_154block,0.2632607588489942,17,17,1
corrected_154block,0.5662380103556574,17,17,1
corrected_154block,0.4742619308795779,17,17,1
corrected_154block,0.6058409727527375,17,17,1
corrected_154block,0.6177616501145913,17,17,1
corrected_154block,0.5355137509549274,17,17,1
corrected_154block,0.7560346516228871,17,17,1
corrected_154block,0.6053720789014907,17,17,1
corrected_154block,0.4839848060436296,17,30,14
corrected_154block,0.3238891010949834,17,17,1
corrected_154block,0.5382610853199088,17,17,1
corrected_154block,0.4729458450046685,17,30,14
corrected_154block,0.4776878350407762,17,17,1
corrected_154block,0.48455074337427284,17,30,14
corrected_154block,0.5129681592916888,17,17,1
corrected_154block,0.38928995840760544,17,17,1
corrected_154block,0.5136210195033725,17,17,1
corrected_154block,0.41128087598675833,17,30,14
corrected_154block,0.7845821661998132,17,17,1
corrected_154block,0.2851285968933027,17,17,1
corrected_154block,0.5075439266615738,17,17,1
corrected_154block,0.6166666666666667,17,17,1
corrected_154block,0.4692799847211612,17,17,1
corrected_154block,0.5004995004995004,17,17,1
corrected_154block,0.5776871004812181,17,17,1
corrected_154block,0.41675154910449025,17,17,1
corrected_154block,0.6317216280451574,17,17,1
corrected_154block,0.5487299465240643,17,17,1
corrected_154block,0.4613117274881981,17,17,1
corrected_154block,0.6044243338360985,17,17,1
corrected_154block,0.6667600373482727,17,17,1
corrected_154block,0.6889705882352941,17,17,1
corrected_154block,0.4370701194230606,17,17,1
corrected_154block,0.43808674985145574,17,17,1
corrected_154block,0.660598633392751,17,17,1
corrected_154block,0.4966943187531423,17,30,14
corrected_154block,0.5006607771313654,17,17,1
corrected_154block,0.4421179310885193,17,17,1
corrected_154block,0.4853683897801545,17,17,1
corrected_154block,0.4781364060775825,17,17,1
corrected_154block,0.5585243188184364,17,17,1
corrected_154block,0.4518557422969187,17,17,1
corrected_154block,0.5231850665674195,17,17,1
corrected_154block,0.7319444444444445,17,17,1
corrected_154block,0.6803822811175753,17,17,1
corrected_154block,0.461344537815126,17,17,1
corrected_154block,0.5561359392241745,17,17,1
corrected_154block,0.5341736694677872,17,17,1
corrected_154block,0.5166870710988358,17,17,1
corrected_154block,0.38249724132077073,17,17,1
corrected_154block,0.73625116713352,17,17,1
corrected_154block,0.6740238519650285,17,17,1
corrected_154block,0.530907491201609,17,17,1
corrected_154block,0.6477903632315397,17,17,1
corrected_154block,0.37493209404974115,17,17,1
corrected_154block,0.5487133781251429,17,17,1
corrected_154block,0.6090686274509804,17,17,1
corrected_154block,0.47205351837704784,17,17,1
corrected_154block,0.5745906054729586,17,17,1
corrected_154block,0.5084361716714658,17,17,1
corrected_154block,0.5531629318394023,17,17,1
corrected_154block,0.5395451362363126,17,17,1
corrected_154block,0.5801048624578036,17,17,1
corrected_154block,0.5917853388441623,17,17,1
corrected_154block,0.43867562176385705,17,17,1
corrected_154block,0.5738678804855275,17,17,1
corrected_154block,0.58832515523692,17,17,1
corrected_154block,0.5388071895424836,17,17,1
corrected_154block,0.43541458541458544,17,17,1
corrected_154block,0.6584659621424327,17,17,1
corrected_154block,0.4022193492781728,17,17,1
corrected_154block,0.5970588235294116,17,17,1
corrected_154block,0.7956023551611786,17,17,1
corrected_154block,0.5640073978309273,17,17,1
corrected_154block,0.21425200616377088,17,30,14
corrected_154block,0.46482259570494866,17,17,1
corrected_154block,0.47111026228673286,17,17,1
corrected_154block,0.5822712418300653,17,17,1
corrected_154block,0.4347569913746384,17,30,14
corrected_154block,0.3394443791502615,17,30,14
corrected_154block,0.5637467108055344,17,17,1
corrected_154block,0.6122614313790784,17,17,1
corrected_154block,0.41263368983957216,17,17,1
corrected_154block,0.42441333176627294,17,17,1
corrected_154block,0.5463761728467611,17,17,1
corrected_154block,0.5256196417961124,17,17,1
corrected_154block,0.5731837606837608,17,17,1
corrected_154block,0.5160480859010271,17,17,1
corrected_154block,0.5875397478338656,17,17,1
corrected_154block,0.5748438652850418,17,17,1
corrected_154block,0.6452838827838828,17,17,1
corrected_154block,0.4133010780069604,17,17,1
corrected_154block,0.7947466748937337,17,17,1
corrected_154block,0.5826510091215973,17,30,14
corrected_154block,0.536191912662501,17,17,1
corrected_154block,0.3873243586478881,17,17,1
corrected_154block,0.3260387488328665,17,17,1
corrected_154block,0.6157626687038452,17,17,1
corrected_154block,0.5822050498521087,17,17,1
corrected_154block,0.5415430566165861,17,17,1
corrected_154block,0.4337844345197286,17,17,1
corrected_154block,0.6558776191129132,17,17,1
corrected_154block,0.5499872676343265,17,17,1
corrected_154block,0.44223684811920105,17,17,1
corrected_154block,0.6251704178174766,17,17,1
corrected_154block,0.6782225127813364,17,17,1
corrected_154block,0.5364723511782336,17,17,1
corrected_154block,0.3882851217410041,17,17,1
corrected_154block,0.6741320770732536,17,17,1
corrected_154block,0.465662034044387,17,30,14
corrected_154block,0.5429515745692216,17,30,14
corrected_154block,0.6246888732182851,17,17,1
corrected_154block,0.5695634430928549,17,17,1
corrected_154block,0.5174125710890417,17,17,1
corrected_154block,0.6403846153846154,17,17,1
corrected_154block,0.6586629057217293,17,17,1
corrected_154block,0.6311351230468878,17,17,1
corrected_154block,0.4613487819370172,17,17,1
corrected_154block,0.380292501616031,17,30,14
corrected_154block,0.6000421147479971,17,17,1
corrected_154block,0.47248429674900255,17,17,1
corrected_154block,0.4179127245303716,17,17,1
corrected_154block,0.3734908065790419,17,30,14
corrected_154block,0.2903340123928359,17,30,14
corrected_154block,0.6600267379679144,17,17,1
corrected_154block,0.5870757510463394,17,17,1
corrected_154block,0.5215813598166539,17,17,1
corrected_154block,0.6654663963487492,17,30,14
corrected_154block,0.6162486206603853,17,17,1
corrected_154block,0.6086081402257874,17,17,1
corrected_154block,0.4737750811280224,17,17,1
corrected_154block,0.6443871487989136,17,17,1
corrected_154block,0.5417525285172344,17,17,1
corrected_154block,0.7077246283128636,17,17,1
corrected_154block,0.4961167100872983,17,17,1
corrected_154block,0.6148312471841884,17,17,1
corrected_154block,0.49563312504488977,17,30,14
corrected_154block,0.5258514361455537,17,17,1
corrected_154block,0.7380756090314913,17,17,1
corrected_154block,0.5257724301841948,17,17,1
corrected_154block,0.5739127702362997,17,17,1
corrected_154block,0.2876831501831502,17,17,1
corrected_154block,0.5239999379705262,17,17,1
corrected_154block,0.5520541549953315,17,17,1
corrected_154block,0.5582893413775766,17,17,1
corrected_154block,0.3707399626517273,17,30,14
corrected_154block,0.5330073521249992,17,17,1
corrected_154block,0.5413656604833075,17,17,1
corrected_154block,0.621218487394958,17,17,1
corrected_154block,0.6030294868530163,17,17,1
corrected_154block,0.5988445378151261,17,17,1
corrected_154block,0.5081160669395964,17,17,1
corrected_154block,0.3546592296592297,17,17,1
corrected_154block,0.44813311688311686,17,17,1
corrected_154block,0.4872753063929534,17,17,1
corrected_154block,0.5891835288894112,17,17,1
corrected_154block,0.5119191266250089,17,17,1
corrected_154block,0.8095316448257625,17,17,1
corrected_154block,0.5193882098293863,17,17,1
corrected_154block,0.5999721683545213,17,17,1
corrected_154block,0.6426960294607353,17,30,14
corrected_154block,0.5874278499278498,17,17,1
corrected_154block,0.6026812240047535,17,17,1
corrected_154block,0.5924053071111895,17,17,1
corrected_154block,0.4970121381886088,17,17,1
corrected_154block,0.7280947810359575,17,30,14
corrected_154block,0.4976885859238801,17,17,1
corrected_154block,0.36942053044994216,17,30,14
corrected_154block,0.4177510398098634,17,17,1
corrected_154block,0.470181126063479,17,17,1
corrected_154block,0.47378699731640905,17,17,1
corrected_154block,0.45743186552010084,17,30,14
corrected_154block,0.5849938460232579,17,30,14
corrected_154block,0.6427361853832443,17,17,1
corrected_154block,0.3008382140735082,17,17,1
corrected_154block,0.6643343584520055,17,17,1
corrected_154block,0.49735117823353125,17,17,1
corrected_154block,0.3806489262371615,17,17,1
corrected_154block,0.4668417366946779,17,17,1
corrected_154block,0.5648934398934399,17,30,14
corrected_154block,0.4251952296069943,17,17,1
corrected_154block,0.4271591970121382,17,17,1
corrected_154block,0.5520552160258043,17,17,1
corrected_154block,0.5146337322807911,17,17,1
corrected_154block,0.5951747598806423,17,17,1
corrected_154block,0.573532676473853,17,17,1
corrected_154block,0.556867805397217,17,17,1
corrected_154block,0.5916101055806938,17,17,1
corrected_154block,0.5634703123673712,17,17,1
corrected_154block,0.6174304453716218,17,17,1
corrected_154block,0.4539671929377812,17,17,1
corrected_154block,0.5722455648926238,17,30,14
corrected_154block,0.49442322383498855,17,17,1
corrected_154block,0.6052818096935745,17,17,1
corrected_154block,0.7417843594314183,17,17,1
corrected_154block,0.6589851325145443,17,17,1
corrected_154block,0.6238519650284355,17,17,1
corrected_154block,0.5014705882352941,17,17,1
corrected_154block,0.597924297924298,17,17,1
corrected_154block,0.5309366287307463,17,17,1
corrected_154block,0.6476890756302521,17,17,1
corrected_154block,0.5764014580191051,17,17,1
corrected_154block,0.6307401748578219,17,17,1
corrected_154block,0.6420868347338935,17,17,1
corrected_154block,0.38471250971250975,17,17,1
corrected_154block,0.45573584911820203,17,17,1
corrected_154block,0.36703296703296706,17,17,1
corrected_154block,0.5769286269286269,17,17,1
corrected_154block,0.6395774976657329,17,17,1
corrected_154block,0.7202405437699555,17,17,1
corrected_154block,0.5468478008919186,17,17,1
corrected_154block,0.49089423648247177,17,17,1
corrected_154block,0.5027289703760291,17,17,1
corrected_154block,0.4634811267164208,17,17,1
corrected_154block,0.508625116713352,17,17,1
corrected_154block,0.5669518390106625,17,17,1
corrected_154block,0.5743548934725405,17,30,14
corrected_154block,0.5233405483405483,17,17,1
corrected_154block,0.28438383511912924,17,17,1
corrected_154block,0.48078816608228375,17,17,1
corrected_154block,0.6044764875647228,17,17,1
corrected_154block,0.5162321338791928,17,17,1
corrected_154block,0.4135989010989011,17,17,1
corrected_154block,0.4106315253374077,17,17,1
corrected_154block,0.5371079900491665,17,30,14
corrected_154block,0.3999129955012308,17,17,1
corrected_154block,0.5770870469399881,17,17,1
corrected_154block,0.6155034507975685,17,17,1
corrected_154block,0.5701967150496562,17,17,1
corrected_154block,0.3631302521008404,17,17,1
corrected_154block,0.5963086749851455,17,17,1
corrected_154block,0.530952380952381,17,17,1
corrected_154block,0.43704383851442674,17,17,1
corrected_154block,0.6299360769949006,17,17,1
corrected_154block,0.6360094154211802,17,17,1
corrected_154block,0.6020286902639844,17,17,1
corrected_154block,0.5764939309056956,17,17,1
corrected_154block,0.49995355951238307,17,17,1
corrected_154block,0.5753018223606459,17,17,1
corrected_154block,0.5458025634496223,17,17,1
corrected_154block,0.5247113180936711,17,17,1
corrected_154block,0.6300644616821087,17,17,1
corrected_154block,0.4549236711001417,17,17,1
corrected_154block,0.3477968110321051,17,17,1
corrected_154block,0.5429415355885945,17,17,1
corrected_154block,0.4878065969977734,17,17,1
corrected_154block,0.2510091215973569,17,30,14
corrected_154block,0.4712916984975809,17,17,1
corrected_154block,0.4651239283592225,17,17,1
corrected_154block,0.6172440304793246,17,17,1
corrected_154block,0.6994121891180715,17,17,1
corrected_154block,0.44509803921568625,17,30,14
corrected_154block,0.489077099371217,17,17,1
corrected_154block,0.3820387129210659,17,17,1
corrected_154block,0.6831985824632884,17,17,1
corrected_154block,0.4715389185977421,17,17,1
corrected_154block,0.27901559225088635,17,17,1
corrected_154block,0.4666348357524828,17,17,1
corrected_154block,0.42710720651897127,17,17,1
corrected_154block,0.4683914125090596,17,17,1
corrected_154block,0.5198635514811986,17,17,1
corrected_154block,0.425694158782394,17,17,1
corrected_154block,0.7364342356989415,17,17,1
corrected_154block,0.5326998981410745,17,17,1
corrected_154block,0.45626326288090996,17,30,14
corrected_154block,0.34404443595620066,17,17,1
corrected_154block,0.32780609912962855,17,17,1
corrected_154block,0.6120342076224429,17,17,1
corrected_154block,0.7053237612061141,17,17,1
corrected_154block,0.557444189797131,17,17,1
corrected_154block,0.30028908999497234,17,17,1
corrected_154block,0.5808168955227779,17,17,1
corrected_154block,0.6196895424836601,17,17,1
corrected_154block,0.42449919361684074,17,17,1
corrected_154block,0.6229802060684415,17,17,1
corrected_154block,0.4305446187799129,17,17,1
corrected_154block,0.39721055088702145,17,17,1
corrected_154block,0.48354341736694684,17,17,1
corrected_154block,0.5261639504286563,17,17,1
corrected_154block,0.5966546525370056,17,30,14
corrected_154block,0.2915922312981136,17,17,1
corrected_154block,0.4368633817163229,17,30,14
corrected_154block,0.48168441036088094,17,17,1
corrected_154block,0.42832306582306584,17,17,1
corrected_154block,0.5349673202614379,17,30,14
corrected_154block,0.4287369493251846,17,17,1
corrected_154block,0.4522812155165097,17,17,1
corrected_154block,0.5574301515477987,17,17,1
corrected_154block,0.7157840525487584,17,17,1
corrected_154block,0.5588511162040574,17,30,14
corrected_154block,0.24195526695526695,17,17,1
corrected_154block,0.7006302521008404,17,17,1
corrected_154block,0.6467118665648078,17,17,1
corrected_154block,0.6400241914947797,17,17,1
corrected_154block,0.5281183685595451,17,30,14
corrected_154block,0.5875147728088904,17,17,1
corrected_154block,0.4388431013431014,17,17,1
corrected_154block,0.5596883508648215,17,17,1
corrected_154block,0.5840411222764165,17,17,1
corrected_154block,0.7423796791443851,17,17,1
corrected_154block,0.3930714710126475,17,30,14
corrected_154block,0.49611556743909685,17,17,1
corrected_154block,0.36367945779710487,17,17,1
corrected_154block,0.7397475890122949,17,17,1
corrected_154block,0.455688429217841,17,30,14
corrected_154block,0.5788939818351583,17,30,14
corrected_154block,0.5082581634052222,17,30,14
corrected_154block,0.6046101774042951,17,17,1
corrected_154block,0.4455658720364603,17,17,1
corrected_154block,0.5122222548693136,17,17,1
corrected_154block,0.4820199874821723,17,30,14
corrected_154block,0.7107567269331975,17,17,1
corrected_154block,0.4644236482471777,17,17,1
corrected_154block,0.60220163823105,17,17,1
corrected_154block,0.658422459893048,17,17,1
corrected_154block,0.4202725787284611,17,17,1
corrected_154block,0.6487152553329023,17,17,1
corrected_154block,0.4175515660809778,17,17,1
corrected_154block,0.6817488067488067,17,17,1
corrected_154block,0.6294032764621001,17,17,1
corrected_154block,0.5639567948391477,17,17,1
corrected_154block,0.6480206068441363,17,17,1
corrected_154block,0.508396995161701,17,17,1
corrected_154block,0.6191733511586454,17,17,1
corrected_154block,0.5638284101519395,17,17,1
corrected_154block,0.6154374628639334,17,17,1
corrected_154block,0.4617000646412411,17,17,1
corrected_154block,0.5019883711060181,17,17,1
corrected_154block,0.5803730583142348,17,17,1
corrected_154block,0.6184481368304899,17,17,1
corrected_154block,0.41248302351243527,17,17,1
corrected_154block,0.6734975808505219,17,17,1
corrected_154block,0.4198073168661404,17,17,1
corrected_154block,0.6831465919701214,17,17,1
corrected_154block,0.4656735421441304,17,17,1
corrected_154block,0.6033353084823673,17,17,1
corrected_154block,0.4568245480010185,17,17,1
corrected_154block,0.6517697988286223,17,17,1
corrected_154block,0.4941537220948986,17,17,1
corrected_154block,0.4138368167779933,17,17,1
corrected_154block,0.5485454088395265,17,17,1
corrected_154block,0.5625604787369494,17,17,1
corrected_154block,0.5811868686868686,17,17,1
corrected_154block,0.576103471691707,17,17,1
corrected_154block,0.5883856339738692,17,30,14
corrected_154block,0.5636299974535268,17,17,1
corrected_154block,0.5390830574654105,17,17,1
corrected_154block,0.47905925773572827,17,17,1
corrected_154block,0.5860633647398353,17,17,1
corrected_154block,0.5426449367625839,17,17,1
corrected_154block,0.23482938629997452,17,17,1
corrected_154block,0.44402852049910874,17,17,1
corrected_154block,0.5273719336219337,17,17,1
corrected_154block,0.42131185807656396,17,17,1
corrected_154block,0.6372315592903829,17,30,14
corrected_154block,0.5626048787813493,17,17,1
corrected_154block,0.6183665191018132,17,17,1
corrected_154block,0.5797682709447415,17,17,1
corrected_154block,0.4628151260504202,17,30,14
corrected_154block,0.34692954104718815,17,17,1
corrected_154block,0.3687462863933452,17,17,1
corrected_154block,0.49148727089903554,17,17,1
corrected_154block,0.5549486461251166,17,17,1
corrected_154block,0.5922792077203842,17,17,1
corrected_154block,0.3904635397282456,17,17,1
corrected_154block,0.6192205670146846,17,17,1
corrected_154block,0.5960678210678211,17,17,1
corrected_154block,0.5913398692810458,17,17,1
corrected_154block,0.45836565395388934,17,17,1
corrected_154block,0.6620787709023004,17,17,1
corrected_154block,0.6787834714305303,17,17,1
corrected_154block,0.4142040149393091,17,17,1
corrected_154block,0.5838765809354044,17,30,14
corrected_154block,0.669009258715141,17,17,1
corrected_154block,0.7100781979458449,17,17,1
corrected_154block,0.6088383838383838,17,17,1
corrected_154block,0.47718253968253965,17,17,1
corrected_154block,0.5397721559486266,17,17,1
corrected_154block,0.476884961443785,17,17,1
corrected_154block,0.4705118411000764,17,30,14
corrected_154block,0.49674067762303054,17,17,1
corrected_154block,0.36816614757791233,17,30,14
corrected_154block,0.7294478397419574,17,17,1
corrected_154block,0.49487799781917424,17,17,1
corrected_154block,0.46476391255803023,17,17,1
corrected_154block,0.40275867922926745,17,17,1
corrected_154block,0.704462041226747,17,17,1
corrected_154block,0.45412263390204566,17,17,1
corrected_154block,0.606962726815668,17,17,1
corrected_154block,0.4460105254222901,17,17,1
corrected_154block,0.5906523215346745,17,17,1
corrected_154block,0.542156862745098,17,30,14
corrected_154block,0.4243145743145743,17,17,1
corrected_154block,0.6541146761734998,17,17,1
corrected_154block,0.5873817359111476,17,17,1
corrected_154block,0.5402342755283932,17,17,1
corrected_154block,0.49312468577174456,17,17,1
corrected_154block,0.6394662527015468,17,17,1
corrected_154block,0.5072478991596638,17,17,1
corrected_154block,0.7409387997623291,17,17,1
corrected_154block,0.4919935456700162,17,30,14
corrected_154block,0.4418470418470419,17,17,1
corrected_154block,0.4771061454884984,17,17,1
corrected_154block,0.6110088849059437,17,17,1
corrected_154block,0.6419081735258206,17,17,1
corrected_154block,0.5646608293667117,17,17,1
corrected_154block,0.4874883286647993,17,30,14
corrected_154block,0.4125937787702494,17,17,1
corrected_154block,0.5312091503267975,17,17,1
corrected_154block,0.5056669637551989,17,17,1
corrected_154block,0.605383342148048,17,17,1
corrected_154block,0.4702432371550018,17,17,1
corrected_154block,0.3380496137849079,17,30,14
corrected_154block,0.5047682709447416,17,17,1
corrected_154block,0.5580269403798815,17,17,1
corrected_154block,0.48292606086723733,17,17,1
corrected_154block,0.39678507766743065,17,30,14
corrected_154block,0.6178853009735362,17,17,1
corrected_154block,0.38181818181818183,17,17,1
corrected_154block,0.48631515543280246,17,17,1
corrected_154block,0.5399785671844495,17,17,1
corrected_154block,0.5192271780507075,17,17,1
corrected_154block,0.4950523332876275,17,17,1
corrected_154block,0.6267848164906988,17,17,1
corrected_154block,0.683454290807232,17,17,1
corrected_154block,0.2767782870724047,17,30,14
corrected_154block,0.4198187433481551,17,17,1
corrected_154block,0.44001782531194295,17,17,1
corrected_154block,0.580359101682631,17,17,1
corrected_154block,0.6066887361005007,17,17,1
corrected_154block,0.7103958133369898,17,17,1
corrected_154block,0.5196078431372549,17,17,1
corrected_154block,0.49677128427128436,17,17,1
corrected_154block,0.4066293183940243,17,17,1
corrected_154block,0.5023776876718054,17,17,1
corrected_154block,0.6339869281045751,17,17,1
corrected_154block,0.5753705444881916,17,17,1
corrected_154block,0.3622846108140226,17,17,1
corrected_154block,0.4275988717165188,17,17,1
corrected_154block,0.435702614379085,17,17,1
corrected_154block,0.5970660058895354,17,17,1
corrected_154block,0.5911037900008489,17,17,1
corrected_154block,0.5471521942110177,17,30,14
corrected_154block,0.5485581412052001,17,17,1
corrected_154block,0.545920745920746,17,17,1
corrected_154block,0.6197409616527264,17,17,1
corrected_154block,0.42988873871226807,17,17,1
corrected_154block,0.4521772345301758,17,17,1
corrected_154block,0.45228341919518383,17,17,1
corrected_154block,0.5668767507002802,17,30,14
corrected_154block,0.464905274464098,17,17,1
corrected_154block,0.6341322892793481,17,17,1
corrected_154block,0.45207537560478733,17,17,1
corrected_154block,0.4618402838991074,17,17,1
corrected_154block,0.4570684217743042,17,17,1
corrected_154block,0.522570729923671,17,17,1
corrected_154block,0.4539332399626517,17,17,1
corrected_154block,0.6150075414781297,17,17,1
corrected_154block,0.49241151005856887,17,17,1
corrected_154block,0.6168722617252029,17,30,14
corrected_154block,0.37131699999347056,17,17,1
corrected_154block,0.4219431712078771,17,17,1
corrected_154block,0.6326160767337237,17,17,1
corrected_154block,0.593312324929972,17,17,1
corrected_154block,0.6522216345745758,17,17,1
corrected_154block,0.6124087513793396,17,17,1
corrected_154block,0.6616904337492573,17,30,14
corrected_154block,0.6003550779286073,17,17,1
corrected_154block,0.5939524527759823,17,17,1
corrected_154block,0.5513102093984448,17,17,1
corrected_154block,0.4399904833728363,17,17,1
corrected_154block,0.39230508054037466,17,17,1
corrected_154block,0.44603566368272257,17,17,1
corrected_154block,0.6324373339079222,17,17,1
corrected_154block,0.385136105724341,17,17,1
corrected_154block,0.5807486631016043,17,17,1
corrected_154block,0.5828569306510483,17,17,1
corrected_154block,0.5245692216280452,17,17,1
corrected_154block,0.4969744716068245,17,17,1
corrected_154block,0.560808431764314,17,17,1
corrected_154block,0.43368559545030133,17,17,1
corrected_154block,0.7132342330871743,17,17,1
corrected_154block,0.5170698582463289,17,30,14
corrected_154block,0.614560847649083,17,17,1
corrected_154block,0.37567155067155067,17,17,1
corrected_154block,0.6106209150326798,17,17,1
corrected_154block,0.454298316063022,17,17,1
corrected_154block,0.5778217697335345,17,17,1
corrected_154block,0.6912788192199957,17,17,1
corrected_154block,0.5539800885389121,17,17,1
corrected_154block,0.599969474969475,17,30,14
corrected_154block,0.5363392326627621,17,17,1
corrected_154block,0.4184560537501714,17,17,1
corrected_154block,0.6305635540929659,17,17,1
corrected_154block,0.572977512683395,17,17,1
corrected_154block,0.6489081996434938,17,17,1
corrected_154block,0.5091953797836152,17,17,1
corrected_154block,0.5966757915287327,17,17,1
corrected_154block,0.5515782828282829,17,17,1
corrected_154block,0.5581028448675508,17,17,1
corrected_154block,0.564418506330271,17,17,1
corrected_154block,0.4870352686529158,17,17,1
corrected_154block,0.43274087024087027,17,17,1
corrected_154block,0.5359261653379301,17,17,1
corrected_154block,0.4844645550527903,17,17,1
corrected_154block,0.49547152194211025,17,17,1
corrected_154block,0.706060606060606,17,17,1
corrected_154block,0.5894013666072491,17,17,1
corrected_154block,0.2701426024955436,17,17,1
corrected_154block,0.35402326431738196,17,30,14
corrected_154block,0.45445951107715815,17,17,1
corrected_154block,0.5611694677871147,17,17,1
corrected_154block,0.425140056022409,17,17,1
corrected_154block,0.5191176470588236,17,17,1
corrected_154block,0.5525231304643069,17,17,1
corrected_154block,0.5651260504201681,17,17,1
corrected_154block,0.5607344452932688,17,17,1
corrected_154block,0.4222073677956031,17,17,1
corrected_154block,0.5306966726084372,17,17,1
corrected_154block,0.5536372124607418,17,17,1
corrected_154block,0.2630925447101918,17,17,1
corrected_154block,0.6805102169072756,17,17,1
corrected_154block,0.5163271369153722,17,17,1
corrected_154block,0.48996550834786123,17,17,1
corrected_154block,0.38625116713352003,17,17,1
corrected_154block,0.39943977591036406,17,17,1
corrected_154block,0.5956834015657545,17,17,1
corrected_154block,0.6387573211102623,17,17,1
corrected_154block,0.5774906466082937,17,17,1
corrected_154block,0.51886193871488,17,17,1
corrected_154block,0.5966819128583836,17,17,1
corrected_154block,0.4968285799168152,17,17,1
corrected_154block,0.5147122485357779,17,17,1
corrected_154block,0.5478758169934641,17,17,1
corrected_154block,0.5411634117516471,17,17,1
corrected_154block,0.5282096171802054,17,30,14
corrected_154block,0.7064913844325609,17,17,1
corrected_154block,0.5144607843137257,17,17,1
corrected_154block,0.5632002801120448,17,17,1
corrected_154block,0.3010454822954823,17,17,1
corrected_154block,0.5928948502477914,17,17,1
corrected_154block,0.47629494688318225,17,17,1
corrected_154block,0.43342915254679965,17,30,14
corrected_154block,0.6254152710035062,17,17,1
corrected_154block,0.5337570925806221,17,17,1
corrected_154block,0.5818394024276378,17,17,1
corrected_154block,0.40627199597787833,17,17,1
corrected_154block,0.5390968508615568,17,17,1
corrected_154block,0.36244164332399625,17,17,1
corrected_154block,0.5958280281809694,17,17,1
corrected_154block,0.5174688057040998,17,17,1
corrected_154block,0.5424258747788159,17,17,1
corrected_154block,0.5288398692810458,17,17,1
corrected_154block,0.5129233511586453,17,17,1
corrected_154block,0.5705401624519272,17,17,1
corrected_154block,0.49055470673117735,17,17,1
corrected_154block,0.5436561804208863,17,17,1
corrected_154block,0.57384984296749,17,17,1
corrected_154block,0.5953544821191881,17,17,1
corrected_154block,0.6124183006535948,17,17,1
corrected_154block,0.5442110177404296,17,17,1
corrected_154block,0.45066069551363663,17,17,1
corrected_154block,0.48746392496392493,17,30,14
corrected_154block,0.4633134839017192,17,17,1
corrected_154block,0.4605957767722474,17,30,14
corrected_154block,0.46864899806076277,17,30,14
corrected_154block,0.5123429674900263,17,17,1
corrected_154block,0.38564425770308125,17,17,1
corrected_154block,0.3492530345471522,17,17,1
corrected_154block,0.5622351504704446,17,17,1
corrected_154block,0.4596320346320346,17,17,1
corrected_154block,0.4149849333672863,17,17,1
corrected_154block,0.6229225023342669,17,17,1
corrected_154block,0.5930438842203548,17,17,1
corrected_154block,0.6484431418254948,17,17,1
corrected_154block,0.5041146761734998,17,30,14
corrected_154block,0.44383924898630783,17,17,1
corrected_154block,0.5569400370870959,17,17,1
corrected_154block,0.5750280764986648,17,17,1
corrected_154block,0.5447478991596639,17,17,1
corrected_154block,0.48277033424092247,17,17,1
corrected_154block,0.6511011863953041,17,17,1
corrected_154block,0.44585953262423855,17,17,1
corrected_154block,0.45217568379333084,17,17,1
corrected_154block,0.3770558689676337,17,30,14
corrected_154block,0.6355048546225017,17,17,1
corrected_154block,0.6350803200067906,17,17,1
corrected_154block,0.4885261797026503,17,17,1
corrected_154block,0.5297788812494695,17,17,1
corrected_154block,0.6846590501002267,17,17,1
corrected_154block,0.5793228829993536,17,17,1
corrected_154block,0.43076531311825433,17,30,14
corrected_154block,0.5709156040038392,17,17,1
corrected_154block,0.5145875366463603,17,17,1
corrected_154block,0.6700280112044819,17,30,14
corrected_154block,0.33101886442222583,17,30,14
corrected_154block,0.4451492135315665,17,17,1
corrected_154block,0.41422017524958704,17,17,1
corrected_154block,0.5852346999405823,17,17,1
corrected_154block,0.5833152958152957,17,17,1
corrected_154block,0.5359755440637793,17,17,1
corrected_154block,0.7214291427526722,17,17,1
corrected_154block,0.42312622018504376,17,17,1
corrected_154block,0.5171589848060437,17,17,1
corrected_154block,0.5751167133520074,17,30,14
corrected_154block,0.40351731601731594,17,17,1
corrected_154block,0.3781706039058981,17,17,1
corrected_154block,0.6315197874021403,17,30,14
corrected_154block,0.6926725235548765,17,17,1
corrected_154block,0.4866858631564514,17,17,1
corrected_154block,0.5745941558441557,17,17,1
corrected_154block,0.4582091927680163,17,17,1
corrected_154block,0.6249857985152103,17,17,1
corrected_154block,0.5961548255665904,17,17,1
corrected_154block,0.5343604108309992,17,17,1
corrected_154block,0.6499533146591971,17,30,14
corrected_154block,0.5505683042447748,17,17,1
corrected_154block,0.5868216750569692,17,17,1
corrected_154block,0.5959012392835923,17,17,1
corrected_154block,0.4878713606654783,17,17,1
corrected_154block,0.49814964447317384,17,30,14
corrected_154block,0.37043650793650795,17,30,14
corrected_154block,0.6317559074912016,17,17,1
corrected_154block,0.604014939309057,17,17,1
corrected_154block,0.5752224083106436,17,17,1
corrected_154block,0.41880941770647656,17,17,1
corrected_154block,0.49401570651570653,17,17,1
corrected_154block,0.3520279557044263,17,30,14
corrected_154block,0.5472986572251278,17,17,1
corrected_154block,0.5447856065503124,17,17,1
corrected_154block,0.5732620320855615,17,17,1
corrected_154block,0.6315370903606198,17,17,1
corrected_154block,0.6059428316781257,17,17,1
corrected_154block,0.3386978217860571,17,17,1
corrected_154block,0.6952726195373254,17,17,1
corrected_154block,0.5131505749152808,17,17,1
corrected_154block,0.5734414278531926,17,17,1
corrected_154block,0.5653731889026007,17,17,1
corrected_154block,0.5204333248450895,17,17,1
corrected_154block,0.4054621848739495,17,17,1
corrected_154block,0.3964604023427553,17,17,1
corrected_154block,0.5520191409897293,17,17,1
corrected_154block,0.5628924996572057,17,17,1
corrected_154block,0.6450628619746268,17,17,1
corrected_154block,0.5850256769374418,17,17,1
corrected_154block,0.3536976911976912,17,30,14
corrected_154block,0.4601710381122146,17,30,14
corrected_154block,0.5633920001567061,17,17,1
corrected_154block,0.6229955502014326,17,17,1
corrected_154block,0.657833016656546,17,17,1
corrected_154block,0.5623645961881256,17,30,14
corrected_154block,0.4185117986588575,17,17,1
corrected_154block,0.5765491044902809,17,17,1
corrected_154block,0.5647058823529412,17,17,1
corrected_154block,0.4240471946354299,17,17,1
corrected_154block,0.4751878023936848,17,30,14
corrected_154block,0.5128641783053548,17,17,1
corrected_154block,0.5545997303350244,17,17,1
corrected_154block,0.5905377302436126,17,17,1
corrected_154block,0.4656937833408422,17,17,1
corrected_154block,0.5199431287666583,17,17,1
corrected_154block,0.6308526440879383,17,17,1
corrected_154block,0.6361888111888112,17,17,1
corrected_154block,0.5471373397843986,17,17,1
corrected_154block,0.342935577494401,17,17,1
corrected_154block,0.6182699653287889,17,17,1
corrected_154block,0.5174554203965968,17,30,14
corrected_154block,0.4341398389192507,17,17,1
corrected_154block,0.45228945890710603,17,17,1
corrected_154block,0.41143366437484086,17,17,1
corrected_154block,0.6109201256260081,17,17,1
corrected_154block,0.5919478397419573,17,17,1
corrected_154block,0.5696311858076564,17,17,1
corrected_154block,0.5233269997975881,17,17,1
corrected_154block,0.5114124437653849,17,17,1
corrected_154block,0.4575927340633223,17,30,14
corrected_154block,0.523869267986915,17,17,1
corrected_154block,0.43607821916645445,17,17,1
corrected_154block,0.7087765176000471,17,17,1
corrected_154block,0.528899858311623,17,17,1
corrected_154block,0.523748636983931,17,30,14
corrected_154block,0.5908244533244534,17,17,1
corrected_154block,0.2951559878030466,17,30,14
corrected_154block,0.5698007058301175,17,17,1
singleton_conditional_sizematched,0.4453027874902875,16,16,1
singleton_conditional_sizematched,0.3031746031746032,16,16,1
singleton_conditional_sizematched,0.25326366341991347,16,16,1
singleton_conditional_sizematched,0.4878697691197692,16,16,1
singleton_conditional_sizematched,0.46404723748473753,16,16,1
singleton_conditional_sizematched,0.3972842261904762,16,16,1
singleton_conditional_sizematched,0.3052218614718615,16,16,1
singleton_conditional_sizematched,0.48057472041847044,16,16,1
singleton_conditional_sizematched,0.6114076028138528,16,16,1
singleton_conditional_sizematched,0.5673566017316017,16,16,1
singleton_conditional_sizematched,0.4087222673160173,16,16,1
singleton_conditional_sizematched,0.3634424603174603,16,16,1
singleton_conditional_sizematched,0.5037214521589521,16,16,1
singleton_conditional_sizematched,0.3849864545177045,16,16,1
singleton_conditional_sizematched,0.539287968975469,16,16,1
singleton_conditional_sizematched,0.528608630952381,16,16,1
singleton_conditional_sizematched,0.3591653138528138,16,16,1
singleton_conditional_sizematched,0.47202831890331887,16,16,1
singleton_conditional_sizematched,0.4901503878066378,16,16,1
singleton_conditional_sizematched,0.5748218795093795,16,16,1
singleton_conditional_sizematched,0.4092223748473749,16,16,1
singleton_conditional_sizematched,0.6214218073593074,16,16,1
singleton_conditional_sizematched,0.42079951298701296,16,16,1
singleton_conditional_sizematched,0.38680954462204464,16,16,1
singleton_conditional_sizematched,0.4190770167332668,16,16,1
singleton_conditional_sizematched,0.5268725198412698,16,16,1
singleton_conditional_sizematched,0.33652423964923966,16,16,1
singleton_conditional_sizematched,0.4479967081529581,16,16,1
singleton_conditional_sizematched,0.5643538752913754,16,16,1
singleton_conditional_sizematched,0.5983811327561328,16,16,1
singleton_conditional_sizematched,0.4508617250804751,16,16,1
singleton_conditional_sizematched,0.6452099983349984,16,16,1
singleton_conditional_sizematched,0.41620670995670994,16,16,1
singleton_conditional_sizematched,0.6088045634920636,16,16,1
singleton_conditional_sizematched,0.6199134199134199,16,16,1
singleton_conditional_sizematched,0.41928800366300367,16,16,1
singleton_conditional_sizematched,0.4771083950771451,16,16,1
singleton_conditional_sizematched,0.39752435064935066,16,16,1
singleton_conditional_sizematched,0.6152550574425575,16,16,1
singleton_conditional_sizematched,0.6412577873515373,16,16,1
singleton_conditional_sizematched,0.4421920093795094,16,16,1
singleton_conditional_sizematched,0.6933989621489622,16,16,1
singleton_conditional_sizematched,0.48636961996337,16,16,1
singleton_conditional_sizematched,0.5420985264735265,16,16,1
singleton_conditional_sizematched,0.6338669143356643,16,16,1
singleton_conditional_sizematched,0.5734860625485625,16,16,1
singleton_conditional_sizematched,0.7115169552669554,16,16,1
singleton_conditional_sizematched,0.3801701770451771,16,16,1
singleton_conditional_sizematched,0.5621273691586192,16,16,1
singleton_conditional_sizematched,0.534011994949495,16,16,1
singleton_conditional_sizematched,0.25112561050061055,16,16,1
singleton_conditional_sizematched,0.5357041396103897,16,16,1
singleton_conditional_sizematched,0.5662684537684537,16,16,1
singleton_conditional_sizematched,0.5237751831501831,16,16,1
singleton_conditional_sizematched,0.46731827200577203,16,16,1
singleton_conditional_sizematched,0.4787439990564991,16,16,1
singleton_conditional_sizematched,0.5541193181818181,16,16,1
singleton_conditional_sizematched,0.45053548881673877,16,16,1
singleton_conditional_sizematched,0.45517017704517704,16,16,1
singleton_conditional_sizematched,0.5949213113275613,16,16,1
singleton_conditional_sizematched,0.7671604437229437,16,16,1
singleton_conditional_sizematched,0.5033520299145299,16,16,1
singleton_conditional_sizematched,0.2930194805194805,16,16,1
singleton_conditional_sizematched,0.5270134379509379,16,16,1
singleton_conditional_sizematched,0.5922619047619048,16,16,1
singleton_conditional_sizematched,0.5515866945554446,16,16,1
singleton_conditional_sizematched,0.4658614822677323,16,16,1
singleton_conditional_sizematched,0.49952651515151514,16,16,1
singleton_conditional_sizematched,0.6375152625152625,16,16,1
singleton_conditional_sizematched,0.4779641365578866,16,16,1
singleton_conditional_sizematched,0.6456002331002331,16,16,1
singleton_conditional_sizematched,0.5090976731601732,16,16,1
singleton_conditional_sizematched,0.37555916305916304,16,16,1
singleton_conditional_sizematched,0.5766624000999001,16,16,1
singleton_conditional_sizematched,0.3818351787101787,16,16,1
singleton_conditional_sizematched,0.6264136904761906,16,16,1
singleton_conditional_sizematched,0.5431166056166056,16,16,1
singleton_conditional_sizematched,0.5059522075147076,16,16,1
singleton_conditional_sizematched,0.6323322510822511,16,16,1
singleton_conditional_sizematched,0.6088299721112221,16,16,1
singleton_conditional_sizematched,0.4951884920634921,16,16,1
singleton_conditional_sizematched,0.28264070998446,16,16,1
singleton_conditional_sizematched,0.7261025432900432,16,16,1
singleton_conditional_sizematched,0.4670287178099678,16,16,1
singleton_conditional_sizematched,0.5672540133477634,16,16,1
singleton_conditional_sizematched,0.34714590964590963,16,16,1
singleton_conditional_sizematched,0.5436714327339327,16,16,1
singleton_conditional_sizematched,0.38580204517704514,16,16,1
singleton_conditional_sizematched,0.543053300865801,16,16,1
singleton_conditional_sizematched,0.34859411421911424,16,16,1
singleton_conditional_sizematched,0.3428357233044733,16,16,1
singleton_conditional_sizematched,0.30129080988455986,16,16,1
singleton_conditional_sizematched,0.38536489552114556,16,16,1
singleton_conditional_sizematched,0.5385651674714175,16,16,1
singleton_conditional_sizematched,0.4069264069264069,16,16,1
singleton_conditional_sizematched,0.7549693362193363,16,16,1
singleton_conditional_sizematched,0.42911706349206347,16,16,1
singleton_conditional_sizematched,0.36649305555555556,16,16,1
singleton_conditional_sizematched,0.49840818903318906,16,16,1
singleton_conditional_sizematched,0.45008012820512827,16,16,1
singleton_conditional_sizematched,0.335872113997114,16,16,1
singleton_conditional_sizematched,0.40717745795870797,16,16,1
singleton_conditional_sizematched,0.393978851010101,16,16,1
singleton_conditional_sizematched,0.5609407953157954,16,16,1
singleton_conditional_sizematched,0.5481737012987014,16,16,1
singleton_conditional_sizematched,0.7041708291708292,16,16,1
singleton_conditional_sizematched,0.658458642052392,16,16,1
singleton_conditional_sizematched,0.5640331890331891,16,16,1
singleton_conditional_sizematched,0.3838999542124542,16,16,1
singleton_conditional_sizematched,0.43066829004329005,16,16,1
singleton_conditional_sizematched,0.5993454462204463,16,16,1
singleton_conditional_sizematched,0.534200088106338,16,16,1
singleton_conditional_sizematched,0.5861787518037518,16,16,1
singleton_conditional_sizematched,0.4655776515151515,16,16,1
singleton_conditional_sizematched,0.44161463536463536,16,16,1
singleton_conditional_sizematched,0.506024531024531,16,16,1
singleton_conditional_sizematched,0.3405851093351093,16,16,1
singleton_conditional_sizematched,0.502671894078144,16,16,1
singleton_conditional_sizematched,0.4327200577200577,16,16,1
singleton_conditional_sizematched,0.6450518231768232,16,16,1
singleton_conditional_sizematched,0.5435560966810967,16,16,1
singleton_conditional_sizematched,0.44452674062049063,16,16,1
singleton_conditional_sizematched,0.4885773948273948,16,16,1
singleton_conditional_sizematched,0.39926046176046176,16,16,1
singleton_conditional_sizematched,0.46770833333333334,16,16,1
singleton_conditional_sizematched,0.40641355172605176,16,16,1
singleton_conditional_sizematched,0.3613974567099567,16,16,1
singleton_conditional_sizematched,0.6233506944444445,16,16,1
singleton_conditional_sizematched,0.5502361353923854,16,16,1
singleton_conditional_sizematched,0.6886153776778776,16,16,1
singleton_conditional_sizematched,0.5341301927239428,16,16,1
singleton_conditional_sizematched,0.5017981150793651,16,16,1
singleton_conditional_sizematched,0.5048363095238095,16,16,1
singleton_conditional_sizematched,0.42697935744810744,16,16,1
singleton_conditional_sizematched,0.44245129870129873,16,16,1
singleton_conditional_sizematched,0.35892215423465423,16,16,1
singleton_conditional_sizematched,0.599339982933733,16,16,1
singleton_conditional_sizematched,0.5516956134143634,16,16,1
singleton_conditional_sizematched,0.421687166999667,16,16,1
singleton_conditional_sizematched,0.6197251533189034,16,16,1
singleton_conditional_sizematched,0.46719608516483513,16,16,1
singleton_conditional_sizematched,0.5109309960872461,16,16,1
singleton_conditional_sizematched,0.520238788988789,16,16,1
singleton_conditional_sizematched,0.40886908230658237,16,16,1
singleton_conditional_sizematched,0.5751396173271173,16,16,1
singleton_conditional_sizematched,0.5441344246031746,16,16,1
singleton_conditional_sizematched,0.41735937673437673,16,16,1
singleton_conditional_sizematched,0.7864786255411256,16,16,1
singleton_conditional_sizematched,0.5252164502164502,16,16,1
singleton_conditional_sizematched,0.5488061417748917,16,16,1
singleton_conditional_sizematched,0.6118691204628705,16,16,1
singleton_conditional_sizematched,0.6001488095238096,16,16,1
singleton_conditional_sizematched,0.5564777236652236,16,16,1
singleton_conditional_sizematched,0.33722492784992786,16,16,1
singleton_conditional_sizematched,0.2743889790764791,16,16,1
singleton_conditional_sizematched,0.6838541666666667,16,16,1
singleton_conditional_sizematched,0.43004825036075034,16,16,1
singleton_conditional_sizematched,0.5679315476190476,16,16,1
singleton_conditional_sizematched,0.5132775210900211,16,16,1
singleton_conditional_sizematched,0.5890224358974359,16,16,1
singleton_conditional_sizematched,0.6521863553113554,16,16,1
singleton_conditional_sizematched,0.37343264374514373,16,16,1
singleton_conditional_sizematched,0.41176046176046177,16,16,1
singleton_conditional_sizematched,0.529592803030303,16,16,1
singleton_conditional_sizematched,0.36436011904761906,16,16,1
singleton_conditional_sizematched,0.4765873015873016,16,16,1
singleton_conditional_sizematched,0.46399277805527805,16,16,1
singleton_conditional_sizematched,0.5277529761904762,16,16,1
singleton_conditional_sizematched,0.5845253704628706,16,16,1
singleton_conditional_sizematched,0.44351100288600287,16,16,1
singleton_conditional_sizematched,0.4158343392718392,16,16,1
singleton_conditional_sizematched,0.48316284410034405,16,16,1
singleton_conditional_sizematched,0.39211422258297257,16,16,1
singleton_conditional_sizematched,0.5866849296536796,16,16,1
singleton_conditional_sizematched,0.6935763888888888,16,16,1
singleton_conditional_sizematched,0.5616498085248085,16,16,1
singleton_conditional_sizematched,0.35030698468198473,16,16,1
singleton_conditional_sizematched,0.5799569354256855,16,16,1
singleton_conditional_sizematched,0.5445191960816962,16,16,1
singleton_conditional_sizematched,0.759015376984127,16,16,1
singleton_conditional_sizematched,0.543514384920635,16,16,1
singleton_conditional_sizematched,0.4309073738761239,16,16,1
singleton_conditional_sizematched,0.5992673992673992,16,16,1
singleton_conditional_sizematched,0.5193204365079366,16,16,1
singleton_conditional_sizematched,0.5526176948051948,16,16,1
singleton_conditional_sizematched,0.6161886724386724,16,16,1
singleton_conditional_sizematched,0.5877055236430236,16,16,1
singleton_conditional_sizematched,0.44086729242979245,16,16,1
singleton_conditional_sizematched,0.36701822483072477,16,16,1
singleton_conditional_sizematched,0.46329477813852815,16,16,1
singleton_conditional_sizematched,0.43418222402597406,16,16,1
singleton_conditional_sizematched,0.5087797619047619,16,16,1
singleton_conditional_sizematched,0.7059151785714286,16,16,1
singleton_conditional_sizematched,0.40378224206349206,16,16,1
singleton_conditional_sizematched,0.6384424603174603,16,16,1
singleton_conditional_sizematched,0.4311128975191475,16,16,1
singleton_conditional_sizematched,0.4549693362193362,16,16,1
singleton_conditional_sizematched,0.3756604506604506,16,16,1
singleton_conditional_sizematched,0.4476945797258297,16,16,1
singleton_conditional_sizematched,0.32966183122433124,16,16,1
singleton_conditional_sizematched,0.44852430555555556,16,16,1
singleton_conditional_sizematched,0.5694577991452991,16,16,1
singleton_conditional_sizematched,0.4630262099012099,16,16,1
singleton_conditional_sizematched,0.4915381493506494,16,16,1
singleton_conditional_sizematched,0.539474848068598,16,16,1
singleton_conditional_sizematched,0.6705582611832612,16,16,1
singleton_conditional_sizematched,0.4606801184926185,16,16,1
singleton_conditional_sizematched,0.6080729166666667,16,16,1
singleton_conditional_sizematched,0.4530630827505827,16,16,1
singleton_conditional_sizematched,0.6424787018537019,16,16,1
singleton_conditional_sizematched,0.5471514596514597,16,16,1
singleton_conditional_sizematched,0.40941220238095244,16,16,1
singleton_conditional_sizematched,0.48859074952824955,16,16,1
singleton_conditional_sizematched,0.5904291021478522,16,16,1
singleton_conditional_sizematched,0.5975559163059163,16,16,1
singleton_conditional_sizematched,0.6260923971861472,16,16,1
singleton_conditional_sizematched,0.41769220362970366,16,16,1
singleton_conditional_sizematched,0.6079689407814408,16,16,1
singleton_conditional_sizematched,0.4671162171162171,16,16,1
singleton_conditional_sizematched,0.4040010336885337,16,16,1
singleton_conditional_sizematched,0.38726551226551226,16,16,1
singleton_conditional_sizematched,0.3113083964646465,16,16,1
singleton_conditional_sizematched,0.3809501262626263,16,16,1
singleton_conditional_sizematched,0.41423376970251974,16,16,1
singleton_conditional_sizematched,0.35001665001665,16,16,1
singleton_conditional_sizematched,0.5194836413586413,16,16,1
singleton_conditional_sizematched,0.5092600108225109,16,16,1
singleton_conditional_sizematched,0.7050820707070706,16,16,1
singleton_conditional_sizematched,0.49257305194805195,16,16,1
singleton_conditional_sizematched,0.4502661401098901,16,16,1
singleton_conditional_sizematched,0.703190386002886,16,16,1
singleton_conditional_sizematched,0.47887008824508825,16,16,1
singleton_conditional_sizematched,0.6220959595959596,16,16,1
singleton_conditional_sizematched,0.6177317474192474,16,16,1
singleton_conditional_sizematched,0.6124966179653679,16,16,1
singleton_conditional_sizematched,0.5667410714285714,16,16,1
singleton_conditional_sizematched,0.5972260378510379,16,16,1
singleton_conditional_sizematched,0.4615496482683983,16,16,1
singleton_conditional_sizematched,0.4582348207348207,16,16,1
singleton_conditional_sizematched,0.5638463099400599,16,16,1
singleton_conditional_sizematched,0.6348717254967254,16,16,1
singleton_conditional_sizematched,0.5849957334332334,16,16,1
singleton_conditional_sizematched,0.4893556096681097,16,16,1
singleton_conditional_sizematched,0.2684546356421357,16,16,1
singleton_conditional_sizematched,0.3140291999667,16,16,1
singleton_conditional_sizematched,0.3748709623709624,16,16,1
singleton_conditional_sizematched,0.4879441738816739,16,16,1
singleton_conditional_sizematched,0.49900403416028416,16,16,1
singleton_conditional_sizematched,0.6428646006771006,16,16,1
singleton_conditional_sizematched,0.537819819069819,16,16,1
singleton_conditional_sizematched,0.45422910422910423,16,16,1
singleton_conditional_sizematched,0.5629273504273504,16,16,1
singleton_conditional_sizematched,0.40116792929292927,16,16,1
singleton_conditional_sizematched,0.4155641233766234,16,16,1
singleton_conditional_sizematched,0.5653228715728716,16,16,1
singleton_conditional_sizematched,0.3252757659007659,16,16,1
singleton_conditional_sizematched,0.5728636814574315,16,16,1
singleton_conditional_sizematched,0.5263193403818405,16,16,1
singleton_conditional_sizematched,0.5415152555777556,16,16,1
singleton_conditional_sizematched,0.5575578934953935,16,16,1
singleton_conditional_sizematched,0.49424828643578644,16,16,1
singleton_conditional_sizematched,0.38962261696636696,16,16,1
singleton_conditional_sizematched,0.3004557074869575,16,16,1
singleton_conditional_sizematched,0.6169214466089467,16,16,1
singleton_conditional_sizematched,0.443586534992785,16,16,1
singleton_conditional_sizematched,0.445863338050838,16,16,1
singleton_conditional_sizematched,0.6482683982683983,16,16,1
singleton_conditional_sizematched,0.3670308857808858,16,16,1
singleton_conditional_sizematched,0.44227187742812746,16,16,1
singleton_conditional_sizematched,0.35360975829725827,16,16,1
singleton_conditional_sizematched,0.6107616341991342,16,16,1
singleton_conditional_sizematched,0.4598710317460318,16,16,1
singleton_conditional_sizematched,0.5782783189033189,16,16,1
singleton_conditional_sizematched,0.4911434052059052,16,16,1
singleton_conditional_sizematched,0.7498940295815295,16,16,1
singleton_conditional_sizematched,0.5200459262959263,16,16,1
singleton_conditional_sizematched,0.46489049145299144,16,16,1
singleton_conditional_sizematched,0.5635191197691198,16,16,1
singleton_conditional_sizematched,0.4868673860861361,16,16,1
singleton_conditional_sizematched,0.4075729825729826,16,16,1
singleton_conditional_sizematched,0.5702516233766234,16,16,1
singleton_conditional_sizematched,0.3609769570707071,16,16,1
singleton_conditional_sizematched,0.4161875450937951,16,16,1
singleton_conditional_sizematched,0.6886453823953824,16,16,1
singleton_conditional_sizematched,0.4149999306249306,16,16,1
singleton_conditional_sizematched,0.3673805361305361,16,16,1
singleton_conditional_sizematched,0.6055927579365079,16,16,1
singleton_conditional_sizematched,0.6487475198412699,16,16,1
singleton_conditional_sizematched,0.5203046085858586,16,16,1
singleton_conditional_sizematched,0.3614774981962482,16,16,1
singleton_conditional_sizematched,0.3034046682484183,16,16,1
singleton_conditional_sizematched,0.5402214105339105,16,16,1
singleton_conditional_sizematched,0.2956867784992785,16,16,1
singleton_conditional_sizematched,0.4848914973914974,16,16,1
singleton_conditional_sizematched,0.4936575577200577,16,16,1
singleton_conditional_sizematched,0.5556745337995338,16,16,1
singleton_conditional_sizematched,0.5468002483627483,16,16,1
singleton_conditional_sizematched,0.4617521367521368,16,16,1
singleton_conditional_sizematched,0.678422619047619,16,16,1
singleton_conditional_sizematched,0.49822573260073266,16,16,1
singleton_conditional_sizematched,0.4724454365079365,16,16,1
singleton_conditional_sizematched,0.4927207341269841,16,16,1
singleton_conditional_sizematched,0.3977362914862915,16,16,1
singleton_conditional_sizematched,0.4938661165223665,16,16,1
singleton_conditional_sizematched,0.49716247294372296,16,16,1
singleton_conditional_sizematched,0.41292388167388167,16,16,1
singleton_conditional_sizematched,0.6084077380952382,16,16,1
singleton_conditional_sizematched,0.6447443181818182,16,16,1
singleton_conditional_sizematched,0.3889632936507937,16,16,1
singleton_conditional_sizematched,0.5797492438117439,16,16,1
singleton_conditional_sizematched,0.4156498015873016,16,16,1
singleton_conditional_sizematched,0.6118048618048618,16,16,1
singleton_conditional_sizematched,0.2539498695748696,16,16,1
singleton_conditional_sizematched,0.47436677905427904,16,16,1
singleton_conditional_sizematched,0.6807525807525807,16,16,1
singleton_conditional_sizematched,0.3900301087801088,16,16,1
singleton_conditional_sizematched,0.8027221042846042,16,16,1
singleton_conditional_sizematched,0.624905303030303,16,16,1
singleton_conditional_sizematched,0.3995907738095238,16,16,1
singleton_conditional_sizematched,0.47499098124098127,16,16,1
singleton_conditional_sizematched,0.29387435481185487,16,16,1
singleton_conditional_sizematched,0.5355699855699856,16,16,1
singleton_conditional_sizematched,0.2879092261904762,16,16,1
singleton_conditional_sizematched,0.6521835803085803,16,16,1
singleton_conditional_sizematched,0.413895652958153,16,16,1
singleton_conditional_sizematched,0.3340546606171606,16,16,1
singleton_conditional_sizematched,0.5990618756243757,16,16,1
singleton_conditional_sizematched,0.6241233592796093,16,16,1
singleton_conditional_sizematched,0.3977847673160173,16,16,1
singleton_conditional_sizematched,0.46622214590964595,16,16,1
singleton_conditional_sizematched,0.5106263528138528,16,16,1
singleton_conditional_sizematched,0.2637820512820513,16,16,1
singleton_conditional_sizematched,0.5468998015873017,16,16,1
singleton_conditional_sizematched,0.4905224116161616,16,16,1
singleton_conditional_sizematched,0.44410060425685427,16,16,1
singleton_conditional_sizematched,0.251722582972583,16,16,1
singleton_conditional_sizematched,0.47925009018759024,16,16,1
singleton_conditional_sizematched,0.5505523989898989,16,16,1
singleton_conditional_sizematched,0.6281475468975469,16,16,1
singleton_conditional_sizematched,0.40927059052059056,16,16,1
singleton_conditional_sizematched,0.571554834054834,16,16,1
singleton_conditional_sizematched,0.7296705898268399,16,16,1
singleton_conditional_sizematched,0.5065002705627706,16,16,1
singleton_conditional_sizematched,0.5344291125541125,16,16,1
singleton_conditional_sizematched,0.49393488455988455,16,16,1
singleton_conditional_sizematched,0.41798383907758907,16,16,1
singleton_conditional_sizematched,0.27508680555555554,16,16,1
singleton_conditional_sizematched,0.4487785651848152,16,16,1
singleton_conditional_sizematched,0.4236275876900877,16,16,1
singleton_conditional_sizematched,0.4851919781607281,16,16,1
singleton_conditional_sizematched,0.550421626984127,16,16,1
singleton_conditional_sizematched,0.5649858821733822,16,16,1
singleton_conditional_sizematched,0.4304223554223554,16,16,1
singleton_conditional_sizematched,0.5267575306637806,16,16,1
singleton_conditional_sizematched,0.5034795066045066,16,16,1
singleton_conditional_sizematched,0.4843325077700078,16,16,1
singleton_conditional_sizematched,0.47096297799422804,16,16,1
singleton_conditional_sizematched,0.31494633838383834,16,16,1
singleton_conditional_sizematched,0.5172332875457875,16,16,1
singleton_conditional_sizematched,0.48407582001332,16,16,1
singleton_conditional_sizematched,0.39627768065268065,16,16,1
singleton_conditional_sizematched,0.4051477168664669,16,16,1
singleton_conditional_sizematched,0.5498478084415584,16,16,1
singleton_conditional_sizematched,0.4437229437229437,16,16,1
singleton_conditional_sizematched,0.48794191919191915,16,16,1
singleton_conditional_sizematched,0.37004263098013096,16,16,1
singleton_conditional_sizematched,0.4885094072594073,16,16,1
singleton_conditional_sizematched,0.4683337495837496,16,16,1
singleton_conditional_sizematched,0.5737599206349207,16,16,1
singleton_conditional_sizematched,0.5032963564213564,16,16,1
singleton_conditional_sizematched,0.36722860472860475,16,16,1
singleton_conditional_sizematched,0.5503421058108557,16,16,1
singleton_conditional_sizematched,0.4239548645798646,16,16,1
singleton_conditional_sizematched,0.6915742243867244,16,16,1
singleton_conditional_sizematched,0.3472064393939394,16,16,1
singleton_conditional_sizematched,0.6395833333333333,16,16,1
singleton_conditional_sizematched,0.4635562354312354,16,16,1
singleton_conditional_sizematched,0.6759108946608947,16,16,1
singleton_conditional_sizematched,0.42269510003885,16,16,1
singleton_conditional_sizematched,0.5468127358752359,16,16,1
singleton_conditional_sizematched,0.47027867965367964,16,16,1
singleton_conditional_sizematched,0.3591985271672772,16,16,1
singleton_conditional_sizematched,0.5227111430236431,16,16,1
singleton_conditional_sizematched,0.5483147061272062,16,16,1
singleton_conditional_sizematched,0.46763635669885667,16,16,1
singleton_conditional_sizematched,0.48434551559551564,16,16,1
singleton_conditional_sizematched,0.5886673222610722,16,16,1
singleton_conditional_sizematched,0.32976866883116884,16,16,1
singleton_conditional_sizematched,0.723669733044733,16,16,1
singleton_conditional_sizematched,0.4787873584748585,16,16,1
singleton_conditional_sizematched,0.5136176323676324,16,16,1
singleton_conditional_sizematched,0.6408306970806971,16,16,1
singleton_conditional_sizematched,0.44591346153846156,16,16,1
singleton_conditional_sizematched,0.36985592532467537,16,16,1
singleton_conditional_sizematched,0.6090376637251638,16,16,1
singleton_conditional_sizematched,0.3813954274891775,16,16,1
singleton_conditional_sizematched,0.5925234487734488,16,16,1
singleton_conditional_sizematched,0.48794174575424576,16,16,1
singleton_conditional_sizematched,0.6147389069264069,16,16,1
singleton_conditional_sizematched,0.322718253968254,16,16,1
singleton_conditional_sizematched,0.4693621482683982,16,16,1
singleton_conditional_sizematched,0.4418784340659341,16,16,1
singleton_conditional_sizematched,0.5968005952380953,16,16,1
singleton_conditional_sizematched,0.4736505681818182,16,16,1
singleton_conditional_sizematched,0.5495513167388167,16,16,1
singleton_conditional_sizematched,0.6149844946719947,16,16,1
singleton_conditional_sizematched,0.5562113233988234,16,16,1
singleton_conditional_sizematched,0.649891774891775,16,16,1
singleton_conditional_sizematched,0.447160304972805,16,16,1
singleton_conditional_sizematched,0.4385991612554112,16,16,1
singleton_conditional_sizematched,0.3695808531746032,16,16,1
singleton_conditional_sizematched,0.586826714951715,16,16,1
singleton_conditional_sizematched,0.449376665001665,16,16,1
singleton_conditional_sizematched,0.44296875,16,16,1
singleton_conditional_sizematched,0.7209934163059163,16,16,1
singleton_conditional_sizematched,0.6090221410533911,16,16,1
singleton_conditional_sizematched,0.572296626984127,16,16,1
singleton_conditional_sizematched,0.5001352813852814,16,16,1
singleton_conditional_sizematched,0.4553387584637585,16,16,1
singleton_conditional_sizematched,0.5080844502719503,16,16,1
singleton_conditional_sizematched,0.5935751748251749,16,16,1
singleton_conditional_sizematched,0.5143420815295816,16,16,1
singleton_conditional_sizematched,0.574859949078699,16,16,1
singleton_conditional_sizematched,0.4425099206349206,16,16,1
singleton_conditional_sizematched,0.5304811507936508,16,16,1
singleton_conditional_sizematched,0.5966844787157288,16,16,1
singleton_conditional_sizematched,0.3505305458430459,16,16,1
singleton_conditional_sizematched,0.5150569916194916,16,16,1
singleton_conditional_sizematched,0.6095153110778111,16,16,1
singleton_conditional_sizematched,0.4577121663059163,16,16,1
singleton_conditional_sizematched,0.49443317099567097,16,16,1
singleton_conditional_sizematched,0.4918290043290043,16,16,1
singleton_conditional_sizematched,0.3337053571428571,16,16,1
singleton_conditional_sizematched,0.591765873015873,16,16,1
singleton_conditional_sizematched,0.4532682595182595,16,16,1
singleton_conditional_sizematched,0.555899309024309,16,16,1
singleton_conditional_sizematched,0.47441343378843376,16,16,1
singleton_conditional_sizematched,0.33938943001443,16,16,1
singleton_conditional_sizematched,0.38961090992340996,16,16,1
singleton_conditional_sizematched,0.4040693681318681,16,16,1
singleton_conditional_sizematched,0.327834145021645,16,16,1
singleton_conditional_sizematched,0.6149696657509157,16,16,1
singleton_conditional_sizematched,0.5367514430014431,16,16,1
singleton_conditional_sizematched,0.4518641948329448,16,16,1
singleton_conditional_sizematched,0.46777874902874905,16,16,1
singleton_conditional_sizematched,0.5091416396103896,16,16,1
singleton_conditional_sizematched,0.5687398538961039,16,16,1
singleton_conditional_sizematched,0.489940268065268,16,16,1
singleton_conditional_sizematched,0.5978842338217338,16,16,1
singleton_conditional_sizematched,0.4062578046953047,16,16,1
singleton_conditional_sizematched,0.6607909451659452,16,16,1
singleton_conditional_sizematched,0.5234789516039515,16,16,1
singleton_conditional_sizematched,0.1896126443001443,16,16,1
singleton_conditional_sizematched,0.4107004107004107,16,16,1
singleton_conditional_sizematched,0.5662592615717617,16,16,1
singleton_conditional_sizematched,0.3182618596681097,16,16,1
singleton_conditional_sizematched,0.6104634948384948,16,16,1
singleton_conditional_sizematched,0.1876612103174603,16,16,1
singleton_conditional_sizematched,0.4738516691641692,16,16,1
singleton_conditional_sizematched,0.6418560606060606,16,16,1
singleton_conditional_sizematched,0.5051959325396825,16,16,1
singleton_conditional_sizematched,0.7356387536075036,16,16,1
singleton_conditional_sizematched,0.47253987332112335,16,16,1
singleton_conditional_sizematched,0.4895247113997114,16,16,1
singleton_conditional_sizematched,0.49873286435786435,16,16,1
singleton_conditional_sizematched,0.42619082306582307,16,16,1
singleton_conditional_sizematched,0.43918763528138527,16,16,1
singleton_conditional_sizematched,0.6405145202020202,16,16,1
singleton_conditional_sizematched,0.38922917360417364,16,16,1
singleton_conditional_sizematched,0.5031917735042736,16,16,1
singleton_conditional_sizematched,0.5001049297924298,16,16,1
singleton_conditional_sizematched,0.5524869227994228,16,16,1
singleton_conditional_sizematched,0.4406929875679876,16,16,1
singleton_conditional_sizematched,0.6820752164502165,16,16,1
singleton_conditional_sizematched,0.46647866022866025,16,16,1
singleton_conditional_sizematched,0.24414144882894884,16,16,1
singleton_conditional_sizematched,0.5074116855366855,16,16,1
singleton_conditional_sizematched,0.36653060481185484,16,16,1
singleton_conditional_sizematched,0.5571810134310134,16,16,1
singleton_conditional_sizematched,0.4479076479076479,16,16,1
singleton_conditional_sizematched,0.6869762182262182,16,16,1
singleton_conditional_sizematched,0.5066520285270286,16,16,1
singleton_conditional_sizematched,0.5521579115329116,16,16,1
singleton_conditional_sizematched,0.4572847291597292,16,16,1
singleton_conditional_sizematched,0.36125957375957374,16,16,1
singleton_conditional_sizematched,0.5253126214063715,16,16,1
singleton_conditional_sizematched,0.577572601010101,16,16,1
singleton_conditional_sizematched,0.40908657314907315,16,16,1
singleton_conditional_sizematched,0.47916666666666663,16,16,1
singleton_conditional_sizematched,0.5019209956709957,16,16,1
singleton_conditional_sizematched,0.49060704920079923,16,16,1
singleton_conditional_sizematched,0.44460253288378293,16,16,1
singleton_conditional_sizematched,0.3869205447330447,16,16,1
singleton_conditional_sizematched,0.6703125000000001,16,16,1
singleton_conditional_sizematched,0.7198431776556776,16,16,1
singleton_conditional_sizematched,0.6711117875180375,16,16,1
singleton_conditional_sizematched,0.6356827200577201,16,16,1
singleton_conditional_sizematched,0.6024135586635586,16,16,1
singleton_conditional_sizematched,0.5407625360750361,16,16,1
singleton_conditional_sizematched,0.550843253968254,16,16,1
singleton_conditional_sizematched,0.4702482413419914,16,16,1
singleton_conditional_sizematched,0.44840593434343434,16,16,1
singleton_conditional_sizematched,0.6610025391275391,16,16,1
singleton_conditional_sizematched,0.6323863636363636,16,16,1
singleton_conditional_sizematched,0.5958144286269287,16,16,1
singleton_conditional_sizematched,0.6140216554279054,16,16,1
singleton_conditional_sizematched,0.6933927183927184,16,16,1
singleton_conditional_sizematched,0.4928290459540459,16,16,1
singleton_conditional_sizematched,0.5390873015873016,16,16,1
singleton_conditional_sizematched,0.1926700036075036,16,16,1
singleton_conditional_sizematched,0.357936507936508,16,16,1
singleton_conditional_sizematched,0.7122339466089466,16,16,1
singleton_conditional_sizematched,0.38459977522477523,16,16,1
singleton_conditional_sizematched,0.304616563991564,16,16,1
singleton_conditional_sizematched,0.5167925824175824,16,16,1
singleton_conditional_sizematched,0.5960531655844156,16,16,1
singleton_conditional_sizematched,0.4321676587301587,16,16,1
singleton_conditional_sizematched,0.4607131583694084,16,16,1
singleton_conditional_sizematched,0.5031674922299922,16,16,1
singleton_conditional_sizematched,0.6062443632756134,16,16,1
singleton_conditional_sizematched,0.3245648448773449,16,16,1
singleton_conditional_sizematched,0.5583463411588412,16,16,1
singleton_conditional_sizematched,0.508226409007659,16,16,1
singleton_conditional_sizematched,0.4547046703296703,16,16,1
singleton_conditional_sizematched,0.40268759018759015,16,16,1
singleton_conditional_sizematched,0.5012181394993895,16,16,1
singleton_conditional_sizematched,0.3348122363747364,16,16,1
singleton_conditional_sizematched,0.6143849206349206,16,16,1
singleton_conditional_sizematched,0.624758488039738,16,16,1
singleton_conditional_sizematched,0.5170863858363859,16,16,1
singleton_conditional_sizematched,0.6179671890609391,16,16,1
singleton_conditional_sizematched,0.5025062611000111,16,16,1
singleton_conditional_sizematched,0.6298274642024642,16,16,1
singleton_conditional_sizematched,0.60899283008658,16,16,1
singleton_conditional_sizematched,0.49756675616050616,16,16,1
singleton_conditional_sizematched,0.5302385982073482,16,16,1
singleton_conditional_sizematched,0.23772772366522366,16,16,1
singleton_conditional_sizematched,0.48788173631923637,16,16,1
singleton_conditional_sizematched,0.48868258477633475,16,16,1
singleton_conditional_sizematched,0.4343344155844156,16,16,1
singleton_conditional_sizematched,0.5481560973748474,16,16,1
singleton_conditional_sizematched,0.6102408008658009,16,16,1
singleton_conditional_sizematched,0.473284181096681,16,16,1
singleton_conditional_sizematched,0.28511505855255853,16,16,1
singleton_conditional_sizematched,0.4579970376845377,16,16,1
singleton_conditional_sizematched,0.48218795093795097,16,16,1
singleton_conditional_sizematched,0.6265371780996781,16,16,1
singleton_conditional_sizematched,0.41864732489732487,16,16,1
singleton_conditional_sizematched,0.49143668831168835,16,16,1
singleton_conditional_sizematched,0.3064799783549784,16,16,1
singleton_conditional_sizematched,0.6143210955710956,16,16,1
singleton_conditional_sizematched,0.39126706626706625,16,16,1
singleton_conditional_sizematched,0.5220109751359752,16,16,1
singleton_conditional_sizematched,0.21056209415584418,16,16,1
singleton_conditional_sizematched,0.7061586850649351,16,16,1
singleton_conditional_sizematched,0.6052263708513709,16,16,1
singleton_conditional_sizematched,0.49864042207792203,16,16,1
singleton_conditional_sizematched,0.6128821699134199,16,16,1
singleton_conditional_sizematched,0.6361523025585526,16,16,1
singleton_conditional_sizematched,0.49512752872127874,16,16,1
singleton_conditional_sizematched,0.5652173347485847,16,16,1
singleton_conditional_sizematched,0.5110965423465423,16,16,1
singleton_conditional_sizematched,0.3188315157065157,16,16,1
singleton_conditional_sizematched,0.6019255050505051,16,16,1
singleton_conditional_sizematched,0.34257946914196913,16,16,1
singleton_conditional_sizematched,0.4505876068376069,16,16,1
singleton_conditional_sizematched,0.5233034326784327,16,16,1
singleton_conditional_sizematched,0.6408887987012988,16,16,1
singleton_conditional_sizematched,0.2620648448773448,16,16,1
singleton_conditional_sizematched,0.582478805916306,16,16,1
singleton_conditional_sizematched,0.39802350427350425,16,16,1
singleton_conditional_sizematched,0.49237446581196587,16,16,1
singleton_conditional_sizematched,0.31301294191919193,16,16,1
singleton_conditional_sizematched,0.6536382020757021,16,16,1
singleton_conditional_sizematched,0.6261006354756354,16,16,1
singleton_conditional_sizematched,0.4875529852092352,16,16,1
singleton_conditional_sizematched,0.5980012175324676,16,16,1
singleton_conditional_sizematched,0.3201772186147186,16,16,1
singleton_conditional_sizematched,0.7005504044566544,16,16,1
singleton_conditional_sizematched,0.36765942390942385,16,16,1
singleton_conditional_sizematched,0.5669868326118326,16,16,1
singleton_conditional_sizematched,0.560579091047841,16,16,1
singleton_conditional_sizematched,0.4788183170995671,16,16,1
singleton_conditional_sizematched,0.4384875541125541,16,16,1
singleton_conditional_sizematched,0.5792992597680098,16,16,1
singleton_conditional_sizematched,0.34532403360528363,16,16,1
singleton_conditional_sizematched,0.3665426587301588,16,16,1
singleton_conditional_sizematched,0.38160624098124096,16,16,1
singleton_conditional_sizematched,0.6084249951437452,16,16,1
singleton_conditional_sizematched,0.4453846500721501,16,16,1
singleton_conditional_sizematched,0.40525568181818183,16,16,1
singleton_conditional_sizematched,0.5080967643467644,16,16,1
singleton_conditional_sizematched,0.5861159673659674,16,16,1
singleton_conditional_sizematched,0.48507551476301475,16,16,1
singleton_conditional_sizematched,0.5217764874014874,16,16,1
singleton_conditional_sizematched,0.7292429792429793,16,16,1
singleton_conditional_sizematched,0.4743066829004329,16,16,1
singleton_conditional_sizematched,0.5694380272505273,16,16,1
singleton_conditional_sizematched,0.34829770923520925,16,16,1
singleton_conditional_sizematched,0.4506561147186147,16,16,1
singleton_conditional_sizematched,0.4269044323731824,16,16,1
singleton_conditional_sizematched,0.6948083166833168,16,16,1
singleton_conditional_sizematched,0.5763068528693528,16,16,1
singleton_conditional_sizematched,0.45612217643467645,16,16,1
singleton_conditional_sizematched,0.5068452380952381,16,16,1
singleton_conditional_sizematched,0.337405303030303,16,16,1
singleton_conditional_sizematched,0.33092983405483406,16,16,1
singleton_conditional_sizematched,0.6525004509379508,16,16,1
singleton_conditional_sizematched,0.6208874458874458,16,16,1
singleton_conditional_sizematched,0.5749154491341991,16,16,1
singleton_conditional_sizematched,0.5769018308080808,16,16,1
singleton_conditional_sizematched,0.6357683982683984,16,16,1
singleton_conditional_sizematched,0.567174232017982,16,16,1
singleton_conditional_sizematched,0.3449824481074481,16,16,1
singleton_conditional_sizematched,0.41755952380952377,16,16,1
singleton_conditional_sizematched,0.3181265782828283,16,16,1
singleton_conditional_sizematched,0.6696409493284494,16,16,1
singleton_conditional_sizematched,0.4343493312243312,16,16,1
singleton_conditional_sizematched,0.4752289377289377,16,16,1
singleton_conditional_sizematched,0.45415088383838387,16,16,1
singleton_conditional_sizematched,0.39941603535353537,16,16,1
singleton_conditional_sizematched,0.6190601932789432,16,16,1
singleton_conditional_sizematched,0.4693319701132201,16,16,1
singleton_conditional_sizematched,0.4213900682650683,16,16,1
singleton_conditional_sizematched,0.5389880952380952,16,16,1
singleton_conditional_sizematched,0.3735166742979243,16,16,1
singleton_conditional_sizematched,0.41285285894660895,16,16,1
singleton_conditional_sizematched,0.3727588383838384,16,16,1
singleton_conditional_sizematched,0.5025158001720502,16,16,1
singleton_conditional_sizematched,0.540356691919192,16,16,1
singleton_conditional_sizematched,0.631145763958264,16,16,1
singleton_conditional_sizematched,0.39766865079365077,16,16,1
singleton_conditional_sizematched,0.5275240384615385,16,16,1
singleton_conditional_sizematched,0.5572086767399267,16,16,1
singleton_conditional_sizematched,0.6524364524364525,16,16,1
singleton_conditional_sizematched,0.699167846042846,16,16,1
singleton_conditional_sizematched,0.3988546176046176,16,16,1
singleton_conditional_sizematched,0.4725281662781663,16,16,1
singleton_conditional_sizematched,0.46810290404040406,16,16,1
singleton_conditional_sizematched,0.5295862123987123,16,16,1
singleton_conditional_sizematched,0.49281881313131315,16,16,1
singleton_conditional_sizematched,0.44823232323232326,16,16,1
singleton_conditional_sizematched,0.3495306776556777,16,16,1
singleton_conditional_sizematched,0.3420027888777889,16,16,1
singleton_conditional_sizematched,0.5504856254856255,16,16,1
singleton_conditional_sizematched,0.5152059745809746,16,16,1
singleton_conditional_sizematched,0.43031881313131315,16,16,1
singleton_conditional_sizematched,0.6835565476190476,16,16,1
singleton_conditional_sizematched,0.5756335678210678,16,16,1
singleton_conditional_sizematched,0.40959023615273615,16,16,1
singleton_conditional_sizematched,0.46891233766233764,16,16,1
singleton_conditional_sizematched,0.5447507353757354,16,16,1
singleton_conditional_sizematched,0.32197984307359306,16,16,1
singleton_conditional_sizematched,0.49765286796536795,16,16,1
singleton_conditional_sizematched,0.44170725108225106,16,16,1
singleton_conditional_sizematched,0.39192422161172163,16,16,1
singleton_conditional_sizematched,0.6697375541125541,16,16,1
singleton_conditional_sizematched,0.6800426136363635,16,16,1
singleton_conditional_sizematched,0.48511132964257964,16,16,1
singleton_conditional_sizematched,0.3715971528471529,16,16,1
singleton_conditional_sizematched,0.45275297619047616,16,16,1
singleton_conditional_sizematched,0.500421626984127,16,16,1
singleton_conditional_sizematched,0.4062169601232101,16,16,1
singleton_conditional_sizematched,0.7219494047619048,16,16,1
singleton_conditional_sizematched,0.42224702380952384,16,16,1
singleton_conditional_sizematched,0.5124515241702742,16,16,1
singleton_conditional_sizematched,0.3964781746031746,16,16,1
singleton_conditional_sizematched,0.25045978327228324,16,16,1
singleton_conditional_sizematched,0.5281312437562438,16,16,1
singleton_conditional_sizematched,0.45831304112554117,16,16,1
singleton_conditional_sizematched,0.5226217359029859,16,16,1
singleton_conditional_sizematched,0.7303821178821179,16,16,1
singleton_conditional_sizematched,0.6846376713564214,16,16,1
singleton_conditional_sizematched,0.6173340548340549,16,16,1
singleton_conditional_sizematched,0.43425515456765457,16,16,1
singleton_conditional_sizematched,0.5428007756132757,16,16,1
singleton_conditional_sizematched,0.5394012237762238,16,16,1
singleton_conditional_sizematched,0.4515531343656343,16,16,1
singleton_conditional_sizematched,0.5041753385503386,16,16,1
singleton_conditional_sizematched,0.3880907287157287,16,16,1
singleton_conditional_sizematched,0.42240649975024974,16,16,1
singleton_conditional_sizematched,0.4661172161172161,16,16,1
singleton_conditional_sizematched,0.6690634018759019,16,16,1
singleton_conditional_sizematched,0.5482954545454546,16,16,1
singleton_conditional_sizematched,0.5061513139638141,16,16,1
singleton_conditional_sizematched,0.5966269841269842,16,16,1
singleton_conditional_sizematched,0.6251736111111111,16,16,1
singleton_conditional_sizematched,0.4398753156565657,16,16,1
singleton_conditional_sizematched,0.33973214285714287,16,16,1
singleton_conditional_sizematched,0.5354218697968698,16,16,1
singleton_conditional_sizematched,0.5991542311854812,16,16,1
singleton_conditional_sizematched,0.45182109557109557,16,16,1
singleton_conditional_sizematched,0.39021109099234097,16,16,1
singleton_conditional_sizematched,0.5183551691364192,16,16,1
singleton_conditional_sizematched,0.36325081168831164,16,16,1
singleton_conditional_sizematched,0.5362103174603174,16,16,1
singleton_conditional_sizematched,0.3726010101010101,16,16,1
singleton_conditional_sizematched,0.33740981240981244,16,16,1
singleton_conditional_sizematched,0.606605894105894,16,16,1
singleton_conditional_sizematched,0.4118641774891775,16,16,1
singleton_conditional_sizematched,0.4659127331002331,16,16,1
singleton_conditional_sizematched,0.5446101641414142,16,16,1
singleton_conditional_sizematched,0.49462481962481963,16,16,1
singleton_conditional_sizematched,0.4357345779220779,16,16,1
singleton_conditional_sizematched,0.5803313873626375,16,16,1
singleton_conditional_sizematched,0.5234262265512266,16,16,1
singleton_conditional_sizematched,0.713181956931957,16,16,1
singleton_conditional_sizematched,0.44725292069042066,16,16,1
singleton_conditional_sizematched,0.2388640873015873,16,16,1
singleton_conditional_sizematched,0.6138528138528139,16,16,1
singleton_conditional_sizematched,0.49473980880230883,16,16,1
singleton_conditional_sizematched,0.5620220057720058,16,16,1
singleton_conditional_sizematched,0.26982956279831277,16,16,1
singleton_conditional_sizematched,0.6188778235653235,16,16,1
singleton_conditional_sizematched,0.39473079004329004,16,16,1
singleton_conditional_sizematched,0.5437342171717172,16,16,1
singleton_conditional_sizematched,0.5039906274281274,16,16,1
singleton_conditional_sizematched,0.6020585317460319,16,16,1
singleton_conditional_sizematched,0.46248759920634924,16,16,1
singleton_conditional_sizematched,0.5290560134310134,16,16,1
singleton_conditional_sizematched,0.2851856476856477,16,16,1
singleton_conditional_sizematched,0.3550213675213675,16,16,1
singleton_conditional_sizematched,0.5019782301032301,16,16,1
singleton_conditional_sizematched,0.5569613546176047,16,16,1
singleton_conditional_sizematched,0.3235660173160173,16,16,1
singleton_conditional_sizematched,0.5777056277056277,16,16,1
singleton_conditional_sizematched,0.299640376984127,16,16,1
singleton_conditional_sizematched,0.39085463147963145,16,16,1
singleton_conditional_sizematched,0.40415313852813856,16,16,1
singleton_conditional_sizematched,0.6284897394272394,16,16,1
singleton_conditional_sizematched,0.32385496447996454,16,16,1
singleton_conditional_sizematched,0.4135066322566322,16,16,1
singleton_conditional_sizematched,0.6346207611832613,16,16,1
singleton_conditional_sizematched,0.5299356893106894,16,16,1
singleton_conditional_sizematched,0.5646816724941726,16,16,1
singleton_conditional_sizematched,0.4809494325119325,16,16,1
singleton_conditional_sizematched,0.4092825577200577,16,16,1
singleton_conditional_sizematched,0.40357931998556995,16,16,1
singleton_conditional_sizematched,0.43403228715728714,16,16,1
singleton_conditional_sizematched,0.6194419295981797,16,16,1
singleton_conditional_sizematched,0.4356501137751138,16,16,1
singleton_conditional_sizematched,0.5174343885281385,16,16,1
singleton_conditional_sizematched,0.45480474386724384,16,16,1
singleton_conditional_sizematched,0.5641235500610501,16,16,1
singleton_conditional_sizematched,0.43069309163059166,16,16,1
singleton_conditional_sizematched,0.5724950396825397,16,16,1
singleton_conditional_sizematched,0.45577634171384174,16,16,1
singleton_conditional_sizematched,0.41095441017316015,16,16,1
singleton_conditional_sizematched,0.572747564935065,16,16,1
singleton_conditional_sizematched,0.5485750360750361,16,16,1
singleton_conditional_sizematched,0.6457854645354645,16,16,1
singleton_conditional_sizematched,0.4587388306138306,16,16,1
singleton_conditional_sizematched,0.457901646964147,16,16,1
singleton_conditional_sizematched,0.5226900703463204,16,16,1
singleton_conditional_sizematched,0.29173604173604173,16,16,1
singleton_conditional_sizematched,0.5058344433344434,16,16,1
singleton_conditional_sizematched,0.6392010767010767,16,16,1
singleton_conditional_sizematched,0.35104617604617605,16,16,1
singleton_conditional_sizematched,0.6204989454989455,16,16,1
singleton_conditional_sizematched,0.463386093073593,16,16,1
singleton_conditional_sizematched,0.6928933913308915,16,16,1
singleton_conditional_sizematched,0.4920816163003663,16,16,1
singleton_conditional_sizematched,0.7318799256299257,16,16,1
singleton_conditional_sizematched,0.6120941558441558,16,16,1
singleton_conditional_sizematched,0.28914817821067823,16,16,1
singleton_conditional_sizematched,0.6700558122433122,16,16,1
singleton_conditional_sizematched,0.48698367604617604,16,16,1
singleton_conditional_sizematched,0.5750744047619047,16,16,1
singleton_conditional_sizematched,0.5656994047619047,16,16,1
singleton_conditional_sizematched,0.5202000256687757,16,16,1
singleton_conditional_sizematched,0.4159483745421245,16,16,1
singleton_conditional_sizematched,0.5928354631479631,16,16,1
singleton_conditional_sizematched,0.5396634615384616,16,16,1
singleton_conditional_sizematched,0.5364053481240982,16,16,1
singleton_conditional_sizematched,0.580312049062049,16,16,1
singleton_conditional_sizematched,0.363684666028416,16,16,1
singleton_conditional_sizematched,0.26760531135531135,16,16,1
singleton_conditional_sizematched,0.3784293831168831,16,16,1
singleton_conditional_sizematched,0.37756098068598065,16,16,1
singleton_conditional_sizematched,0.5235310696248197,16,16,1
singleton_conditional_sizematched,0.6313662032412033,16,16,1
singleton_conditional_sizematched,0.39823423104673106,16,16,1
singleton_conditional_sizematched,0.4105564574314574,16,16,1
singleton_conditional_sizematched,0.4774583055833056,16,16,1
singleton_conditional_sizematched,0.3088479229104229,16,16,1
singleton_conditional_sizematched,0.5534586940836941,16,16,1
singleton_conditional_sizematched,0.6424614448051948,16,16,1
singleton_conditional_sizematched,0.4428481240981241,16,16,1
singleton_conditional_sizematched,0.5686851343101342,16,16,1
singleton_conditional_sizematched,0.6186564303751804,16,16,1
singleton_conditional_sizematched,0.6177067723942724,16,16,1
singleton_conditional_sizematched,0.39777011183261185,16,16,1
singleton_conditional_sizematched,0.4918808621933622,16,16,1
singleton_conditional_sizematched,0.6853715728715729,16,16,1
singleton_conditional_sizematched,0.5756380772005771,16,16,1
singleton_conditional_sizematched,0.49945861430236427,16,16,1
singleton_conditional_sizematched,0.595479347041847,16,16,1
singleton_conditional_sizematched,0.4041741244866245,16,16,1
singleton_conditional_sizematched,0.6205428252303252,16,16,1
singleton_conditional_sizematched,0.5889308608058608,16,16,1
singleton_conditional_sizematched,0.3626984126984127,16,16,1
singleton_conditional_sizematched,0.36274870962370964,16,16,1
singleton_conditional_sizematched,0.40124216061716067,16,16,1
singleton_conditional_sizematched,0.5246630106005107,16,16,1
singleton_conditional_sizematched,0.436686056998557,16,16,1
singleton_conditional_sizematched,0.6393849206349207,16,16,1
singleton_conditional_sizematched,0.6744282627095127,16,16,1
singleton_conditional_sizematched,0.6126047563547563,16,16,1
singleton_conditional_sizematched,0.548502886002886,16,16,1
singleton_conditional_sizematched,0.5865395021645022,16,16,1
singleton_conditional_sizematched,0.5668326465201465,16,16,1
singleton_conditional_sizematched,0.3360874368686869,16,16,1
singleton_conditional_sizematched,0.5614517427017427,16,16,1
singleton_conditional_sizematched,0.5817246989121989,16,16,1
singleton_conditional_sizematched,0.463931727994228,16,16,1
singleton_conditional_sizematched,0.47295725108225106,16,16,1
singleton_conditional_sizematched,0.6589896214896215,16,16,1
singleton_conditional_sizematched,0.36701614357864354,16,16,1
singleton_conditional_sizematched,0.4529725482850483,16,16,1
singleton_conditional_sizematched,0.48880563880563876,16,16,1
singleton_conditional_sizematched,0.40145462176712177,16,16,1
singleton_conditional_sizematched,0.5494839362026862,16,16,1
singleton_conditional_sizematched,0.4622012536075036,16,16,1
singleton_conditional_sizematched,0.34075802669552674,16,16,1
singleton_conditional_sizematched,0.6337098665223665,16,16,1
singleton_conditional_sizematched,0.4819162608225108,16,16,1
singleton_conditional_sizematched,0.32446164946164946,16,16,1
singleton_conditional_sizematched,0.6650796252358753,16,16,1
singleton_conditional_sizematched,0.5045037427849928,16,16,1
singleton_conditional_sizematched,0.4256068584193584,16,16,1
singleton_conditional_sizematched,0.6736764971139971,16,16,1
singleton_conditional_sizematched,0.28092376373626377,16,16,1
singleton_conditional_sizematched,0.7060098755411255,16,16,1
singleton_conditional_sizematched,0.5389204545454545,16,16,1
singleton_conditional_sizematched,0.43876037157287157,16,16,1
singleton_conditional_sizematched,0.3932111291486291,16,16,1
singleton_conditional_sizematched,0.5859115710678211,16,16,1
singleton_conditional_sizematched,0.4509244227994228,16,16,1
singleton_conditional_sizematched,0.35531707875457874,16,16,1
singleton_conditional_sizematched,0.43852605727605726,16,16,1
singleton_conditional_sizematched,0.5035389957264957,16,16,1
singleton_conditional_sizematched,0.49400703463203466,16,16,1
singleton_conditional_sizematched,0.3820459054834055,16,16,1
singleton_conditional_sizematched,0.6142887494449994,16,16,1
singleton_conditional_sizematched,0.5778366598679099,16,16,1
singleton_conditional_sizematched,0.4382267038517038,16,16,1
singleton_conditional_sizematched,0.44727633477633477,16,16,1
singleton_conditional_sizematched,0.5183795371295372,16,16,1
singleton_conditional_sizematched,0.6551407793595294,16,16,1
singleton_conditional_sizematched,0.45368867243867245,16,16,1
singleton_conditional_sizematched,0.38233641358641357,16,16,1
singleton_conditional_sizematched,0.3267083610833611,16,16,1
singleton_conditional_sizematched,0.6097496253746253,16,16,1
singleton_conditional_sizematched,0.6193879037629038,16,16,1
singleton_conditional_sizematched,0.5061002365689866,16,16,1
singleton_conditional_sizematched,0.5275568181818182,16,16,1
singleton_conditional_sizematched,0.4299736721611721,16,16,1
singleton_conditional_sizematched,0.5142695845820846,16,16,1
singleton_conditional_sizematched,0.5754015082140083,16,16,1
singleton_conditional_sizematched,0.6612193362193362,16,16,1
singleton_conditional_sizematched,0.4081371753246753,16,16,1
singleton_conditional_sizematched,0.5527043269230769,16,16,1
singleton_conditional_sizematched,0.5920454545454545,16,16,1
singleton_conditional_sizematched,0.4916666666666667,16,16,1
singleton_conditional_sizematched,0.7034136002886002,16,16,1
singleton_conditional_sizematched,0.393615845959596,16,16,1
singleton_conditional_sizematched,0.5745501893939393,16,16,1
singleton_conditional_sizematched,0.58651920995671,16,16,1
singleton_conditional_sizematched,0.5723935786435786,16,16,1
singleton_conditional_sizematched,0.5399125180375179,16,16,1
singleton_conditional_sizematched,0.5004464285714285,16,16,1
singleton_conditional_sizematched,0.4697711143023643,16,16,1
singleton_conditional_sizematched,0.5443272005772006,16,16,1
singleton_conditional_sizematched,0.6055927579365079,16,16,1
singleton_conditional_sizematched,0.3950940552503053,16,16,1
singleton_conditional_sizematched,0.6010912698412698,16,16,1
singleton_conditional_sizematched,0.5306965603840604,16,16,1
singleton_conditional_sizematched,0.5809952200577201,16,16,1
singleton_conditional_sizematched,0.32372679403929405,16,16,1
singleton_conditional_sizematched,0.5637045246420247,16,16,1
singleton_conditional_sizematched,0.49049648268398266,16,16,1
singleton_conditional_sizematched,0.5246448863636364,16,16,1
singleton_conditional_sizematched,0.7127764596514596,16,16,1
singleton_conditional_sizematched,0.4569805194805195,16,16,1
singleton_conditional_sizematched,0.6331593753468754,16,16,1
singleton_conditional_sizematched,0.5824472402597403,16,16,1
singleton_conditional_sizematched,0.42790967712842715,16,16,1
singleton_conditional_sizematched,0.4051361832611833,16,16,1
singleton_conditional_sizematched,0.6887334887334888,16,16,1
singleton_conditional_sizematched,0.6777200230325231,16,16,1
singleton_conditional_sizematched,0.526254387973138,16,16,1
singleton_conditional_sizematched,0.6328549922299922,16,16,1
singleton_conditional_sizematched,0.5498845772283272,16,16,1
singleton_conditional_sizematched,0.5016989087301587,16,16,1
singleton_conditional_sizematched,0.6728661963036963,16,16,1
singleton_conditional_sizematched,0.5456208721833722,16,16,1
singleton_conditional_sizematched,0.45768849206349205,16,16,1
singleton_conditional_sizematched,0.5742158882783883,16,16,1
singleton_conditional_sizematched,0.5533031204906205,16,16,1
singleton_conditional_sizematched,0.34709231740481744,16,16,1
singleton_conditional_sizematched,0.35680465367965375,16,16,1
singleton_conditional_sizematched,0.6568046536796537,16,16,1
singleton_conditional_sizematched,0.6121178300865802,16,16,1
singleton_conditional_sizematched,0.3770389332889333,16,16,1
singleton_conditional_sizematched,0.5968075327450327,16,16,1
singleton_conditional_sizematched,0.5729202221389721,16,16,1
singleton_conditional_sizematched,0.3888963467088467,16,16,1
singleton_conditional_sizematched,0.5593595640470641,16,16,1
singleton_conditional_sizematched,0.5489312770562771,16,16,1
singleton_conditional_sizematched,0.6287049755799755,16,16,1
singleton_conditional_sizematched,0.6151652167277167,16,16,1
singleton_conditional_sizematched,0.519433170995671,16,16,1
singleton_conditional_sizematched,0.5342289654789655,16,16,1
singleton_conditional_sizematched,0.49798768939393945,16,16,1
singleton_conditional_sizematched,0.468108454045954,16,16,1
singleton_conditional_sizematched,0.5911266684704185,16,16,1
singleton_conditional_sizematched,0.47314942002442,16,16,1
singleton_conditional_sizematched,0.4913419913419913,16,16,1
singleton_conditional_sizematched,0.37969877344877345,16,16,1
singleton_conditional_sizematched,0.4563304750804751,16,16,1
singleton_conditional_sizematched,0.6918183379120879,16,16,1
singleton_conditional_sizematched,0.6590955919080919,16,16,1
singleton_conditional_sizematched,0.46198029401154406,16,16,1
singleton_conditional_sizematched,0.6434320887445888,16,16,1
singleton_conditional_sizematched,0.47222985347985347,16,16,1
singleton_conditional_sizematched,0.3828802274114774,16,16,1
singleton_conditional_sizematched,0.41656173687423687,16,16,1
singleton_conditional_sizematched,0.5183621933621934,16,16,1
singleton_conditional_sizematched,0.298793740981241,16,16,1
singleton_conditional_sizematched,0.6332019542957044,16,16,1
singleton_conditional_sizematched,0.4377620643245643,16,16,1
singleton_conditional_sizematched,0.7230034722222222,16,16,1
singleton_conditional_sizematched,0.5803481240981241,16,16,1
singleton_conditional_sizematched,0.4351743742368742,16,16,1
singleton_conditional_sizematched,0.45381372100122097,16,16,1
singleton_conditional_sizematched,0.6063740079365079,16,16,1
singleton_conditional_sizematched,0.6979617604617605,16,16,1
singleton_conditional_sizematched,0.5785057824120324,16,16,1
singleton_conditional_sizematched,0.3859185952935953,16,16,1
singleton_conditional_sizematched,0.5302738927738928,16,16,1
singleton_conditional_sizematched,0.4485285547785548,16,16,1
singleton_conditional_sizematched,0.5977680305805305,16,16,1
singleton_conditional_sizematched,0.40026830808080804,16,16,1
singleton_conditional_sizematched,0.3435087481962482,16,16,1
singleton_conditional_sizematched,0.6141434953934954,16,16,1
singleton_conditional_sizematched,0.4675285651848152,16,16,1
singleton_conditional_sizematched,0.374280753968254,16,16,1
singleton_conditional_sizematched,0.4896205357142857,16,16,1
singleton_conditional_sizematched,0.47467757936507937,16,16,1
singleton_conditional_sizematched,0.6200374278499279,16,16,1
singleton_conditional_sizematched,0.6009672619047619,16,16,1
singleton_conditional_sizematched,0.45775474525474524,16,16,1
singleton_conditional_sizematched,0.480690836940837,16,16,1
singleton_conditional_sizematched,0.49188988095238095,16,16,1
singleton_conditional_sizematched,0.681053841991342,16,16,1
singleton_conditional_sizematched,0.19654694264069264,16,16,1
singleton_conditional_sizematched,0.5905440046065047,16,16,1
singleton_conditional_sizematched,0.5938604797979797,16,16,1
singleton_conditional_sizematched,0.48002570346320345,16,16,1
singleton_conditional_sizematched,0.4851324023199023,16,16,1
singleton_conditional_sizematched,0.48115192099567106,16,16,1
singleton_conditional_sizematched,0.38101100288600287,16,16,1
singleton_conditional_sizematched,0.46700487012987013,16,16,1
singleton_conditional_sizematched,0.5003248487623488,16,16,1
singleton_conditional_sizematched,0.5508912962037962,16,16,1
singleton_conditional_sizematched,0.5299930104617605,16,16,1
singleton_conditional_sizematched,0.6857905115717615,16,16,1
singleton_conditional_sizematched,0.3529940545565545,16,16,1
singleton_conditional_sizematched,0.5450200840825841,16,16,1
singleton_conditional_sizematched,0.5213173978798978,16,16,1
singleton_conditional_sizematched,0.4226539953102453,16,16,1
singleton_conditional_sizematched,0.6462083055833057,16,16,1
singleton_conditional_sizematched,0.6064341908091908,16,16,1
singleton_conditional_sizematched,0.4041046626984127,16,16,1
singleton_conditional_sizematched,0.6209344474969476,16,16,1
singleton_conditional_sizematched,0.49822330447330443,16,16,1
singleton_conditional_sizematched,0.6470193001443001,16,16,1
singleton_conditional_sizematched,0.7808407738095238,16,16,1
singleton_conditional_sizematched,0.5575976107226107,16,16,1
singleton_conditional_sizematched,0.3803788225663226,16,16,1
singleton_conditional_sizematched,0.5036471341158841,16,16,1
singleton_conditional_sizematched,0.4754960317460317,16,16,1
singleton_conditional_sizematched,0.4646586052836053,16,16,1
singleton_conditional_sizematched,0.5340706168831169,16,16,1
singleton_conditional_sizematched,0.5451453928016428,16,16,1
singleton_conditional_sizematched,0.3927624458874459,16,16,1
singleton_conditional_sizematched,0.6321247329059829,16,16,1
singleton_conditional_sizematched,0.5718592171717172,16,16,1
singleton_conditional_sizematched,0.49101037851037854,16,16,1
singleton_conditional_sizematched,0.36904675185925184,16,16,1
singleton_conditional_sizematched,0.6207904942279943,16,16,1
singleton_conditional_sizematched,0.3103490259740259,16,16,1
singleton_conditional_sizematched,0.5581304112554113,16,16,1
singleton_conditional_sizematched,0.531707702020202,16,16,1
singleton_conditional_sizematched,0.29301115551115553,16,16,1
singleton_conditional_sizematched,0.3479452838827839,16,16,1
singleton_conditional_sizematched,0.5615586670274171,16,16,1
singleton_conditional_sizematched,0.5953519570707071,16,16,1
singleton_conditional_sizematched,0.521028971028971,16,16,1
singleton_conditional_sizematched,0.3283737096237096,16,16,1
